           :-) GROMACS - gmx mdrun, 2023.3-Ubuntu_2023.3_1ubuntu3 (-:

Copyright 1991-2023 The GROMACS Authors.
GROMACS is free software; you can redistribute it and/or modify it
under the terms of the GNU Lesser General Public License
as published by the Free Software Foundation; either version 2.1
of the License, or (at your option) any later version.

                         Current GROMACS contributors:
       Mark Abraham           Andrey Alekseenko           Cathrine Bergh      
      Christian Blau            Eliane Briand             Mahesh Doijade      
    Stefan Fleischmann           Vytas Gapsys              Gaurav Garg        
      Sergey Gorelov         Gilles Gouaillardet            Alan Gray         
     M. Eric Irrgang         Farzaneh Jalalypour            Joe Jordan        
    Christoph Junghans        Prashanth Kanduri          Sebastian Keller     
     Carsten Kutzner           Justin A. Lemkul          Magnus Lundborg      
       Pascal Merz              Vedran Miletic            Dmitry Morozov      
       Szilard Pall             Roland Schulz             Michael Shirts      
     Alexey Shvetsov            Balint Soproni         David van der Spoel    
      Philip Turner             Carsten Uphoff           Alessandra Villa     
 Sebastian Wingbermuehle        Artem Zhmurov       

                         Previous GROMACS contributors:
        Emile Apol             Rossen Apostolov           James Barnett       
  Herman J.C. Berendsen          Par Bjelkmar           Viacheslav Bolnykh    
        Kevin Boyd            Aldert van Buuren          Carlo Camilloni      
     Rudi van Drunen            Anton Feenstra           Oliver Fleetwood     
     Gerrit Groenhof            Bert de Groot             Anca Hamuraru       
    Vincent Hindriksen          Victor Holanda           Aleksei Iupinov      
   Dimitrios Karkoulis           Peter Kasson             Sebastian Kehl      
        Jiri Kraus               Per Larsson              Viveca Lindahl      
      Erik Marklund           Pieter Meulenhoff           Teemu Murtola       
       Sander Pronk             Alfons Sijbers            Peter Tieleman      
       Jon Vincent             Teemu Virolainen         Christian Wennberg    
       Maarten Wolf       

                  Coordinated by the GROMACS project leaders:
                    Paul Bauer, Berk Hess, and Erik Lindahl

GROMACS:      gmx mdrun, version 2023.3-Ubuntu_2023.3_1ubuntu3
Executable:   /usr/bin/gmx
Data prefix:  /usr
Working dir:  /mnt/c/Users/Don/experiment6/diatomic-vibrations-computational-study/3_molecular_dynamics
Process ID:   8055
Command line:
  gmx mdrun -v -deffnm analysis/nvt -pin on

GROMACS version:    2023.3-Ubuntu_2023.3_1ubuntu3
Precision:          mixed
Memory model:       64 bit
MPI library:        thread_mpi
OpenMP support:     enabled (GMX_OPENMP_MAX_THREADS = 128)
GPU support:        disabled
SIMD instructions:  SSE4.1
CPU FFT library:    fftw-3.3.10-sse2-avx
GPU FFT library:    none
Multi-GPU FFT:      none
RDTSCP usage:       enabled
TNG support:        enabled
Hwloc support:      hwloc-2.8.0
Tracing support:    disabled
C compiler:         /usr/bin/cc GNU 13.2.0
C compiler flags:   -fexcess-precision=fast -funroll-all-loops -msse4.1 -Wno-missing-field-initializers -O3 -DNDEBUG
C++ compiler:       /usr/bin/c++ GNU 13.2.0
C++ compiler flags: -fexcess-precision=fast -funroll-all-loops -msse4.1 -Wno-missing-field-initializers -Wno-cast-function-type-strict SHELL:-fopenmp -O3 -DNDEBUG
BLAS library:       External - detected on the system
LAPACK library:     External - detected on the system


Running on 1 node with total 16 cores, 32 processing units
Hardware detected on host DONs-Legion-Pro7Gen10:
  CPU info:
    Vendor: AMD
    Brand:  AMD Ryzen 9 9955HX 16-Core Processor           
    Family: 26   Model: 68   Stepping: 0
    Features: aes amd apic avx avx2 avx512f avx512cd avx512bw avx512vl avx512bf16 avx512secondFMA clfsh cmov cx8 cx16 f16c fma htt lahf misalignsse mmx msr nonstop_tsc pclmuldq pdpe1gb popcnt pse rdrnd rdtscp sha sse2 sse3 sse4a sse4.1 sse4.2 ssse3
  Hardware topology: Full, with devices
    Packages, cores, and logical processors:
    [indices refer to OS logical processors]
      Package  0: [   0   1] [   2   3] [   4   5] [   6   7] [   8   9] [  10  11] [  12  13] [  14  15] [  16  17] [  18  19] [  20  21] [  22  23] [  24  25] [  26  27] [  28  29] [  30  31]
    CPU limit set by OS: -1   Recommended max number of threads: 32
    Numa nodes:
      Node  0 (33265147904 bytes mem):   0   1   2   3   4   5   6   7   8   9  10  11  12  13  14  15  16  17  18  19  20  21  22  23  24  25  26  27  28  29  30  31
      Latency:
               0
         0  1.00
    Caches:
      L1: 49152 bytes, linesize 64 bytes, assoc. 12, shared 2 ways
      L2: 1048576 bytes, linesize 64 bytes, assoc. 16, shared 2 ways
      L3: 33554432 bytes, linesize 64 bytes, assoc. 16, shared 32 ways
    PCI devices:
      0ac7:00:00.0  Id: 1414:008e  Class: 0x0302  Numa: 0
      5582:00:00.0  Id: 1af4:1043  Class: 0x0100  Numa: 0
      f828:00:00.0  Id: 1414:008e  Class: 0x0302  Numa: 0

Likely fastest SIMD instructions supported by all nodes: AVX_512
SIMD instructions selected at compile time:              SSE4.1


++++ PLEASE READ AND CITE THE FOLLOWING REFERENCE ++++
M. J. Abraham, T. Murtola, R. Schulz, S. Páll, J. C. Smith, B. Hess, E.
Lindahl
GROMACS: High performance molecular simulations through multi-level
parallelism from laptops to supercomputers
SoftwareX 1 (2015) pp. 19-25
-------- -------- --- Thank You --- -------- --------


++++ PLEASE READ AND CITE THE FOLLOWING REFERENCE ++++
S. Páll, M. J. Abraham, C. Kutzner, B. Hess, E. Lindahl
Tackling Exascale Software Challenges in Molecular Dynamics Simulations with
GROMACS
In S. Markidis & E. Laure (Eds.), Solving Software Challenges for Exascale 8759 (2015) pp. 3-27
-------- -------- --- Thank You --- -------- --------


++++ PLEASE READ AND CITE THE FOLLOWING REFERENCE ++++
S. Pronk, S. Páll, R. Schulz, P. Larsson, P. Bjelkmar, R. Apostolov, M. R.
Shirts, J. C. Smith, P. M. Kasson, D. van der Spoel, B. Hess, and E. Lindahl
GROMACS 4.5: a high-throughput and highly parallel open source molecular
simulation toolkit
Bioinformatics 29 (2013) pp. 845-54
-------- -------- --- Thank You --- -------- --------


++++ PLEASE READ AND CITE THE FOLLOWING REFERENCE ++++
B. Hess and C. Kutzner and D. van der Spoel and E. Lindahl
GROMACS 4: Algorithms for highly efficient, load-balanced, and scalable
molecular simulation
J. Chem. Theory Comput. 4 (2008) pp. 435-447
-------- -------- --- Thank You --- -------- --------


++++ PLEASE READ AND CITE THE FOLLOWING REFERENCE ++++
D. van der Spoel, E. Lindahl, B. Hess, G. Groenhof, A. E. Mark and H. J. C.
Berendsen
GROMACS: Fast, Flexible and Free
J. Comp. Chem. 26 (2005) pp. 1701-1719
-------- -------- --- Thank You --- -------- --------


++++ PLEASE READ AND CITE THE FOLLOWING REFERENCE ++++
E. Lindahl and B. Hess and D. van der Spoel
GROMACS 3.0: A package for molecular simulation and trajectory analysis
J. Mol. Mod. 7 (2001) pp. 306-317
-------- -------- --- Thank You --- -------- --------


++++ PLEASE READ AND CITE THE FOLLOWING REFERENCE ++++
H. J. C. Berendsen, D. van der Spoel and R. van Drunen
GROMACS: A message-passing parallel molecular dynamics implementation
Comp. Phys. Comm. 91 (1995) pp. 43-56
-------- -------- --- Thank You --- -------- --------

Input Parameters:
   integrator                     = md
   tinit                          = 0
   dt                             = 0.0005
   nsteps                         = 200000
   init-step                      = 0
   simulation-part                = 1
   mts                            = false
   comm-mode                      = Linear
   nstcomm                        = 100
   bd-fric                        = 0
   ld-seed                        = 1339420651
   emtol                          = 10
   emstep                         = 0.01
   niter                          = 20
   fcstep                         = 0
   nstcgsteep                     = 1000
   nbfgscorr                      = 10
   rtpi                           = 0.05
   nstxout                        = 1
   nstvout                        = 1
   nstfout                        = 0
   nstlog                         = 100
   nstcalcenergy                  = 100
   nstenergy                      = 100
   nstxout-compressed             = 0
   compressed-x-precision         = 1000
   cutoff-scheme                  = Verlet
   nstlist                        = 100
   pbc                            = xyz
   periodic-molecules             = false
   verlet-buffer-tolerance        = 0.005
   rlist                          = 1
   coulombtype                    = Cut-off
   coulomb-modifier               = Potential-shift
   rcoulomb-switch                = 0
   rcoulomb                       = 1
   epsilon-r                      = 1
   epsilon-rf                     = inf
   vdw-type                       = Cut-off
   vdw-modifier                   = Potential-shift
   rvdw-switch                    = 0
   rvdw                           = 1
   DispCorr                       = No
   table-extension                = 1
   fourierspacing                 = 0.12
   fourier-nx                     = 0
   fourier-ny                     = 0
   fourier-nz                     = 0
   pme-order                      = 4
   ewald-rtol                     = 1e-05
   ewald-rtol-lj                  = 0.001
   lj-pme-comb-rule               = Geometric
   ewald-geometry                 = 3d
   epsilon-surface                = 0
   ensemble-temperature-setting   = constant
   ensemble-temperature           = 300
   tcoupl                         = V-rescale
   nsttcouple                     = 25
   nh-chain-length                = 0
   print-nose-hoover-chain-variables = false
   pcoupl                         = No
   pcoupltype                     = Isotropic
   nstpcouple                     = -1
   tau-p                          = 1
   compressibility (3x3):
      compressibility[    0]={ 0.00000e+00,  0.00000e+00,  0.00000e+00}
      compressibility[    1]={ 0.00000e+00,  0.00000e+00,  0.00000e+00}
      compressibility[    2]={ 0.00000e+00,  0.00000e+00,  0.00000e+00}
   ref-p (3x3):
      ref-p[    0]={ 0.00000e+00,  0.00000e+00,  0.00000e+00}
      ref-p[    1]={ 0.00000e+00,  0.00000e+00,  0.00000e+00}
      ref-p[    2]={ 0.00000e+00,  0.00000e+00,  0.00000e+00}
   refcoord-scaling               = No
   posres-com (3):
      posres-com[0]= 0.00000e+00
      posres-com[1]= 0.00000e+00
      posres-com[2]= 0.00000e+00
   posres-comB (3):
      posres-comB[0]= 0.00000e+00
      posres-comB[1]= 0.00000e+00
      posres-comB[2]= 0.00000e+00
   QMMM                           = false
qm-opts:
   ngQM                           = 0
   constraint-algorithm           = Lincs
   continuation                   = false
   Shake-SOR                      = false
   shake-tol                      = 0.0001
   lincs-order                    = 4
   lincs-iter                     = 1
   lincs-warnangle                = 30
   nwall                          = 0
   wall-type                      = 9-3
   wall-r-linpot                  = -1
   wall-atomtype[0]               = -1
   wall-atomtype[1]               = -1
   wall-density[0]                = 0
   wall-density[1]                = 0
   wall-ewald-zfac                = 3
   pull                           = false
   awh                            = false
   rotation                       = false
   interactiveMD                  = false
   disre                          = No
   disre-weighting                = Conservative
   disre-mixed                    = false
   dr-fc                          = 1000
   dr-tau                         = 0
   nstdisreout                    = 100
   orire-fc                       = 0
   orire-tau                      = 0
   nstorireout                    = 100
   free-energy                    = no
   cos-acceleration               = 0
   deform (3x3):
      deform[    0]={ 0.00000e+00,  0.00000e+00,  0.00000e+00}
      deform[    1]={ 0.00000e+00,  0.00000e+00,  0.00000e+00}
      deform[    2]={ 0.00000e+00,  0.00000e+00,  0.00000e+00}
   simulated-tempering            = false
   swapcoords                     = no
   userint1                       = 0
   userint2                       = 0
   userint3                       = 0
   userint4                       = 0
   userreal1                      = 0
   userreal2                      = 0
   userreal3                      = 0
   userreal4                      = 0
   applied-forces:
     electric-field:
       x:
         E0                       = 0
         omega                    = 0
         t0                       = 0
         sigma                    = 0
       y:
         E0                       = 0
         omega                    = 0
         t0                       = 0
         sigma                    = 0
       z:
         E0                       = 0
         omega                    = 0
         t0                       = 0
         sigma                    = 0
     density-guided-simulation:
       active                     = false
       group                      = protein
       similarity-measure         = inner-product
       atom-spreading-weight      = unity
       force-constant             = 1e+09
       gaussian-transform-spreading-width = 0.2
       gaussian-transform-spreading-range-in-multiples-of-width = 4
       reference-density-filename = reference.mrc
       nst                        = 1
       normalize-densities        = true
       adaptive-force-scaling     = false
       adaptive-force-scaling-time-constant = 4
       shift-vector               = 
       transformation-matrix      = 
     qmmm-cp2k:
       active                     = false
       qmgroup                    = System
       qmmethod                   = PBE
       qmfilenames                = 
       qmcharge                   = 0
       qmmultiplicity             = 1
grpopts:
   nrdf:           3
   ref-t:         300
   tau-t:         0.1
annealing:          No
annealing-npoints:           0
   acc:	           0           0           0
   nfreeze:           N           N           N
   energygrp-flags[  0]: 0

When checking whether update groups are usable:
  Domain decomposition is not active, so there is no need for update groups
  No constraints or virtual sites are in use, so it is best not to use update groups
Using 1 MPI thread
Using 16 OpenMP threads 

System total charge: 0.000
Potential shift: LJ r^-12: -1.000e+00 r^-6: -1.000e+00, Coulomb -1e+00


Using SIMD 4x4 nonbonded short-range kernels

Using a 4x4 pair-list setup:
  updated every 100 steps, buffer 0.000 nm, rlist 1.000 nm
At tolerance 0.005 kJ/mol/ps per atom, equivalent classical 1x1 list would be:
  updated every 100 steps, buffer 0.000 nm, rlist 1.000 nm

The non-bonded pair calculation algorithm tolerates a few missing pair interactions close to the cut-off. This can lead to a systematic overestimation of the pressure due to missing LJ interactions. The error in the average pressure due to missing LJ interactions is at most 0.00 bar.
The pressure error can be controlled by setting the environment variable GMX_VERLET_BUFFER_PRESSURE_TOLERANCE to the allowed error in units of bar.

Using Geometric Lennard-Jones combination rule
Removing pbc first time

Pinning threads with an auto-selected logical cpu stride of 2

++++ PLEASE READ AND CITE THE FOLLOWING REFERENCE ++++
G. Bussi, D. Donadio and M. Parrinello
Canonical sampling through velocity rescaling
J. Chem. Phys. 126 (2007) pp. 014101
-------- -------- --- Thank You --- -------- --------

There are: 2 Atoms
Center of mass motion removal mode is Linear
We have the following groups for center of mass motion removal:
  0:  rest
Initial temperature: 0 K

Started mdrun on rank 0 Tue Feb 10 14:35:46 2026

           Step           Time
              0        0.00000

   Energies (kJ/mol)
           Bond        LJ (SR)   Coulomb (SR)      Potential    Kinetic En.
    3.87513e-02    0.00000e+00    0.00000e+00    3.87513e-02    1.53205e-03
   Total Energy  Conserved En.    Temperature Pressure (bar)
    4.02834e-02    4.02834e-02    1.22843e-01   -1.71565e+00

           Step           Time
            100        0.05000

   Energies (kJ/mol)
           Bond        LJ (SR)   Coulomb (SR)      Potential    Kinetic En.
    5.58578e-01    0.00000e+00    0.00000e+00    5.58578e-01    3.01499e-01
   Total Energy  Conserved En.    Temperature Pressure (bar)
    8.60077e-01    3.73479e-01    2.41747e+01   -6.53372e+00

           Step           Time
            200        0.10000

   Energies (kJ/mol)
           Bond        LJ (SR)   Coulomb (SR)      Potential    Kinetic En.
    1.78723e+00    0.00000e+00    0.00000e+00    1.78723e+00    8.94990e-02
   Total Energy  Conserved En.    Temperature Pressure (bar)
    1.87673e+00    6.78224e-01    7.17617e+00    1.13140e+01

           Step           Time
            300        0.15000

   Energies (kJ/mol)
           Bond        LJ (SR)   Coulomb (SR)      Potential    Kinetic En.
    3.27180e+00    0.00000e+00    0.00000e+00    3.27180e+00    2.49763e-01
   Total Energy  Conserved En.    Temperature Pressure (bar)
    3.52156e+00    8.69052e-01    2.00264e+01   -1.62280e+01

           Step           Time
            400        0.20000

   Energies (kJ/mol)
           Bond        LJ (SR)   Coulomb (SR)      Potential    Kinetic En.
    7.65085e-01    0.00000e+00    0.00000e+00    7.65085e-01    7.64036e-01
   Total Energy  Conserved En.    Temperature Pressure (bar)
    1.52912e+00    3.51161e-01    6.12616e+01    7.59449e+00

           Step           Time
            500        0.25000

   Energies (kJ/mol)
           Bond        LJ (SR)   Coulomb (SR)      Potential    Kinetic En.
    1.01824e+00    0.00000e+00    0.00000e+00    1.01824e+00    5.24158e-01
   Total Energy  Conserved En.    Temperature Pressure (bar)
    1.54240e+00    4.90038e-01    4.20278e+01   -8.84697e+00

           Step           Time
            600        0.30000

   Energies (kJ/mol)
           Bond        LJ (SR)   Coulomb (SR)      Potential    Kinetic En.
    2.69694e-02    0.00000e+00    0.00000e+00    2.69694e-02    1.19642e+00
   Total Energy  Conserved En.    Temperature Pressure (bar)
    1.22339e+00   -9.57619e-02    9.59306e+01   -1.22362e+00

           Step           Time
            700        0.35000

   Energies (kJ/mol)
           Bond        LJ (SR)   Coulomb (SR)      Potential    Kinetic En.
    8.71320e-01    0.00000e+00    0.00000e+00    8.71320e-01    4.60051e+00
   Total Energy  Conserved En.    Temperature Pressure (bar)
    5.47183e+00   -7.04231e-02    3.68876e+02    8.74986e+00

           Step           Time
            800        0.40000

   Energies (kJ/mol)
           Bond        LJ (SR)   Coulomb (SR)      Potential    Kinetic En.
    1.56258e+00    0.00000e+00    0.00000e+00    1.56258e+00    2.31578e+00
   Total Energy  Conserved En.    Temperature Pressure (bar)
    3.87836e+00   -2.80035e-01    1.85683e+02   -1.07233e+01

           Step           Time
            900        0.45000

   Energies (kJ/mol)
           Bond        LJ (SR)   Coulomb (SR)      Potential    Kinetic En.
    1.75454e+00    0.00000e+00    0.00000e+00    1.75454e+00    2.01470e+00
   Total Energy  Conserved En.    Temperature Pressure (bar)
    3.76924e+00   -2.52489e-01    1.61542e+02    1.15460e+01

           Step           Time
           1000        0.50000

   Energies (kJ/mol)
           Bond        LJ (SR)   Coulomb (SR)      Potential    Kinetic En.
    1.37607e+00    0.00000e+00    0.00000e+00    1.37607e+00    2.94736e+00
   Total Energy  Conserved En.    Temperature Pressure (bar)
    4.32343e+00   -2.17381e-02    2.36324e+02   -9.91353e+00

           Step           Time
           1100        0.55000

   Energies (kJ/mol)
           Bond        LJ (SR)   Coulomb (SR)      Potential    Kinetic En.
    1.24087e+00    0.00000e+00    0.00000e+00    1.24087e+00    4.85583e+00
   Total Energy  Conserved En.    Temperature Pressure (bar)
    6.09669e+00    2.85923e-01    3.89348e+02    1.02973e+01

           Step           Time
           1200        0.60000

   Energies (kJ/mol)
           Bond        LJ (SR)   Coulomb (SR)      Potential    Kinetic En.
    6.92771e-01    0.00000e+00    0.00000e+00    6.92771e-01    7.22773e+00
   Total Energy  Conserved En.    Temperature Pressure (bar)
    7.92050e+00    7.08724e-01    5.79530e+02   -6.09648e+00

           Step           Time
           1300        0.65000

   Energies (kJ/mol)
           Bond        LJ (SR)   Coulomb (SR)      Potential    Kinetic En.
    2.90609e+00    0.00000e+00    0.00000e+00    2.90609e+00    7.85102e+00
   Total Energy  Conserved En.    Temperature Pressure (bar)
    1.07571e+01    2.61548e-01    6.29507e+02    1.56569e+01

           Step           Time
           1400        0.70000

   Energies (kJ/mol)
           Bond        LJ (SR)   Coulomb (SR)      Potential    Kinetic En.
    2.80266e+00    0.00000e+00    0.00000e+00    2.80266e+00    3.82899e+00
   Total Energy  Conserved En.    Temperature Pressure (bar)
    6.63165e+00    3.40352e-02    3.07015e+02   -1.43583e+01

           Step           Time
           1500        0.75000

   Energies (kJ/mol)
           Bond        LJ (SR)   Coulomb (SR)      Potential    Kinetic En.
    6.28935e+00    0.00000e+00    0.00000e+00    6.28935e+00    6.75754e+00
   Total Energy  Conserved En.    Temperature Pressure (bar)
    1.30469e+01    1.93189e-01    5.41830e+02    2.18559e+01

           Step           Time
           1600        0.80000

   Energies (kJ/mol)
           Bond        LJ (SR)   Coulomb (SR)      Potential    Kinetic En.
    7.32943e+00    0.00000e+00    0.00000e+00    7.32943e+00    6.09766e+00
   Total Energy  Conserved En.    Temperature Pressure (bar)
    1.34271e+01    2.72434e-01    4.88920e+02   -2.37196e+01

           Step           Time
           1700        0.85000

   Energies (kJ/mol)
           Bond        LJ (SR)   Coulomb (SR)      Potential    Kinetic En.
    1.03714e+01    0.00000e+00    0.00000e+00    1.03714e+01    1.94227e+00
   Total Energy  Conserved En.    Temperature Pressure (bar)
    1.23136e+01   -5.18640e-01    1.55734e+02    2.65042e+01

           Step           Time
           1800        0.90000

   Energies (kJ/mol)
           Bond        LJ (SR)   Coulomb (SR)      Potential    Kinetic En.
    8.88247e+00    0.00000e+00    0.00000e+00    8.88247e+00    1.95145e+00
   Total Energy  Conserved En.    Temperature Pressure (bar)
    1.08339e+01   -2.41566e-01    1.56470e+02   -2.70763e+01

           Step           Time
           1900        0.95000

   Energies (kJ/mol)
           Bond        LJ (SR)   Coulomb (SR)      Potential    Kinetic En.
    8.18638e+00    0.00000e+00    0.00000e+00    8.18638e+00    1.08109e+00
   Total Energy  Conserved En.    Temperature Pressure (bar)
    9.26747e+00   -3.80784e-01    8.66836e+01    2.36137e+01

           Step           Time
           2000        1.00000

   Energies (kJ/mol)
           Bond        LJ (SR)   Coulomb (SR)      Potential    Kinetic En.
    5.13617e+00    0.00000e+00    0.00000e+00    5.13617e+00    3.90408e-01
   Total Energy  Conserved En.    Temperature Pressure (bar)
    5.52658e+00   -6.49466e-01    3.13035e+01   -2.04986e+01

           Step           Time
           2100        1.05000

   Energies (kJ/mol)
           Bond        LJ (SR)   Coulomb (SR)      Potential    Kinetic En.
    5.15280e+00    0.00000e+00    0.00000e+00    5.15280e+00    6.39359e-01
   Total Energy  Conserved En.    Temperature Pressure (bar)
    5.79216e+00   -3.89102e-01    5.12648e+01    1.89288e+01

           Step           Time
           2200        1.10000

   Energies (kJ/mol)
           Bond        LJ (SR)   Coulomb (SR)      Potential    Kinetic En.
    5.96121e+00    0.00000e+00    0.00000e+00    5.96121e+00    1.49766e-01
   Total Energy  Conserved En.    Temperature Pressure (bar)
    6.11097e+00   -6.15097e-01    1.20085e+01   -2.22045e+01

           Step           Time
           2300        1.15000

   Energies (kJ/mol)
           Bond        LJ (SR)   Coulomb (SR)      Potential    Kinetic En.
    8.60364e+00    0.00000e+00    0.00000e+00    8.60364e+00    2.21360e-01
   Total Energy  Conserved En.    Temperature Pressure (bar)
    8.82500e+00   -7.33345e-01    1.77490e+01    2.40181e+01

           Step           Time
           2400        1.20000

   Energies (kJ/mol)
           Bond        LJ (SR)   Coulomb (SR)      Potential    Kinetic En.
    9.87796e+00    0.00000e+00    0.00000e+00    9.87796e+00    3.54696e-01
   Total Energy  Conserved En.    Temperature Pressure (bar)
    1.02327e+01   -6.61253e-01    2.84401e+01   -2.89362e+01

           Step           Time
           2500        1.25000

   Energies (kJ/mol)
           Bond        LJ (SR)   Coulomb (SR)      Potential    Kinetic En.
    1.24633e+01    0.00000e+00    0.00000e+00    1.24633e+01    5.34386e-01
   Total Energy  Conserved En.    Temperature Pressure (bar)
    1.29977e+01   -4.98040e-01    4.28479e+01    2.85895e+01

           Step           Time
           2600        1.30000

   Energies (kJ/mol)
           Bond        LJ (SR)   Coulomb (SR)      Potential    Kinetic En.
    7.53414e+00    0.00000e+00    0.00000e+00    7.53414e+00    1.16034e+00
   Total Energy  Conserved En.    Temperature Pressure (bar)
    8.69448e+00   -1.17072e+00    9.30382e+01   -2.49351e+01

           Step           Time
           2700        1.35000

   Energies (kJ/mol)
           Bond        LJ (SR)   Coulomb (SR)      Potential    Kinetic En.
    7.56018e+00    0.00000e+00    0.00000e+00    7.56018e+00    2.14161e+00
   Total Energy  Conserved En.    Temperature Pressure (bar)
    9.70179e+00   -1.32243e+00    1.71718e+02    2.29364e+01

           Step           Time
           2800        1.40000

   Energies (kJ/mol)
           Bond        LJ (SR)   Coulomb (SR)      Potential    Kinetic En.
    4.50505e+00    0.00000e+00    0.00000e+00    4.50505e+00    3.52497e+00
   Total Energy  Conserved En.    Temperature Pressure (bar)
    8.03002e+00   -1.91940e+00    2.82638e+02   -1.85986e+01

           Step           Time
           2900        1.45000

   Energies (kJ/mol)
           Bond        LJ (SR)   Coulomb (SR)      Potential    Kinetic En.
    2.28149e+00    0.00000e+00    0.00000e+00    2.28149e+00    1.75126e+00
   Total Energy  Conserved En.    Temperature Pressure (bar)
    4.03275e+00   -1.92397e+00    1.40419e+02    1.30231e+01

           Step           Time
           3000        1.50000

   Energies (kJ/mol)
           Bond        LJ (SR)   Coulomb (SR)      Potential    Kinetic En.
    6.66808e+00    0.00000e+00    0.00000e+00    6.66808e+00    8.70758e-01
   Total Energy  Conserved En.    Temperature Pressure (bar)
    7.53884e+00   -1.12987e+00    6.98187e+01   -2.34237e+01

           Step           Time
           3100        1.55000

   Energies (kJ/mol)
           Bond        LJ (SR)   Coulomb (SR)      Potential    Kinetic En.
    3.88838e+00    0.00000e+00    0.00000e+00    3.88838e+00    1.38058e+00
   Total Energy  Conserved En.    Temperature Pressure (bar)
    5.26896e+00   -1.55216e+00    1.10697e+02    1.66876e+01

           Step           Time
           3200        1.60000

   Energies (kJ/mol)
           Bond        LJ (SR)   Coulomb (SR)      Potential    Kinetic En.
    3.64379e+00    0.00000e+00    0.00000e+00    3.64379e+00    1.13302e+00
   Total Energy  Conserved En.    Temperature Pressure (bar)
    4.77681e+00   -1.42581e+00    9.08470e+01   -1.70084e+01

           Step           Time
           3300        1.65000

   Energies (kJ/mol)
           Bond        LJ (SR)   Coulomb (SR)      Potential    Kinetic En.
    3.13266e+00    0.00000e+00    0.00000e+00    3.13266e+00    1.18132e+00
   Total Energy  Conserved En.    Temperature Pressure (bar)
    4.31398e+00   -1.41486e+00    9.47199e+01    1.50302e+01

           Step           Time
           3400        1.70000

   Energies (kJ/mol)
           Bond        LJ (SR)   Coulomb (SR)      Potential    Kinetic En.
    4.61005e+00    0.00000e+00    0.00000e+00    4.61005e+00    3.14442e+00
   Total Energy  Conserved En.    Temperature Pressure (bar)
    7.75447e+00   -1.41783e+00    2.52125e+02   -1.88961e+01

           Step           Time
           3500        1.75000

   Energies (kJ/mol)
           Bond        LJ (SR)   Coulomb (SR)      Potential    Kinetic En.
    1.32831e+00    0.00000e+00    0.00000e+00    1.32831e+00    2.11630e+00
   Total Energy  Conserved En.    Temperature Pressure (bar)
    3.44461e+00   -1.77432e+00    1.69689e+02    1.01433e+01

           Step           Time
           3600        1.80000

   Energies (kJ/mol)
           Bond        LJ (SR)   Coulomb (SR)      Potential    Kinetic En.
    2.36288e+00    0.00000e+00    0.00000e+00    2.36288e+00    2.05240e+00
   Total Energy  Conserved En.    Temperature Pressure (bar)
    4.41528e+00   -1.57344e+00    1.64565e+02   -1.34004e+01

           Step           Time
           3700        1.85000

   Energies (kJ/mol)
           Bond        LJ (SR)   Coulomb (SR)      Potential    Kinetic En.
    1.21560e+00    0.00000e+00    0.00000e+00    1.21560e+00    5.49631e-01
   Total Energy  Conserved En.    Temperature Pressure (bar)
    1.76523e+00   -1.42006e+00    4.40703e+01    9.45784e+00

           Step           Time
           3800        1.90000

   Energies (kJ/mol)
           Bond        LJ (SR)   Coulomb (SR)      Potential    Kinetic En.
    6.68764e-01    0.00000e+00    0.00000e+00    6.68764e-01    2.97621e-01
   Total Energy  Conserved En.    Temperature Pressure (bar)
    9.66384e-01   -1.42243e+00    2.38637e+01   -7.16471e+00

           Step           Time
           3900        1.95000

   Energies (kJ/mol)
           Bond        LJ (SR)   Coulomb (SR)      Potential    Kinetic En.
    2.50805e+00    0.00000e+00    0.00000e+00    2.50805e+00    4.35933e+00
   Total Energy  Conserved En.    Temperature Pressure (bar)
    6.86738e+00   -1.21465e+00    3.49538e+02    1.40708e+01

           Step           Time
           4000        2.00000

   Energies (kJ/mol)
           Bond        LJ (SR)   Coulomb (SR)      Potential    Kinetic En.
    1.74024e-01    0.00000e+00    0.00000e+00    1.74024e-01    7.95182e+00
   Total Energy  Conserved En.    Temperature Pressure (bar)
    8.12584e+00   -2.19777e+00    6.37589e+02   -2.27674e+00

           Step           Time
           4100        2.05000

   Energies (kJ/mol)
           Bond        LJ (SR)   Coulomb (SR)      Potential    Kinetic En.
    8.67469e-03    0.00000e+00    0.00000e+00    8.67469e-03    5.63925e+00
   Total Energy  Conserved En.    Temperature Pressure (bar)
    5.64793e+00   -2.42500e+00    4.52164e+02    1.65249e-01

           Step           Time
           4200        2.10000

   Energies (kJ/mol)
           Bond        LJ (SR)   Coulomb (SR)      Potential    Kinetic En.
    1.51995e-02    0.00000e+00    0.00000e+00    1.51995e-02    5.30825e+00
   Total Energy  Conserved En.    Temperature Pressure (bar)
    5.32345e+00   -2.33019e+00    4.25624e+02    1.98601e+00

           Step           Time
           4300        2.15000

   Energies (kJ/mol)
           Bond        LJ (SR)   Coulomb (SR)      Potential    Kinetic En.
    1.97533e-01    0.00000e+00    0.00000e+00    1.97533e-01    3.86114e+00
   Total Energy  Conserved En.    Temperature Pressure (bar)
    4.05867e+00   -2.02677e+00    3.09592e+02    4.49270e+00

           Step           Time
           4400        2.20000

   Energies (kJ/mol)
           Bond        LJ (SR)   Coulomb (SR)      Potential    Kinetic En.
    1.11219e+00    0.00000e+00    0.00000e+00    1.11219e+00    2.11488e+00
   Total Energy  Conserved En.    Temperature Pressure (bar)
    3.22707e+00   -1.58739e+00    1.69574e+02   -8.98333e+00

           Step           Time
           4500        2.25000

   Energies (kJ/mol)
           Bond        LJ (SR)   Coulomb (SR)      Potential    Kinetic En.
    2.44308e-02    0.00000e+00    0.00000e+00    2.44308e-02    1.44558e+00
   Total Energy  Conserved En.    Temperature Pressure (bar)
    1.47001e+00   -1.97765e+00    1.15909e+02    1.60295e+00

           Step           Time
           4600        2.30000

   Energies (kJ/mol)
           Bond        LJ (SR)   Coulomb (SR)      Potential    Kinetic En.
    1.19140e-01    0.00000e+00    0.00000e+00    1.19140e-01    6.97466e-01
   Total Energy  Conserved En.    Temperature Pressure (bar)
    8.16606e-01   -1.85626e+00    5.59239e+01   -2.89694e+00

           Step           Time
           4700        2.35000

   Energies (kJ/mol)
           Bond        LJ (SR)   Coulomb (SR)      Potential    Kinetic En.
    4.04761e-01    0.00000e+00    0.00000e+00    4.04761e-01    8.47021e-01
   Total Energy  Conserved En.    Temperature Pressure (bar)
    1.25178e+00   -1.77461e+00    6.79155e+01    5.60049e+00

           Step           Time
           4800        2.40000

   Energies (kJ/mol)
           Bond        LJ (SR)   Coulomb (SR)      Potential    Kinetic En.
    2.12874e-04    0.00000e+00    0.00000e+00    2.12874e-04    1.39984e+00
   Total Energy  Conserved En.    Temperature Pressure (bar)
    1.40005e+00   -2.03984e+00    1.12241e+02    3.68779e-01

           Step           Time
           4900        2.45000

   Energies (kJ/mol)
           Bond        LJ (SR)   Coulomb (SR)      Potential    Kinetic En.
    8.86588e-01    0.00000e+00    0.00000e+00    8.86588e-01    2.56830e+00
   Total Energy  Conserved En.    Temperature Pressure (bar)
    3.45489e+00   -2.15448e+00    2.05931e+02   -7.88463e+00

           Step           Time
           5000        2.50000

   Energies (kJ/mol)
           Bond        LJ (SR)   Coulomb (SR)      Potential    Kinetic En.
    3.35925e-01    0.00000e+00    0.00000e+00    3.35925e-01    7.95956e-01
   Total Energy  Conserved En.    Temperature Pressure (bar)
    1.13188e+00   -2.14861e+00    6.38210e+01    5.11197e+00

           Step           Time
           5100        2.55000

   Energies (kJ/mol)
           Bond        LJ (SR)   Coulomb (SR)      Potential    Kinetic En.
    6.32127e-01    0.00000e+00    0.00000e+00    6.32127e-01    1.56837e+00
   Total Energy  Conserved En.    Temperature Pressure (bar)
    2.20050e+00   -2.04724e+00    1.25754e+02   -6.74133e+00

           Step           Time
           5200        2.60000

   Energies (kJ/mol)
           Bond        LJ (SR)   Coulomb (SR)      Potential    Kinetic En.
    2.17298e+00    0.00000e+00    0.00000e+00    2.17298e+00    4.29797e-02
   Total Energy  Conserved En.    Temperature Pressure (bar)
    2.21596e+00   -2.42897e+00    3.44618e+00    1.24307e+01

           Step           Time
           5300        2.65000

   Energies (kJ/mol)
           Bond        LJ (SR)   Coulomb (SR)      Potential    Kinetic En.
    4.88490e+00    0.00000e+00    0.00000e+00    4.88490e+00    2.19170e-01
   Total Energy  Conserved En.    Temperature Pressure (bar)
    5.10407e+00   -2.55767e+00    1.75734e+01   -1.99973e+01

           Step           Time
           5400        2.70000

   Energies (kJ/mol)
           Bond        LJ (SR)   Coulomb (SR)      Potential    Kinetic En.
    1.85843e+00    0.00000e+00    0.00000e+00    1.85843e+00    6.34954e-01
   Total Energy  Conserved En.    Temperature Pressure (bar)
    2.49339e+00   -3.07140e+00    5.09116e+01    1.16250e+01

           Step           Time
           5500        2.75000

   Energies (kJ/mol)
           Bond        LJ (SR)   Coulomb (SR)      Potential    Kinetic En.
    2.32981e+00    0.00000e+00    0.00000e+00    2.32981e+00    7.02254e-02
   Total Energy  Conserved En.    Temperature Pressure (bar)
    2.40003e+00   -2.64833e+00    5.63078e+00   -1.36438e+01

           Step           Time
           5600        2.80000

   Energies (kJ/mol)
           Bond        LJ (SR)   Coulomb (SR)      Potential    Kinetic En.
    3.92674e+00    0.00000e+00    0.00000e+00    3.92674e+00    1.61566e-01
   Total Energy  Conserved En.    Temperature Pressure (bar)
    4.08831e+00   -2.33763e+00    1.29546e+01    1.65543e+01

           Step           Time
           5700        2.85000

   Energies (kJ/mol)
           Bond        LJ (SR)   Coulomb (SR)      Potential    Kinetic En.
    4.58831e+00    0.00000e+00    0.00000e+00    4.58831e+00    2.72302e-01
   Total Energy  Conserved En.    Temperature Pressure (bar)
    4.86061e+00   -2.17109e+00    2.18336e+01   -1.93452e+01

           Step           Time
           5800        2.90000

   Energies (kJ/mol)
           Bond        LJ (SR)   Coulomb (SR)      Potential    Kinetic En.
    5.18652e+00    0.00000e+00    0.00000e+00    5.18652e+00    2.01925e-01
   Total Energy  Conserved En.    Temperature Pressure (bar)
    5.38845e+00   -2.14250e+00    1.61906e+01    1.89117e+01

           Step           Time
           5900        2.95000

   Energies (kJ/mol)
           Bond        LJ (SR)   Coulomb (SR)      Potential    Kinetic En.
    3.61625e+00    0.00000e+00    0.00000e+00    3.61625e+00    7.76093e-01
   Total Energy  Conserved En.    Temperature Pressure (bar)
    4.39234e+00   -1.65347e+00    6.22284e+01   -1.70026e+01

           Step           Time
           6000        3.00000

   Energies (kJ/mol)
           Bond        LJ (SR)   Coulomb (SR)      Potential    Kinetic En.
    5.57052e+00    0.00000e+00    0.00000e+00    5.57052e+00    4.32457e-01
   Total Energy  Conserved En.    Temperature Pressure (bar)
    6.00298e+00   -1.76311e+00    3.46750e+01    1.96041e+01

           Step           Time
           6100        3.05000

   Energies (kJ/mol)
           Bond        LJ (SR)   Coulomb (SR)      Potential    Kinetic En.
    8.50498e+00    0.00000e+00    0.00000e+00    8.50498e+00    2.11482e-01
   Total Energy  Conserved En.    Temperature Pressure (bar)
    8.71646e+00   -2.14220e+00    1.69570e+01   -2.67560e+01

           Step           Time
           6200        3.10000

   Energies (kJ/mol)
           Bond        LJ (SR)   Coulomb (SR)      Potential    Kinetic En.
    3.51637e+00    0.00000e+00    0.00000e+00    3.51637e+00    7.05658e-02
   Total Energy  Conserved En.    Temperature Pressure (bar)
    3.58693e+00   -1.91665e+00    5.65807e+00    1.56857e+01

           Step           Time
           6300        3.15000

   Energies (kJ/mol)
           Bond        LJ (SR)   Coulomb (SR)      Potential    Kinetic En.
    1.37497e+00    0.00000e+00    0.00000e+00    1.37497e+00    1.25354e-01
   Total Energy  Conserved En.    Temperature Pressure (bar)
    1.50032e+00   -2.09652e+00    1.00511e+01   -1.03974e+01

           Step           Time
           6400        3.20000

   Energies (kJ/mol)
           Bond        LJ (SR)   Coulomb (SR)      Potential    Kinetic En.
    1.97052e+00    0.00000e+00    0.00000e+00    1.97052e+00    1.57053e-01
   Total Energy  Conserved En.    Temperature Pressure (bar)
    2.12757e+00   -2.01415e+00    1.25927e+01    1.18747e+01

           Step           Time
           6500        3.25000

   Energies (kJ/mol)
           Bond        LJ (SR)   Coulomb (SR)      Potential    Kinetic En.
    1.22353e+00    0.00000e+00    0.00000e+00    1.22353e+00    4.27436e-02
   Total Energy  Conserved En.    Temperature Pressure (bar)
    1.26628e+00   -1.94903e+00    3.42725e+00   -9.80846e+00

           Step           Time
           6600        3.30000

   Energies (kJ/mol)
           Bond        LJ (SR)   Coulomb (SR)      Potential    Kinetic En.
    3.55130e+00    0.00000e+00    0.00000e+00    3.55130e+00    7.10999e-02
   Total Energy  Conserved En.    Temperature Pressure (bar)
    3.62240e+00   -1.83547e+00    5.70090e+00    1.57604e+01

           Step           Time
           6700        3.35000

   Energies (kJ/mol)
           Bond        LJ (SR)   Coulomb (SR)      Potential    Kinetic En.
    3.86013e+00    0.00000e+00    0.00000e+00    3.86013e+00    9.49567e-02
   Total Energy  Conserved En.    Temperature Pressure (bar)
    3.95509e+00   -1.62107e+00    7.61377e+00   -1.77103e+01

           Step           Time
           6800        3.40000

   Energies (kJ/mol)
           Bond        LJ (SR)   Coulomb (SR)      Potential    Kinetic En.
    4.90637e+00    0.00000e+00    0.00000e+00    4.90637e+00    4.64722e-01
   Total Energy  Conserved En.    Temperature Pressure (bar)
    5.37109e+00   -1.21058e+00    3.72621e+01    1.84641e+01

           Step           Time
           6900        3.45000

   Energies (kJ/mol)
           Bond        LJ (SR)   Coulomb (SR)      Potential    Kinetic En.
    3.66892e+00    0.00000e+00    0.00000e+00    3.66892e+00    9.83199e-02
   Total Energy  Conserved En.    Temperature Pressure (bar)
    3.76724e+00   -1.42738e+00    7.88344e+00   -1.72488e+01

           Step           Time
           7000        3.50000

   Energies (kJ/mol)
           Bond        LJ (SR)   Coulomb (SR)      Potential    Kinetic En.
    3.20920e+00    0.00000e+00    0.00000e+00    3.20920e+00    1.31091e-01
   Total Energy  Conserved En.    Temperature Pressure (bar)
    3.34029e+00   -1.30210e+00    1.05111e+01    1.50219e+01

           Step           Time
           7100        3.55000

   Energies (kJ/mol)
           Bond        LJ (SR)   Coulomb (SR)      Potential    Kinetic En.
    2.42094e+00    0.00000e+00    0.00000e+00    2.42094e+00    9.47881e-02
   Total Energy  Conserved En.    Temperature Pressure (bar)
    2.51573e+00   -1.29674e+00    7.60026e+00   -1.39121e+01

           Step           Time
           7200        3.60000

   Energies (kJ/mol)
           Bond        LJ (SR)   Coulomb (SR)      Potential    Kinetic En.
    4.66224e+00    0.00000e+00    0.00000e+00    4.66224e+00    2.17140e-01
   Total Energy  Conserved En.    Temperature Pressure (bar)
    4.87938e+00   -1.15012e+00    1.74106e+01    1.79790e+01

           Step           Time
           7300        3.65000

   Energies (kJ/mol)
           Bond        LJ (SR)   Coulomb (SR)      Potential    Kinetic En.
    4.99883e+00    0.00000e+00    0.00000e+00    4.99883e+00    1.39416e-01
   Total Energy  Conserved En.    Temperature Pressure (bar)
    5.13824e+00   -1.38512e+00    1.11786e+01   -2.02533e+01

           Step           Time
           7400        3.70000

   Energies (kJ/mol)
           Bond        LJ (SR)   Coulomb (SR)      Potential    Kinetic En.
    6.68191e+00    0.00000e+00    0.00000e+00    6.68191e+00    2.63505e-01
   Total Energy  Conserved En.    Temperature Pressure (bar)
    6.94541e+00   -1.33195e+00    2.11282e+01    2.13340e+01

           Step           Time
           7500        3.75000

   Energies (kJ/mol)
           Bond        LJ (SR)   Coulomb (SR)      Potential    Kinetic En.
    3.80867e+00    0.00000e+00    0.00000e+00    3.80867e+00    6.46186e-01
   Total Energy  Conserved En.    Temperature Pressure (bar)
    4.45485e+00   -1.57769e+00    5.18122e+01   -1.74920e+01

           Step           Time
           7600        3.80000

   Energies (kJ/mol)
           Bond        LJ (SR)   Coulomb (SR)      Potential    Kinetic En.
    2.56282e+00    0.00000e+00    0.00000e+00    2.56282e+00    3.18033e-01
   Total Energy  Conserved En.    Temperature Pressure (bar)
    2.88086e+00   -1.51643e+00    2.55004e+01    1.35117e+01

           Step           Time
           7700        3.85000

   Energies (kJ/mol)
           Bond        LJ (SR)   Coulomb (SR)      Potential    Kinetic En.
    2.81461e+00    0.00000e+00    0.00000e+00    2.81461e+00    1.79249e+00
   Total Energy  Conserved En.    Temperature Pressure (bar)
    4.60711e+00   -1.69280e+00    1.43725e+02   -1.47436e+01

           Step           Time
           7800        3.90000

   Energies (kJ/mol)
           Bond        LJ (SR)   Coulomb (SR)      Potential    Kinetic En.
    1.95494e+00    0.00000e+00    0.00000e+00    1.95494e+00    1.52635e+00
   Total Energy  Conserved En.    Temperature Pressure (bar)
    3.48129e+00   -1.62644e+00    1.22385e+02    1.20659e+01

           Step           Time
           7900        3.95000

   Energies (kJ/mol)
           Bond        LJ (SR)   Coulomb (SR)      Potential    Kinetic En.
    6.69531e-01    0.00000e+00    0.00000e+00    6.69531e-01    5.43252e+00
   Total Energy  Conserved En.    Temperature Pressure (bar)
    6.10206e+00   -2.16697e+00    4.35588e+02   -6.28071e+00

           Step           Time
           8000        4.00000

   Energies (kJ/mol)
           Bond        LJ (SR)   Coulomb (SR)      Potential    Kinetic En.
    2.35052e+00    0.00000e+00    0.00000e+00    2.35052e+00    4.83132e+00
   Total Energy  Conserved En.    Temperature Pressure (bar)
    7.18184e+00   -1.61093e+00    3.87383e+02    1.37409e+01

           Step           Time
           8100        4.05000

   Energies (kJ/mol)
           Bond        LJ (SR)   Coulomb (SR)      Potential    Kinetic En.
    5.17144e-01    0.00000e+00    0.00000e+00    5.17144e-01    6.43949e+00
   Total Energy  Conserved En.    Temperature Pressure (bar)
    6.95663e+00   -2.30328e+00    5.16328e+02   -5.21954e+00

           Step           Time
           8200        4.10000

   Energies (kJ/mol)
           Bond        LJ (SR)   Coulomb (SR)      Potential    Kinetic En.
    5.90719e-02    0.00000e+00    0.00000e+00    5.90719e-02    3.63061e+00
   Total Energy  Conserved En.    Temperature Pressure (bar)
    3.68968e+00   -2.36315e+00    2.91108e+02    2.72808e+00

           Step           Time
           8300        4.15000

   Energies (kJ/mol)
           Bond        LJ (SR)   Coulomb (SR)      Potential    Kinetic En.
    8.74939e-02    0.00000e+00    0.00000e+00    8.74939e-02    2.05537e+00
   Total Energy  Conserved En.    Temperature Pressure (bar)
    2.14286e+00   -2.24538e+00    1.64803e+02   -2.22789e+00

           Step           Time
           8400        4.20000

   Energies (kJ/mol)
           Bond        LJ (SR)   Coulomb (SR)      Potential    Kinetic En.
    2.20637e-01    0.00000e+00    0.00000e+00    2.20637e-01    2.10564e+00
   Total Energy  Conserved En.    Temperature Pressure (bar)
    2.32627e+00   -2.11574e+00    1.68833e+02    4.40449e+00

           Step           Time
           8500        4.25000

   Energies (kJ/mol)
           Bond        LJ (SR)   Coulomb (SR)      Potential    Kinetic En.
    2.59616e-01    0.00000e+00    0.00000e+00    2.59616e-01    4.52848e+00
   Total Energy  Conserved En.    Temperature Pressure (bar)
    4.78810e+00   -2.09613e+00    3.63101e+02   -3.68564e+00

           Step           Time
           8600        4.30000

   Energies (kJ/mol)
           Bond        LJ (SR)   Coulomb (SR)      Potential    Kinetic En.
    7.04707e-01    0.00000e+00    0.00000e+00    7.04707e-01    4.24555e+00
   Total Energy  Conserved En.    Temperature Pressure (bar)
    4.95026e+00   -1.83389e+00    3.40415e+02    7.90131e+00

           Step           Time
           8700        4.35000

   Energies (kJ/mol)
           Bond        LJ (SR)   Coulomb (SR)      Potential    Kinetic En.
    9.51183e-01    0.00000e+00    0.00000e+00    9.51183e-01    8.20515e+00
   Total Energy  Conserved En.    Temperature Pressure (bar)
    9.15633e+00   -1.74273e+00    6.57902e+02   -7.21337e+00

           Step           Time
           8800        4.40000

   Energies (kJ/mol)
           Bond        LJ (SR)   Coulomb (SR)      Potential    Kinetic En.
    1.03954e+00    0.00000e+00    0.00000e+00    1.03954e+00    7.59225e+00
   Total Energy  Conserved En.    Temperature Pressure (bar)
    8.63179e+00   -1.46607e+00    6.08759e+02    9.98612e+00

           Step           Time
           8900        4.45000

   Energies (kJ/mol)
           Bond        LJ (SR)   Coulomb (SR)      Potential    Kinetic En.
    1.66729e+00    0.00000e+00    0.00000e+00    1.66729e+00    7.43189e+00
   Total Energy  Conserved En.    Temperature Pressure (bar)
    9.09918e+00   -1.05171e+00    5.95901e+02   -1.02143e+01

           Step           Time
           9000        4.50000

   Energies (kJ/mol)
           Bond        LJ (SR)   Coulomb (SR)      Potential    Kinetic En.
    1.23965e+00    0.00000e+00    0.00000e+00    1.23965e+00    1.09553e+01
   Total Energy  Conserved En.    Temperature Pressure (bar)
    1.21950e+01   -1.17506e+00    8.78414e+02    1.13478e+01

           Step           Time
           9100        4.55000

   Energies (kJ/mol)
           Bond        LJ (SR)   Coulomb (SR)      Potential    Kinetic En.
    1.72351e+00    0.00000e+00    0.00000e+00    1.72351e+00    1.27337e+01
   Total Energy  Conserved En.    Temperature Pressure (bar)
    1.44573e+01   -8.39614e-01    1.02101e+03   -9.49436e+00

           Step           Time
           9200        4.60000

   Energies (kJ/mol)
           Bond        LJ (SR)   Coulomb (SR)      Potential    Kinetic En.
    7.26813e-01    0.00000e+00    0.00000e+00    7.26813e-01    1.56103e+01
   Total Energy  Conserved En.    Temperature Pressure (bar)
    1.63371e+01   -1.23522e+00    1.25166e+03    9.97671e+00

           Step           Time
           9300        4.65000

   Energies (kJ/mol)
           Bond        LJ (SR)   Coulomb (SR)      Potential    Kinetic En.
    6.93848e-02    0.00000e+00    0.00000e+00    6.93848e-02    1.47533e+01
   Total Energy  Conserved En.    Temperature Pressure (bar)
    1.48227e+01   -1.63909e+00    1.18295e+03    2.52822e-01

           Step           Time
           9400        4.70000

   Energies (kJ/mol)
           Bond        LJ (SR)   Coulomb (SR)      Potential    Kinetic En.
    2.32493e-03    0.00000e+00    0.00000e+00    2.32493e-03    7.63074e+00
   Total Energy  Conserved En.    Temperature Pressure (bar)
    7.63306e+00   -1.53897e+00    6.11845e+02    1.73817e+00

           Step           Time
           9500        4.75000

   Energies (kJ/mol)
           Bond        LJ (SR)   Coulomb (SR)      Potential    Kinetic En.
    4.09508e-03    0.00000e+00    0.00000e+00    4.09508e-03    9.41524e+00
   Total Energy  Conserved En.    Temperature Pressure (bar)
    9.41933e+00   -1.32787e+00    7.54929e+02    1.07224e+00

           Step           Time
           9600        4.80000

   Energies (kJ/mol)
           Bond        LJ (SR)   Coulomb (SR)      Potential    Kinetic En.
    3.75086e-01    0.00000e+00    0.00000e+00    3.75086e-01    1.03685e+01
   Total Energy  Conserved En.    Temperature Pressure (bar)
    1.07436e+01   -6.46424e-01    8.31366e+02    7.04624e+00

           Step           Time
           9700        4.85000

   Energies (kJ/mol)
           Bond        LJ (SR)   Coulomb (SR)      Potential    Kinetic En.
    1.46307e+00    0.00000e+00    0.00000e+00    1.46307e+00    9.75178e+00
   Total Energy  Conserved En.    Temperature Pressure (bar)
    1.12149e+01    1.63298e-02    7.81913e+02   -9.06862e+00

           Step           Time
           9800        4.90000

   Energies (kJ/mol)
           Bond        LJ (SR)   Coulomb (SR)      Potential    Kinetic En.
    8.74433e-01    0.00000e+00    0.00000e+00    8.74433e-01    1.25999e+01
   Total Energy  Conserved En.    Temperature Pressure (bar)
    1.34744e+01   -1.21989e-01    1.01028e+03    1.01475e+01

           Step           Time
           9900        4.95000

   Energies (kJ/mol)
           Bond        LJ (SR)   Coulomb (SR)      Potential    Kinetic En.
    2.35797e-01    0.00000e+00    0.00000e+00    2.35797e-01    9.33652e+00
   Total Energy  Conserved En.    Temperature Pressure (bar)
    9.57231e+00   -1.24460e-01    7.48617e+02   -2.64204e+00

           Step           Time
          10000        5.00000

   Energies (kJ/mol)
           Bond        LJ (SR)   Coulomb (SR)      Potential    Kinetic En.
    1.83763e-02    0.00000e+00    0.00000e+00    1.83763e-02    1.01344e+01
   Total Energy  Conserved En.    Temperature Pressure (bar)
    1.01528e+01   -2.68479e-01    8.12595e+02    2.92682e+00

           Step           Time
          10100        5.05000

   Energies (kJ/mol)
           Bond        LJ (SR)   Coulomb (SR)      Potential    Kinetic En.
    1.67815e-01    0.00000e+00    0.00000e+00    1.67815e-01    8.34458e+00
   Total Energy  Conserved En.    Temperature Pressure (bar)
    8.51239e+00    8.62455e-02    6.69081e+02   -2.14253e+00

           Step           Time
          10200        5.10000

   Energies (kJ/mol)
           Bond        LJ (SR)   Coulomb (SR)      Potential    Kinetic En.
    1.31349e+00    0.00000e+00    0.00000e+00    1.31349e+00    5.87004e+00
   Total Energy  Conserved En.    Temperature Pressure (bar)
    7.18352e+00    8.82215e-01    4.70669e+02    1.07392e+01

           Step           Time
          10300        5.15000

   Energies (kJ/mol)
           Bond        LJ (SR)   Coulomb (SR)      Potential    Kinetic En.
    1.15093e-01    0.00000e+00    0.00000e+00    1.15093e-01    2.83749e+00
   Total Energy  Conserved En.    Temperature Pressure (bar)
    2.95259e+00    6.35899e-01    2.27515e+02   -2.47473e+00

           Step           Time
          10400        5.20000

   Energies (kJ/mol)
           Bond        LJ (SR)   Coulomb (SR)      Potential    Kinetic En.
    3.01751e-04    0.00000e+00    0.00000e+00    3.01751e-04    1.66059e+00
   Total Energy  Conserved En.    Temperature Pressure (bar)
    1.66089e+00    5.94350e-01    1.33148e+02    4.38011e-01

           Step           Time
          10500        5.25000

   Energies (kJ/mol)
           Bond        LJ (SR)   Coulomb (SR)      Potential    Kinetic En.
    5.42023e-01    0.00000e+00    0.00000e+00    5.42023e-01    1.86228e+00
   Total Energy  Conserved En.    Temperature Pressure (bar)
    2.40430e+00    4.23265e-01    1.49320e+02    6.62075e+00

           Step           Time
          10600        5.30000

   Energies (kJ/mol)
           Bond        LJ (SR)   Coulomb (SR)      Potential    Kinetic En.
    1.58992e+00    0.00000e+00    0.00000e+00    1.58992e+00    4.82315e+00
   Total Energy  Conserved En.    Temperature Pressure (bar)
    6.41307e+00    5.33015e-01    3.86728e+02   -1.03889e+01

           Step           Time
          10700        5.35000

   Energies (kJ/mol)
           Bond        LJ (SR)   Coulomb (SR)      Potential    Kinetic En.
    4.33130e-01    0.00000e+00    0.00000e+00    4.33130e-01    7.72132e+00
   Total Energy  Conserved En.    Temperature Pressure (bar)
    8.15445e+00    1.18814e+00    6.19107e+02    6.97496e+00

           Step           Time
          10800        5.40000

   Energies (kJ/mol)
           Bond        LJ (SR)   Coulomb (SR)      Potential    Kinetic En.
    1.70532e+00    0.00000e+00    0.00000e+00    1.70532e+00    4.49208e+00
   Total Energy  Conserved En.    Temperature Pressure (bar)
    6.19741e+00    7.20674e-01    3.60182e+02   -1.08565e+01

           Step           Time
          10900        5.45000

   Energies (kJ/mol)
           Bond        LJ (SR)   Coulomb (SR)      Potential    Kinetic En.
    1.71688e+00    0.00000e+00    0.00000e+00    1.71688e+00    8.20016e+00
   Total Energy  Conserved En.    Temperature Pressure (bar)
    9.91704e+00    1.17186e+00    6.57501e+02    1.24983e+01

           Step           Time
          11000        5.50000

   Energies (kJ/mol)
           Bond        LJ (SR)   Coulomb (SR)      Potential    Kinetic En.
    1.67773e+00    0.00000e+00    0.00000e+00    1.67773e+00    7.72273e+00
   Total Energy  Conserved En.    Temperature Pressure (bar)
    9.40047e+00    1.32064e+00    6.19221e+02   -1.02008e+01

           Step           Time
          11100        5.55000

   Energies (kJ/mol)
           Bond        LJ (SR)   Coulomb (SR)      Potential    Kinetic En.
    3.36122e+00    0.00000e+00    0.00000e+00    3.36122e+00    3.61311e+00
   Total Energy  Conserved En.    Temperature Pressure (bar)
    6.97434e+00    8.28257e-01    2.89705e+02    1.59621e+01

           Step           Time
          11200        5.60000

   Energies (kJ/mol)
           Bond        LJ (SR)   Coulomb (SR)      Potential    Kinetic En.
    6.75270e+00    0.00000e+00    0.00000e+00    6.75270e+00    1.60346e+00
   Total Energy  Conserved En.    Temperature Pressure (bar)
    8.35616e+00    3.00230e-01    1.28568e+02   -2.34535e+01

           Step           Time
          11300        5.65000

   Energies (kJ/mol)
           Bond        LJ (SR)   Coulomb (SR)      Potential    Kinetic En.
    6.87004e+00    0.00000e+00    0.00000e+00    6.87004e+00    7.05201e-01
   Total Energy  Conserved En.    Temperature Pressure (bar)
    7.57524e+00    1.18706e-01    5.65441e+01    2.16916e+01

           Step           Time
          11400        5.70000

   Energies (kJ/mol)
           Bond        LJ (SR)   Coulomb (SR)      Potential    Kinetic En.
    9.68421e+00    0.00000e+00    0.00000e+00    9.68421e+00    2.30040e-01
   Total Energy  Conserved En.    Temperature Pressure (bar)
    9.91425e+00   -5.65281e-02    1.84450e+01   -2.86554e+01

           Step           Time
          11500        5.75000

   Energies (kJ/mol)
           Bond        LJ (SR)   Coulomb (SR)      Potential    Kinetic En.
    8.14694e+00    0.00000e+00    0.00000e+00    8.14694e+00    2.21488e-01
   Total Energy  Conserved En.    Temperature Pressure (bar)
    8.36843e+00    2.04412e-01    1.77592e+01    2.34120e+01

           Step           Time
          11600        5.80000

   Energies (kJ/mol)
           Bond        LJ (SR)   Coulomb (SR)      Potential    Kinetic En.
    9.59794e+00    0.00000e+00    0.00000e+00    9.59794e+00    1.03624e+00
   Total Energy  Conserved En.    Temperature Pressure (bar)
    1.06342e+01    1.00371e+00    8.30873e+01   -2.83804e+01

           Step           Time
          11700        5.85000

   Energies (kJ/mol)
           Bond        LJ (SR)   Coulomb (SR)      Potential    Kinetic En.
    7.07277e+00    0.00000e+00    0.00000e+00    7.07277e+00    2.18352e-01
   Total Energy  Conserved En.    Temperature Pressure (bar)
    7.29112e+00    6.00613e-01    1.75078e+01    2.19057e+01

           Step           Time
          11800        5.90000

   Energies (kJ/mol)
           Bond        LJ (SR)   Coulomb (SR)      Potential    Kinetic En.
    1.19807e+01    0.00000e+00    0.00000e+00    1.19807e+01    9.23154e-01
   Total Energy  Conserved En.    Temperature Pressure (bar)
    1.29038e+01    1.38303e+00    7.40200e+01   -3.19661e+01

           Step           Time
          11900        5.95000

   Energies (kJ/mol)
           Bond        LJ (SR)   Coulomb (SR)      Potential    Kinetic En.
    7.92774e+00    0.00000e+00    0.00000e+00    7.92774e+00    1.58101e-01
   Total Energy  Conserved En.    Temperature Pressure (bar)
    8.08584e+00    6.77669e-01    1.26767e+01    2.31032e+01

           Step           Time
          12000        6.00000

   Energies (kJ/mol)
           Bond        LJ (SR)   Coulomb (SR)      Potential    Kinetic En.
    6.63903e+00    0.00000e+00    0.00000e+00    6.63903e+00    1.53130e-01
   Total Energy  Conserved En.    Temperature Pressure (bar)
    6.79216e+00    6.89317e-01    1.22782e+01   -2.34939e+01

           Step           Time
          12100        6.05000

   Energies (kJ/mol)
           Bond        LJ (SR)   Coulomb (SR)      Potential    Kinetic En.
    7.65393e+00    0.00000e+00    0.00000e+00    7.65393e+00    2.73206e-01
   Total Energy  Conserved En.    Temperature Pressure (bar)
    7.92714e+00    7.04528e-01    2.19061e+01    2.27446e+01

           Step           Time
          12200        6.10000

   Energies (kJ/mol)
           Bond        LJ (SR)   Coulomb (SR)      Potential    Kinetic En.
    2.79292e+00    0.00000e+00    0.00000e+00    2.79292e+00    2.62396e-01
   Total Energy  Conserved En.    Temperature Pressure (bar)
    3.05532e+00    1.15275e+00    2.10393e+01   -1.49483e+01

           Step           Time
          12300        6.15000

   Energies (kJ/mol)
           Bond        LJ (SR)   Coulomb (SR)      Potential    Kinetic En.
    4.45265e+00    0.00000e+00    0.00000e+00    4.45265e+00    1.17729e-01
   Total Energy  Conserved En.    Temperature Pressure (bar)
    4.57038e+00    1.06863e+00    9.43967e+00    1.75718e+01

           Step           Time
          12400        6.20000

   Energies (kJ/mol)
           Bond        LJ (SR)   Coulomb (SR)      Potential    Kinetic En.
    4.69997e+00    0.00000e+00    0.00000e+00    4.69997e+00    3.70544e-01
   Total Energy  Conserved En.    Temperature Pressure (bar)
    5.07051e+00    1.39189e+00    2.97108e+01   -1.95724e+01

           Step           Time
          12500        6.25000

   Energies (kJ/mol)
           Bond        LJ (SR)   Coulomb (SR)      Potential    Kinetic En.
    8.84537e+00    0.00000e+00    0.00000e+00    8.84537e+00    1.96522e-01
   Total Energy  Conserved En.    Temperature Pressure (bar)
    9.04189e+00    1.18266e+00    1.57575e+01    2.43273e+01

           Step           Time
          12600        6.30000

   Energies (kJ/mol)
           Bond        LJ (SR)   Coulomb (SR)      Potential    Kinetic En.
    1.44491e+01    0.00000e+00    0.00000e+00    1.44491e+01    4.23388e-01
   Total Energy  Conserved En.    Temperature Pressure (bar)
    1.48725e+01    1.01839e+00    3.39480e+01   -3.54306e+01

           Step           Time
          12700        6.35000

   Energies (kJ/mol)
           Bond        LJ (SR)   Coulomb (SR)      Potential    Kinetic En.
    1.12473e+01    0.00000e+00    0.00000e+00    1.12473e+01    6.72559e-01
   Total Energy  Conserved En.    Temperature Pressure (bar)
    1.19199e+01    8.19431e-01    5.39268e+01    2.72900e+01

           Step           Time
          12800        6.40000

   Energies (kJ/mol)
           Bond        LJ (SR)   Coulomb (SR)      Potential    Kinetic En.
    8.61098e+00    0.00000e+00    0.00000e+00    8.61098e+00    9.24925e-01
   Total Energy  Conserved En.    Temperature Pressure (bar)
    9.53590e+00    6.60825e-01    7.41619e+01   -2.68083e+01

           Step           Time
          12900        6.45000

   Energies (kJ/mol)
           Bond        LJ (SR)   Coulomb (SR)      Potential    Kinetic En.
    3.15807e+00    0.00000e+00    0.00000e+00    3.15807e+00    1.53450e+00
   Total Energy  Conserved En.    Temperature Pressure (bar)
    4.69257e+00   -3.19002e-01    1.23039e+02    1.51491e+01

           Step           Time
          13000        6.50000

   Energies (kJ/mol)
           Bond        LJ (SR)   Coulomb (SR)      Potential    Kinetic En.
    6.96113e+00    0.00000e+00    0.00000e+00    6.96113e+00    8.68304e-01
   Total Energy  Conserved En.    Temperature Pressure (bar)
    7.82943e+00    4.48196e-01    6.96219e+01   -2.39622e+01

           Step           Time
          13100        6.55000

   Energies (kJ/mol)
           Bond        LJ (SR)   Coulomb (SR)      Potential    Kinetic En.
    8.17752e+00    0.00000e+00    0.00000e+00    8.17752e+00    7.22845e-01
   Total Energy  Conserved En.    Temperature Pressure (bar)
    8.90036e+00    7.74505e-01    5.79588e+01    2.35399e+01

           Step           Time
          13200        6.60000

   Energies (kJ/mol)
           Bond        LJ (SR)   Coulomb (SR)      Potential    Kinetic En.
    4.56622e+00    0.00000e+00    0.00000e+00    4.56622e+00    3.20481e+00
   Total Energy  Conserved En.    Temperature Pressure (bar)
    7.77103e+00   -3.24565e-01    2.56966e+02   -1.87893e+01

           Step           Time
          13300        6.65000

   Energies (kJ/mol)
           Bond        LJ (SR)   Coulomb (SR)      Potential    Kinetic En.
    3.28051e+00    0.00000e+00    0.00000e+00    3.28051e+00    1.39941e+00
   Total Energy  Conserved En.    Temperature Pressure (bar)
    4.67992e+00   -2.60472e-02    1.12207e+02    1.54008e+01

           Step           Time
          13400        6.70000

   Energies (kJ/mol)
           Bond        LJ (SR)   Coulomb (SR)      Potential    Kinetic En.
    2.99343e+00    0.00000e+00    0.00000e+00    2.99343e+00    5.39865e-01
   Total Energy  Conserved En.    Temperature Pressure (bar)
    3.53329e+00    3.48619e-01    4.32872e+01   -1.54468e+01

           Step           Time
          13500        6.75000

   Energies (kJ/mol)
           Bond        LJ (SR)   Coulomb (SR)      Potential    Kinetic En.
    5.45413e+00    0.00000e+00    0.00000e+00    5.45413e+00    3.61786e-01
   Total Energy  Conserved En.    Temperature Pressure (bar)
    5.81592e+00    6.84088e-01    2.90086e+01    1.93968e+01

           Step           Time
          13600        6.80000

   Energies (kJ/mol)
           Bond        LJ (SR)   Coulomb (SR)      Potential    Kinetic En.
    2.42708e+00    0.00000e+00    0.00000e+00    2.42708e+00    4.80861e-01
   Total Energy  Conserved En.    Temperature Pressure (bar)
    2.90794e+00    2.77827e-01    3.85562e+01   -1.38635e+01

           Step           Time
          13700        6.85000

   Energies (kJ/mol)
           Bond        LJ (SR)   Coulomb (SR)      Potential    Kinetic En.
    2.01613e+00    0.00000e+00    0.00000e+00    2.01613e+00    6.34506e-02
   Total Energy  Conserved En.    Temperature Pressure (bar)
    2.07958e+00    5.45404e-01    5.08757e+00    1.19908e+01

           Step           Time
          13800        6.90000

   Energies (kJ/mol)
           Bond        LJ (SR)   Coulomb (SR)      Potential    Kinetic En.
    1.67871e+00    0.00000e+00    0.00000e+00    1.67871e+00    6.86004e-02
   Total Energy  Conserved En.    Temperature Pressure (bar)
    1.74731e+00    7.37158e-01    5.50049e+00   -1.15282e+01

           Step           Time
          13900        6.95000

   Energies (kJ/mol)
           Bond        LJ (SR)   Coulomb (SR)      Potential    Kinetic En.
    3.99408e+00    0.00000e+00    0.00000e+00    3.99408e+00    8.05130e-02
   Total Energy  Conserved En.    Temperature Pressure (bar)
    4.07459e+00    6.66697e-01    6.45566e+00    1.66756e+01

           Step           Time
          14000        7.00000

   Energies (kJ/mol)
           Bond        LJ (SR)   Coulomb (SR)      Potential    Kinetic En.
    5.67371e+00    0.00000e+00    0.00000e+00    5.67371e+00    1.13073e-01
   Total Energy  Conserved En.    Temperature Pressure (bar)
    5.78678e+00    7.67513e-01    9.06636e+00   -2.16436e+01

           Step           Time
          14100        7.05000

   Energies (kJ/mol)
           Bond        LJ (SR)   Coulomb (SR)      Potential    Kinetic En.
    4.52040e+00    0.00000e+00    0.00000e+00    4.52040e+00    2.25149e-01
   Total Energy  Conserved En.    Temperature Pressure (bar)
    4.74555e+00    1.05434e+00    1.80528e+01    1.77175e+01

           Step           Time
          14200        7.10000

   Energies (kJ/mol)
           Bond        LJ (SR)   Coulomb (SR)      Potential    Kinetic En.
    6.19586e+00    0.00000e+00    0.00000e+00    6.19586e+00    3.83246e-01
   Total Energy  Conserved En.    Temperature Pressure (bar)
    6.57911e+00    1.23103e+00    3.07293e+01   -2.26179e+01

           Step           Time
          14300        7.15000

   Energies (kJ/mol)
           Bond        LJ (SR)   Coulomb (SR)      Potential    Kinetic En.
    9.92000e+00    0.00000e+00    0.00000e+00    9.92000e+00    2.00095e-01
   Total Energy  Conserved En.    Temperature Pressure (bar)
    1.01201e+01    1.01326e+00    1.60439e+01    2.56657e+01

           Step           Time
          14400        7.20000

   Energies (kJ/mol)
           Bond        LJ (SR)   Coulomb (SR)      Potential    Kinetic En.
    4.11845e+00    0.00000e+00    0.00000e+00    4.11845e+00    3.80430e-01
   Total Energy  Conserved En.    Temperature Pressure (bar)
    4.49888e+00    1.13996e+00    3.05035e+01   -1.82672e+01

           Step           Time
          14500        7.25000

   Energies (kJ/mol)
           Bond        LJ (SR)   Coulomb (SR)      Potential    Kinetic En.
    4.89055e+00    0.00000e+00    0.00000e+00    4.89055e+00    1.18079e-01
   Total Energy  Conserved En.    Temperature Pressure (bar)
    5.00863e+00    1.00042e+00    9.46777e+00    1.83759e+01

           Step           Time
          14600        7.30000

   Energies (kJ/mol)
           Bond        LJ (SR)   Coulomb (SR)      Potential    Kinetic En.
    3.29459e+00    0.00000e+00    0.00000e+00    3.29459e+00    1.71229e-01
   Total Energy  Conserved En.    Temperature Pressure (bar)
    3.46582e+00    8.24508e-01    1.37294e+01   -1.63002e+01

           Step           Time
          14700        7.35000

   Energies (kJ/mol)
           Bond        LJ (SR)   Coulomb (SR)      Potential    Kinetic En.
    2.72590e+00    0.00000e+00    0.00000e+00    2.72590e+00    8.68127e-01
   Total Energy  Conserved En.    Temperature Pressure (bar)
    3.59403e+00    5.56199e-01    6.96078e+01    1.40140e+01

           Step           Time
          14800        7.40000

   Energies (kJ/mol)
           Bond        LJ (SR)   Coulomb (SR)      Potential    Kinetic En.
    3.56148e+00    0.00000e+00    0.00000e+00    3.56148e+00    7.37865e-01
   Total Energy  Conserved En.    Temperature Pressure (bar)
    4.29935e+00    7.88595e-01    5.91632e+01   -1.68743e+01

           Step           Time
          14900        7.45000

   Energies (kJ/mol)
           Bond        LJ (SR)   Coulomb (SR)      Potential    Kinetic En.
    7.91153e+00    0.00000e+00    0.00000e+00    7.91153e+00    1.49281e+00
   Total Energy  Conserved En.    Temperature Pressure (bar)
    9.40434e+00    1.14126e+00    1.19696e+02    2.33119e+01

           Step           Time
          15000        7.50000

   Energies (kJ/mol)
           Bond        LJ (SR)   Coulomb (SR)      Potential    Kinetic En.
    5.17624e+00    0.00000e+00    0.00000e+00    5.17624e+00    1.65930e+00
   Total Energy  Conserved En.    Temperature Pressure (bar)
    6.83554e+00    8.90228e-01    1.33046e+02   -2.03626e+01

           Step           Time
          15100        7.55000

   Energies (kJ/mol)
           Bond        LJ (SR)   Coulomb (SR)      Potential    Kinetic En.
    4.34028e+00    0.00000e+00    0.00000e+00    4.34028e+00    3.71375e+00
   Total Energy  Conserved En.    Temperature Pressure (bar)
    8.05402e+00    5.16198e-01    2.97774e+02    1.79805e+01

           Step           Time
          15200        7.60000

   Energies (kJ/mol)
           Bond        LJ (SR)   Coulomb (SR)      Potential    Kinetic En.
    3.56361e+00    0.00000e+00    0.00000e+00    3.56361e+00    4.21428e+00
   Total Energy  Conserved En.    Temperature Pressure (bar)
    7.77788e+00    4.57893e-01    3.37907e+02   -1.62782e+01

           Step           Time
          15300        7.65000

   Energies (kJ/mol)
           Bond        LJ (SR)   Coulomb (SR)      Potential    Kinetic En.
    4.49529e+00    0.00000e+00    0.00000e+00    4.49529e+00    5.72648e+00
   Total Energy  Conserved En.    Temperature Pressure (bar)
    1.02218e+01    6.57277e-01    4.59158e+02    1.86221e+01

           Step           Time
          15400        7.70000

   Energies (kJ/mol)
           Bond        LJ (SR)   Coulomb (SR)      Potential    Kinetic En.
    6.65403e+00    0.00000e+00    0.00000e+00    6.65403e+00    6.74132e+00
   Total Energy  Conserved En.    Temperature Pressure (bar)
    1.33954e+01    1.11034e+00    5.40530e+02   -2.23823e+01

           Step           Time
          15500        7.75000

   Energies (kJ/mol)
           Bond        LJ (SR)   Coulomb (SR)      Potential    Kinetic En.
    1.11688e+01    0.00000e+00    0.00000e+00    1.11688e+01    4.88526e+00
   Total Energy  Conserved En.    Temperature Pressure (bar)
    1.60541e+01    2.31696e+00    3.91708e+02    2.79304e+01

           Step           Time
          15600        7.80000

   Energies (kJ/mol)
           Bond        LJ (SR)   Coulomb (SR)      Potential    Kinetic En.
    2.18041e+00    0.00000e+00    0.00000e+00    2.18041e+00    6.03450e+00
   Total Energy  Conserved En.    Temperature Pressure (bar)
    8.21491e+00    2.21763e-01    4.83856e+02   -1.21544e+01

           Step           Time
          15700        7.85000

   Energies (kJ/mol)
           Bond        LJ (SR)   Coulomb (SR)      Potential    Kinetic En.
    7.16368e-01    0.00000e+00    0.00000e+00    7.16368e-01    5.95480e+00
   Total Energy  Conserved En.    Temperature Pressure (bar)
    6.67117e+00   -1.79314e-01    4.77465e+02    8.25500e+00

           Step           Time
          15800        7.90000

   Energies (kJ/mol)
           Bond        LJ (SR)   Coulomb (SR)      Potential    Kinetic En.
    3.32670e+00    0.00000e+00    0.00000e+00    3.32670e+00    7.60245e+00
   Total Energy  Conserved En.    Temperature Pressure (bar)
    1.09291e+01    7.16091e-01    6.09576e+02   -1.50970e+01

           Step           Time
          15900        7.95000

   Energies (kJ/mol)
           Bond        LJ (SR)   Coulomb (SR)      Potential    Kinetic En.
    2.22895e+00    0.00000e+00    0.00000e+00    2.22895e+00    7.40155e+00
   Total Energy  Conserved En.    Temperature Pressure (bar)
    9.63050e+00    6.09075e-01    5.93468e+02    1.38577e+01

           Step           Time
          16000        8.00000

   Energies (kJ/mol)
           Bond        LJ (SR)   Coulomb (SR)      Potential    Kinetic En.
    9.20672e-01    0.00000e+00    0.00000e+00    9.20672e-01    5.89715e+00
   Total Energy  Conserved En.    Temperature Pressure (bar)
    6.81782e+00    3.91320e-01    4.72843e+02   -7.47038e+00

           Step           Time
          16100        8.05000

   Energies (kJ/mol)
           Bond        LJ (SR)   Coulomb (SR)      Potential    Kinetic En.
    3.91745e-01    0.00000e+00    0.00000e+00    3.91745e-01    3.49465e+00
   Total Energy  Conserved En.    Temperature Pressure (bar)
    3.88639e+00    4.13421e-01    2.80206e+02    5.97117e+00

           Step           Time
          16200        8.10000

   Energies (kJ/mol)
           Bond        LJ (SR)   Coulomb (SR)      Potential    Kinetic En.
    6.02409e-03    0.00000e+00    0.00000e+00    6.02409e-03    3.00633e+00
   Total Energy  Conserved En.    Temperature Pressure (bar)
    3.01235e+00    1.96104e-01    2.41052e+02   -1.54936e-01

           Step           Time
          16300        8.15000

   Energies (kJ/mol)
           Bond        LJ (SR)   Coulomb (SR)      Potential    Kinetic En.
    4.73455e-01    0.00000e+00    0.00000e+00    4.73455e-01    3.73041e+00
   Total Energy  Conserved En.    Temperature Pressure (bar)
    4.20386e+00    5.41320e-01    2.99110e+02    6.53775e+00

           Step           Time
          16400        8.20000

   Energies (kJ/mol)
           Bond        LJ (SR)   Coulomb (SR)      Potential    Kinetic En.
    2.07990e-02    0.00000e+00    0.00000e+00    2.07990e-02    7.08956e+00
   Total Energy  Conserved En.    Temperature Pressure (bar)
    7.11036e+00    1.55972e-01    5.68452e+02   -2.95000e-02

           Step           Time
          16500        8.25000

   Energies (kJ/mol)
           Bond        LJ (SR)   Coulomb (SR)      Potential    Kinetic En.
    1.71221e+00    0.00000e+00    0.00000e+00    1.71221e+00    4.77631e+00
   Total Energy  Conserved En.    Temperature Pressure (bar)
    6.48852e+00    1.00954e+00    3.82972e+02    1.18914e+01

           Step           Time
          16600        8.30000

   Energies (kJ/mol)
           Bond        LJ (SR)   Coulomb (SR)      Potential    Kinetic En.
    7.10066e-01    0.00000e+00    0.00000e+00    7.10066e-01    6.82003e+00
   Total Energy  Conserved En.    Temperature Pressure (bar)
    7.53010e+00    6.20520e-01    5.46841e+02   -6.25965e+00

           Step           Time
          16700        8.35000

   Energies (kJ/mol)
           Bond        LJ (SR)   Coulomb (SR)      Potential    Kinetic En.
    1.47166e-01    0.00000e+00    0.00000e+00    1.47166e-01    6.57884e+00
   Total Energy  Conserved En.    Temperature Pressure (bar)
    6.72601e+00    3.88855e-01    5.27502e+02    4.44338e+00

           Step           Time
          16800        8.40000

   Energies (kJ/mol)
           Bond        LJ (SR)   Coulomb (SR)      Potential    Kinetic En.
    1.54922e-01    0.00000e+00    0.00000e+00    1.54922e-01    9.63205e+00
   Total Energy  Conserved En.    Temperature Pressure (bar)
    9.78697e+00    5.43537e-01    7.72313e+02   -1.77823e+00

           Step           Time
          16900        8.45000

   Energies (kJ/mol)
           Bond        LJ (SR)   Coulomb (SR)      Potential    Kinetic En.
    7.01286e-02    0.00000e+00    0.00000e+00    7.01286e-02    6.63328e+00
   Total Energy  Conserved En.    Temperature Pressure (bar)
    6.70341e+00    1.81747e-01    5.31867e+02   -1.16409e+00

           Step           Time
          17000        8.50000

   Energies (kJ/mol)
           Bond        LJ (SR)   Coulomb (SR)      Potential    Kinetic En.
    1.45418e+00    0.00000e+00    0.00000e+00    1.45418e+00    7.06098e+00
   Total Energy  Conserved En.    Temperature Pressure (bar)
    8.51517e+00   -2.71510e-01    5.66161e+02    1.14402e+01

           Step           Time
          17100        8.55000

   Energies (kJ/mol)
           Bond        LJ (SR)   Coulomb (SR)      Potential    Kinetic En.
    1.90449e+00    0.00000e+00    0.00000e+00    1.90449e+00    8.45028e+00
   Total Energy  Conserved En.    Temperature Pressure (bar)
    1.03548e+01   -1.14745e-01    6.77557e+02   -1.08501e+01

           Step           Time
          17200        8.60000

   Energies (kJ/mol)
           Bond        LJ (SR)   Coulomb (SR)      Potential    Kinetic En.
    1.40331e+00    0.00000e+00    0.00000e+00    1.40331e+00    4.59098e+00
   Total Energy  Conserved En.    Temperature Pressure (bar)
    5.99428e+00   -1.65745e-01    3.68112e+02    1.08370e+01

           Step           Time
          17300        8.65000

   Energies (kJ/mol)
           Bond        LJ (SR)   Coulomb (SR)      Potential    Kinetic En.
    8.65154e-01    0.00000e+00    0.00000e+00    8.65154e-01    4.03648e+00
   Total Energy  Conserved En.    Temperature Pressure (bar)
    4.90164e+00   -2.13828e-02    3.23652e+02   -7.52753e+00

           Step           Time
          17400        8.70000

   Energies (kJ/mol)
           Bond        LJ (SR)   Coulomb (SR)      Potential    Kinetic En.
    1.32309e+00    0.00000e+00    0.00000e+00    1.32309e+00    4.16694e+00
   Total Energy  Conserved En.    Temperature Pressure (bar)
    5.49003e+00   -1.20459e-02    3.34112e+02    1.04792e+01

           Step           Time
          17500        8.75000

   Energies (kJ/mol)
           Bond        LJ (SR)   Coulomb (SR)      Potential    Kinetic En.
    2.08772e+00    0.00000e+00    0.00000e+00    2.08772e+00    1.90239e+00
   Total Energy  Conserved En.    Temperature Pressure (bar)
    3.99011e+00   -2.46697e-01    1.52537e+02   -1.25776e+01

           Step           Time
          17600        8.80000

   Energies (kJ/mol)
           Bond        LJ (SR)   Coulomb (SR)      Potential    Kinetic En.
    1.80812e+00    0.00000e+00    0.00000e+00    1.80812e+00    9.74374e-02
   Total Energy  Conserved En.    Temperature Pressure (bar)
    1.90556e+00   -5.89021e-01    7.81268e+00    1.13794e+01

           Step           Time
          17700        8.85000

   Energies (kJ/mol)
           Bond        LJ (SR)   Coulomb (SR)      Potential    Kinetic En.
    3.84723e+00    0.00000e+00    0.00000e+00    3.84723e+00    3.71747e-01
   Total Energy  Conserved En.    Temperature Pressure (bar)
    4.21898e+00   -4.62101e-01    2.98072e+01   -1.76317e+01

           Step           Time
          17800        8.90000

   Energies (kJ/mol)
           Bond        LJ (SR)   Coulomb (SR)      Potential    Kinetic En.
    7.70902e+00    0.00000e+00    0.00000e+00    7.70902e+00    7.92791e-01
   Total Energy  Conserved En.    Temperature Pressure (bar)
    8.50181e+00   -2.74118e-01    6.35673e+01    2.29113e+01

           Step           Time
          17900        8.95000

   Energies (kJ/mol)
           Bond        LJ (SR)   Coulomb (SR)      Potential    Kinetic En.
    5.41993e+00    0.00000e+00    0.00000e+00    5.41993e+00    4.82094e-01
   Total Energy  Conserved En.    Temperature Pressure (bar)
    5.90203e+00   -2.85093e-01    3.86551e+01   -2.10681e+01

           Step           Time
          18000        9.00000

   Energies (kJ/mol)
           Bond        LJ (SR)   Coulomb (SR)      Potential    Kinetic En.
    2.51911e+00    0.00000e+00    0.00000e+00    2.51911e+00    5.28622e-01
   Total Energy  Conserved En.    Temperature Pressure (bar)
    3.04774e+00   -1.77501e-01    4.23858e+01    1.34366e+01

           Step           Time
          18100        9.05000

   Energies (kJ/mol)
           Bond        LJ (SR)   Coulomb (SR)      Potential    Kinetic En.
    3.22735e-01    0.00000e+00    0.00000e+00    3.22735e-01    3.11855e+00
   Total Energy  Conserved En.    Temperature Pressure (bar)
    3.44128e+00    4.06986e-01    2.50050e+02   -4.44901e+00

           Step           Time
          18200        9.10000

   Energies (kJ/mol)
           Bond        LJ (SR)   Coulomb (SR)      Potential    Kinetic En.
    7.70596e-01    0.00000e+00    0.00000e+00    7.70596e-01    3.68717e+00
   Total Energy  Conserved En.    Temperature Pressure (bar)
    4.45777e+00    3.57456e-01    2.95643e+02    8.12646e+00

           Step           Time
          18300        9.15000

   Energies (kJ/mol)
           Bond        LJ (SR)   Coulomb (SR)      Potential    Kinetic En.
    1.12848e+00    0.00000e+00    0.00000e+00    1.12848e+00    4.45502e+00
   Total Energy  Conserved En.    Temperature Pressure (bar)
    5.58350e+00    4.46934e-01    3.57211e+02   -8.64821e+00

           Step           Time
          18400        9.20000

   Energies (kJ/mol)
           Bond        LJ (SR)   Coulomb (SR)      Potential    Kinetic En.
    1.62465e+00    0.00000e+00    0.00000e+00    1.62465e+00    3.24390e+00
   Total Energy  Conserved En.    Temperature Pressure (bar)
    4.86855e+00    3.66663e-01    2.60101e+02    1.13472e+01

           Step           Time
          18500        9.25000

   Energies (kJ/mol)
           Bond        LJ (SR)   Coulomb (SR)      Potential    Kinetic En.
    1.29131e+00    0.00000e+00    0.00000e+00    1.29131e+00    1.99613e+00
   Total Energy  Conserved En.    Temperature Pressure (bar)
    3.28744e+00    3.49211e-01    1.60053e+02   -9.74473e+00

           Step           Time
          18600        9.30000

   Energies (kJ/mol)
           Bond        LJ (SR)   Coulomb (SR)      Potential    Kinetic En.
    2.06704e+00    0.00000e+00    0.00000e+00    2.06704e+00    5.05551e-01
   Total Energy  Conserved En.    Temperature Pressure (bar)
    2.57259e+00    1.13180e-01    4.05358e+01    1.22132e+01

           Step           Time
          18700        9.35000

   Energies (kJ/mol)
           Bond        LJ (SR)   Coulomb (SR)      Potential    Kinetic En.
    3.66173e+00    0.00000e+00    0.00000e+00    3.66173e+00    7.27312e-02
   Total Energy  Conserved En.    Temperature Pressure (bar)
    3.73446e+00   -1.20073e-01    5.83170e+00   -1.72357e+01

           Step           Time
          18800        9.40000

   Energies (kJ/mol)
           Bond        LJ (SR)   Coulomb (SR)      Potential    Kinetic En.
    5.74506e+00    0.00000e+00    0.00000e+00    5.74506e+00    3.12639e-01
   Total Energy  Conserved En.    Temperature Pressure (bar)
    6.05770e+00    2.84896e-01    2.50679e+01    1.98717e+01

           Step           Time
          18900        9.45000

   Energies (kJ/mol)
           Bond        LJ (SR)   Coulomb (SR)      Potential    Kinetic En.
    5.72794e+00    0.00000e+00    0.00000e+00    5.72794e+00    1.67687e-01
   Total Energy  Conserved En.    Temperature Pressure (bar)
    5.89563e+00   -5.64184e-02    1.34454e+01   -2.17422e+01

           Step           Time
          19000        9.50000

   Energies (kJ/mol)
           Bond        LJ (SR)   Coulomb (SR)      Potential    Kinetic En.
    8.16685e+00    0.00000e+00    0.00000e+00    8.16685e+00    2.33394e-01
   Total Energy  Conserved En.    Temperature Pressure (bar)
    8.40024e+00    9.66606e-02    1.87139e+01    2.34408e+01

           Step           Time
          19100        9.55000

   Energies (kJ/mol)
           Bond        LJ (SR)   Coulomb (SR)      Potential    Kinetic En.
    8.95985e+00    0.00000e+00    0.00000e+00    8.95985e+00    1.80513e-01
   Total Energy  Conserved En.    Temperature Pressure (bar)
    9.14036e+00    6.01633e-01    1.44738e+01   -2.75084e+01

           Step           Time
          19200        9.60000

   Energies (kJ/mol)
           Bond        LJ (SR)   Coulomb (SR)      Potential    Kinetic En.
    6.30722e+00    0.00000e+00    0.00000e+00    6.30722e+00    2.79006e-01
   Total Energy  Conserved En.    Temperature Pressure (bar)
    6.58623e+00    9.16542e-01    2.23712e+01    2.07631e+01

           Step           Time
          19300        9.65000

   Energies (kJ/mol)
           Bond        LJ (SR)   Coulomb (SR)      Potential    Kinetic En.
    6.48705e+00    0.00000e+00    0.00000e+00    6.48705e+00    4.69382e-01
   Total Energy  Conserved En.    Temperature Pressure (bar)
    6.95644e+00    1.19583e+00    3.76358e+01   -2.31554e+01

           Step           Time
          19400        9.70000

   Energies (kJ/mol)
           Bond        LJ (SR)   Coulomb (SR)      Potential    Kinetic En.
    4.68063e+00    0.00000e+00    0.00000e+00    4.68063e+00    3.76606e-01
   Total Energy  Conserved En.    Temperature Pressure (bar)
    5.05724e+00    1.41074e+00    3.01969e+01    1.80403e+01

           Step           Time
          19500        9.75000

   Energies (kJ/mol)
           Bond        LJ (SR)   Coulomb (SR)      Potential    Kinetic En.
    4.06566e+00    0.00000e+00    0.00000e+00    4.06566e+00    2.35448e-01
   Total Energy  Conserved En.    Temperature Pressure (bar)
    4.30111e+00    1.42234e+00    1.88786e+01   -1.81698e+01

           Step           Time
          19600        9.80000

   Energies (kJ/mol)
           Bond        LJ (SR)   Coulomb (SR)      Potential    Kinetic En.
    5.72336e+00    0.00000e+00    0.00000e+00    5.72336e+00    5.95227e-01
   Total Energy  Conserved En.    Temperature Pressure (bar)
    6.31859e+00    1.67018e+00    4.77262e+01    1.98850e+01

           Step           Time
          19700        9.85000

   Energies (kJ/mol)
           Bond        LJ (SR)   Coulomb (SR)      Potential    Kinetic En.
    4.28856e+00    0.00000e+00    0.00000e+00    4.28856e+00    9.80666e-02
   Total Energy  Conserved En.    Temperature Pressure (bar)
    4.38663e+00    1.39358e+00    7.86314e+00   -1.87057e+01

           Step           Time
          19800        9.90000

   Energies (kJ/mol)
           Bond        LJ (SR)   Coulomb (SR)      Potential    Kinetic En.
    3.62270e+00    0.00000e+00    0.00000e+00    3.62270e+00    7.20348e-02
   Total Energy  Conserved En.    Temperature Pressure (bar)
    3.69474e+00    1.43158e+00    5.77586e+00    1.59119e+01

           Step           Time
          19900        9.95000

   Energies (kJ/mol)
           Bond        LJ (SR)   Coulomb (SR)      Potential    Kinetic En.
    8.32040e+00    0.00000e+00    0.00000e+00    8.32040e+00    2.46017e-01
   Total Energy  Conserved En.    Temperature Pressure (bar)
    8.56641e+00    1.35906e+00    1.97260e+01   -2.64420e+01

           Step           Time
          20000       10.00000

   Energies (kJ/mol)
           Bond        LJ (SR)   Coulomb (SR)      Potential    Kinetic En.
    7.87332e+00    0.00000e+00    0.00000e+00    7.87332e+00    7.78051e-01
   Total Energy  Conserved En.    Temperature Pressure (bar)
    8.65138e+00    1.15894e+00    6.23853e+01    2.31358e+01

           Step           Time
          20100       10.05000

   Energies (kJ/mol)
           Bond        LJ (SR)   Coulomb (SR)      Potential    Kinetic En.
    4.26953e+00    0.00000e+00    0.00000e+00    4.26953e+00    1.96762e-01
   Total Energy  Conserved En.    Temperature Pressure (bar)
    4.46629e+00    1.29097e+00    1.57767e+01   -1.86454e+01

           Step           Time
          20200       10.10000

   Energies (kJ/mol)
           Bond        LJ (SR)   Coulomb (SR)      Potential    Kinetic En.
    3.75016e+00    0.00000e+00    0.00000e+00    3.75016e+00    6.20943e-01
   Total Energy  Conserved En.    Temperature Pressure (bar)
    4.37110e+00    1.12452e+00    4.97882e+01    1.62730e+01

           Step           Time
          20300       10.15000

   Energies (kJ/mol)
           Bond        LJ (SR)   Coulomb (SR)      Potential    Kinetic En.
    6.78591e+00    0.00000e+00    0.00000e+00    6.78591e+00    3.58745e+00
   Total Energy  Conserved En.    Temperature Pressure (bar)
    1.03734e+01    9.18846e-01    2.87647e+02   -2.31715e+01

           Step           Time
          20400       10.20000

   Energies (kJ/mol)
           Bond        LJ (SR)   Coulomb (SR)      Potential    Kinetic En.
    3.56263e+00    0.00000e+00    0.00000e+00    3.56263e+00    3.24225e+00
   Total Energy  Conserved En.    Temperature Pressure (bar)
    6.80488e+00    7.09225e-01    2.59969e+02    1.63331e+01

           Step           Time
          20500       10.25000

   Energies (kJ/mol)
           Bond        LJ (SR)   Coulomb (SR)      Potential    Kinetic En.
    5.07044e+00    0.00000e+00    0.00000e+00    5.07044e+00    3.79180e+00
   Total Energy  Conserved En.    Temperature Pressure (bar)
    8.86224e+00    9.61116e-01    3.04033e+02   -1.97725e+01

           Step           Time
          20600       10.30000

   Energies (kJ/mol)
           Bond        LJ (SR)   Coulomb (SR)      Potential    Kinetic En.
    6.66336e+00    0.00000e+00    0.00000e+00    6.66336e+00    4.07849e+00
   Total Energy  Conserved En.    Temperature Pressure (bar)
    1.07418e+01    1.31296e+00    3.27020e+02    2.19659e+01

           Step           Time
          20700       10.35000

   Energies (kJ/mol)
           Bond        LJ (SR)   Coulomb (SR)      Potential    Kinetic En.
    7.13055e+00    0.00000e+00    0.00000e+00    7.13055e+00    6.18885e+00
   Total Energy  Conserved En.    Temperature Pressure (bar)
    1.33194e+01    1.27521e+00    4.96231e+02   -2.33483e+01

           Step           Time
          20800       10.40000

   Energies (kJ/mol)
           Bond        LJ (SR)   Coulomb (SR)      Potential    Kinetic En.
    9.37748e+00    0.00000e+00    0.00000e+00    9.37748e+00    1.97328e+00
   Total Energy  Conserved En.    Temperature Pressure (bar)
    1.13508e+01    2.78392e+00    1.58221e+02    2.53080e+01

           Step           Time
          20900       10.45000

   Energies (kJ/mol)
           Bond        LJ (SR)   Coulomb (SR)      Potential    Kinetic En.
    9.80846e+00    0.00000e+00    0.00000e+00    9.80846e+00    2.76728e+00
   Total Energy  Conserved En.    Temperature Pressure (bar)
    1.25757e+01    2.82582e+00    2.21885e+02   -2.84108e+01

           Step           Time
          21000       10.50000

   Energies (kJ/mol)
           Bond        LJ (SR)   Coulomb (SR)      Potential    Kinetic En.
    1.27646e+01    0.00000e+00    0.00000e+00    1.27646e+01    2.21167e+00
   Total Energy  Conserved En.    Temperature Pressure (bar)
    1.49763e+01    3.53528e+00    1.77335e+02    2.91957e+01

           Step           Time
          21100       10.55000

   Energies (kJ/mol)
           Bond        LJ (SR)   Coulomb (SR)      Potential    Kinetic En.
    9.51263e+00    0.00000e+00    0.00000e+00    9.51263e+00    4.43516e+00
   Total Energy  Conserved En.    Temperature Pressure (bar)
    1.39478e+01    2.76537e+00    3.55618e+02   -2.76579e+01

           Step           Time
          21200       10.60000

   Energies (kJ/mol)
           Bond        LJ (SR)   Coulomb (SR)      Potential    Kinetic En.
    5.94049e+00    0.00000e+00    0.00000e+00    5.94049e+00    1.80288e+00
   Total Energy  Conserved En.    Temperature Pressure (bar)
    7.74336e+00    3.16509e+00    1.44558e+02    2.04467e+01

           Step           Time
          21300       10.65000

   Energies (kJ/mol)
           Bond        LJ (SR)   Coulomb (SR)      Potential    Kinetic En.
    6.08468e+00    0.00000e+00    0.00000e+00    6.08468e+00    2.08171e+00
   Total Energy  Conserved En.    Temperature Pressure (bar)
    8.16639e+00    3.27563e+00    1.66915e+02   -2.21101e+01

           Step           Time
          21400       10.70000

   Energies (kJ/mol)
           Bond        LJ (SR)   Coulomb (SR)      Potential    Kinetic En.
    1.34767e+00    0.00000e+00    0.00000e+00    1.34767e+00    3.75101e+00
   Total Energy  Conserved En.    Temperature Pressure (bar)
    5.09868e+00    2.02710e+00    3.00762e+02    1.04954e+01

           Step           Time
          21500       10.75000

   Energies (kJ/mol)
           Bond        LJ (SR)   Coulomb (SR)      Potential    Kinetic En.
    2.88529e+00    0.00000e+00    0.00000e+00    2.88529e+00    2.21989e+00
   Total Energy  Conserved En.    Temperature Pressure (bar)
    5.10517e+00    2.54711e+00    1.77994e+02   -1.48636e+01

           Step           Time
          21600       10.80000

   Energies (kJ/mol)
           Bond        LJ (SR)   Coulomb (SR)      Potential    Kinetic En.
    4.82293e+00    0.00000e+00    0.00000e+00    4.82293e+00    2.12569e+00
   Total Energy  Conserved En.    Temperature Pressure (bar)
    6.94862e+00    2.95393e+00    1.70441e+02    1.86016e+01

           Step           Time
          21700       10.85000

   Energies (kJ/mol)
           Bond        LJ (SR)   Coulomb (SR)      Potential    Kinetic En.
    9.11561e+00    0.00000e+00    0.00000e+00    9.11561e+00    1.74157e+00
   Total Energy  Conserved En.    Temperature Pressure (bar)
    1.08572e+01    3.65970e+00    1.39642e+02   -2.74903e+01

           Step           Time
          21800       10.90000

   Energies (kJ/mol)
           Bond        LJ (SR)   Coulomb (SR)      Potential    Kinetic En.
    6.69398e+00    0.00000e+00    0.00000e+00    6.69398e+00    2.66105e+00
   Total Energy  Conserved En.    Temperature Pressure (bar)
    9.35504e+00    3.25433e+00    2.13368e+02    2.17669e+01

           Step           Time
          21900       10.95000

   Energies (kJ/mol)
           Bond        LJ (SR)   Coulomb (SR)      Potential    Kinetic En.
    1.06164e+01    0.00000e+00    0.00000e+00    1.06164e+01    3.38514e+00
   Total Energy  Conserved En.    Temperature Pressure (bar)
    1.40015e+01    3.64624e+00    2.71426e+02   -2.95415e+01

           Step           Time
          22000       11.00000

   Energies (kJ/mol)
           Bond        LJ (SR)   Coulomb (SR)      Potential    Kinetic En.
    7.29019e+00    0.00000e+00    0.00000e+00    7.29019e+00    1.96775e+00
   Total Energy  Conserved En.    Temperature Pressure (bar)
    9.25794e+00    3.84857e+00    1.57777e+02    2.25229e+01

           Step           Time
          22100       11.05000

   Energies (kJ/mol)
           Bond        LJ (SR)   Coulomb (SR)      Potential    Kinetic En.
    6.73564e+00    0.00000e+00    0.00000e+00    6.73564e+00    1.61758e+00
   Total Energy  Conserved En.    Temperature Pressure (bar)
    8.35321e+00    4.10786e+00    1.29700e+02   -2.34195e+01

           Step           Time
          22200       11.10000

   Energies (kJ/mol)
           Bond        LJ (SR)   Coulomb (SR)      Potential    Kinetic En.
    6.44466e+00    0.00000e+00    0.00000e+00    6.44466e+00    2.24398e-01
   Total Energy  Conserved En.    Temperature Pressure (bar)
    6.66906e+00    4.95742e+00    1.79926e+01    2.09662e+01

           Step           Time
          22300       11.15000

   Energies (kJ/mol)
           Bond        LJ (SR)   Coulomb (SR)      Potential    Kinetic En.
    9.79553e+00    0.00000e+00    0.00000e+00    9.79553e+00    2.33335e-01
   Total Energy  Conserved En.    Temperature Pressure (bar)
    1.00289e+01    5.61403e+00    1.87092e+01   -2.88289e+01

           Step           Time
          22400       11.20000

   Energies (kJ/mol)
           Bond        LJ (SR)   Coulomb (SR)      Potential    Kinetic En.
    1.17627e+01    0.00000e+00    0.00000e+00    1.17627e+01    3.30890e-01
   Total Energy  Conserved En.    Temperature Pressure (bar)
    1.20936e+01    5.44578e+00    2.65313e+01    2.78014e+01

           Step           Time
          22500       11.25000

   Energies (kJ/mol)
           Bond        LJ (SR)   Coulomb (SR)      Potential    Kinetic En.
    8.19255e+00    0.00000e+00    0.00000e+00    8.19255e+00    1.74714e-01
   Total Energy  Conserved En.    Temperature Pressure (bar)
    8.36727e+00    5.65400e+00    1.40089e+01   -2.62390e+01

           Step           Time
          22600       11.30000

   Energies (kJ/mol)
           Bond        LJ (SR)   Coulomb (SR)      Potential    Kinetic En.
    4.48649e+00    0.00000e+00    0.00000e+00    4.48649e+00    1.15712e-01
   Total Energy  Conserved En.    Temperature Pressure (bar)
    4.60220e+00    5.63421e+00    9.27801e+00    1.76351e+01

           Step           Time
          22700       11.35000

   Energies (kJ/mol)
           Bond        LJ (SR)   Coulomb (SR)      Potential    Kinetic En.
    4.50624e+00    0.00000e+00    0.00000e+00    4.50624e+00    2.43636e-01
   Total Energy  Conserved En.    Temperature Pressure (bar)
    4.74988e+00    6.07379e+00    1.95351e+01   -1.91689e+01

           Step           Time
          22800       11.40000

   Energies (kJ/mol)
           Bond        LJ (SR)   Coulomb (SR)      Potential    Kinetic En.
    5.40438e+00    0.00000e+00    0.00000e+00    5.40438e+00    6.58149e-01
   Total Energy  Conserved En.    Temperature Pressure (bar)
    6.06252e+00    6.38914e+00    5.27714e+01    1.93639e+01

           Step           Time
          22900       11.45000

   Energies (kJ/mol)
           Bond        LJ (SR)   Coulomb (SR)      Potential    Kinetic En.
    4.14172e+00    0.00000e+00    0.00000e+00    4.14172e+00    8.32835e-02
   Total Energy  Conserved En.    Temperature Pressure (bar)
    4.22500e+00    6.09951e+00    6.67780e+00   -1.83723e+01

           Step           Time
          23000       11.50000

   Energies (kJ/mol)
           Bond        LJ (SR)   Coulomb (SR)      Potential    Kinetic En.
    7.48026e+00    0.00000e+00    0.00000e+00    7.48026e+00    1.80172e-01
   Total Energy  Conserved En.    Temperature Pressure (bar)
    7.66043e+00    6.12814e+00    1.44465e+01    2.24845e+01

           Step           Time
          23100       11.55000

   Energies (kJ/mol)
           Bond        LJ (SR)   Coulomb (SR)      Potential    Kinetic En.
    6.38656e+00    0.00000e+00    0.00000e+00    6.38656e+00    5.49065e-01
   Total Energy  Conserved En.    Temperature Pressure (bar)
    6.93562e+00    6.89371e+00    4.40249e+01   -2.29523e+01

           Step           Time
          23200       11.60000

   Energies (kJ/mol)
           Bond        LJ (SR)   Coulomb (SR)      Potential    Kinetic En.
    7.58495e+00    0.00000e+00    0.00000e+00    7.58495e+00    9.39093e-01
   Total Energy  Conserved En.    Temperature Pressure (bar)
    8.52404e+00    7.19576e+00    7.52979e+01    2.27632e+01

           Step           Time
          23300       11.65000

   Energies (kJ/mol)
           Bond        LJ (SR)   Coulomb (SR)      Potential    Kinetic En.
    5.92734e+00    0.00000e+00    0.00000e+00    5.92734e+00    2.00888e+00
   Total Energy  Conserved En.    Temperature Pressure (bar)
    7.93622e+00    7.88132e+00    1.61075e+02   -2.18168e+01

           Step           Time
          23400       11.70000

   Energies (kJ/mol)
           Bond        LJ (SR)   Coulomb (SR)      Potential    Kinetic En.
    1.81951e+00    0.00000e+00    0.00000e+00    1.81951e+00    5.00958e+00
   Total Energy  Conserved En.    Temperature Pressure (bar)
    6.82910e+00    8.70079e+00    4.01676e+02    1.22638e+01

           Step           Time
          23500       11.75000

   Energies (kJ/mol)
           Bond        LJ (SR)   Coulomb (SR)      Potential    Kinetic En.
    1.42651e+00    0.00000e+00    0.00000e+00    1.42651e+00    4.66893e+00
   Total Energy  Conserved En.    Temperature Pressure (bar)
    6.09545e+00    8.90970e+00    3.74362e+02   -9.80947e+00

           Step           Time
          23600       11.80000

   Energies (kJ/mol)
           Bond        LJ (SR)   Coulomb (SR)      Potential    Kinetic En.
    1.22666e+00    0.00000e+00    0.00000e+00    1.22666e+00    5.23854e+00
   Total Energy  Conserved En.    Temperature Pressure (bar)
    6.46520e+00    9.11197e+00    4.20035e+02    1.03104e+01

           Step           Time
          23700       11.85000

   Energies (kJ/mol)
           Bond        LJ (SR)   Coulomb (SR)      Potential    Kinetic En.
    1.05089e+00    0.00000e+00    0.00000e+00    1.05089e+00    1.30444e+01
   Total Energy  Conserved En.    Temperature Pressure (bar)
    1.40953e+01    9.85853e+00    1.04592e+03   -6.82631e+00

           Step           Time
          23800       11.90000

   Energies (kJ/mol)
           Bond        LJ (SR)   Coulomb (SR)      Potential    Kinetic En.
    4.24743e+00    0.00000e+00    0.00000e+00    4.24743e+00    9.45141e+00
   Total Energy  Conserved En.    Temperature Pressure (bar)
    1.36988e+01    9.00678e+00    7.57829e+02    1.87945e+01

           Step           Time
          23900       11.95000

   Energies (kJ/mol)
           Bond        LJ (SR)   Coulomb (SR)      Potential    Kinetic En.
    3.61518e+00    0.00000e+00    0.00000e+00    3.61518e+00    9.25566e+00
   Total Energy  Conserved En.    Temperature Pressure (bar)
    1.28708e+01    9.30527e+00    7.42133e+02   -1.55333e+01

           Step           Time
          24000       12.00000

   Energies (kJ/mol)
           Bond        LJ (SR)   Coulomb (SR)      Potential    Kinetic En.
    6.32347e+00    0.00000e+00    0.00000e+00    6.32347e+00    9.60896e+00
   Total Energy  Conserved En.    Temperature Pressure (bar)
    1.59324e+01    9.12005e+00    7.70461e+02    2.24022e+01

           Step           Time
          24100       12.05000

   Energies (kJ/mol)
           Bond        LJ (SR)   Coulomb (SR)      Potential    Kinetic En.
    2.68758e+00    0.00000e+00    0.00000e+00    2.68758e+00    9.12695e+00
   Total Energy  Conserved En.    Temperature Pressure (bar)
    1.18145e+01    9.83825e+00    7.31813e+02   -1.31204e+01

           Step           Time
          24200       12.10000

   Energies (kJ/mol)
           Bond        LJ (SR)   Coulomb (SR)      Potential    Kinetic En.
    4.62899e+00    0.00000e+00    0.00000e+00    4.62899e+00    9.26207e+00
   Total Energy  Conserved En.    Temperature Pressure (bar)
    1.38911e+01    9.67755e+00    7.42647e+02    1.94823e+01

           Step           Time
          24300       12.15000

   Energies (kJ/mol)
           Bond        LJ (SR)   Coulomb (SR)      Potential    Kinetic En.
    7.65312e+00    0.00000e+00    0.00000e+00    7.65312e+00    1.26896e+01
   Total Energy  Conserved En.    Temperature Pressure (bar)
    2.03427e+01    9.86255e+00    1.01747e+03   -2.31489e+01

           Step           Time
          24400       12.20000

   Energies (kJ/mol)
           Bond        LJ (SR)   Coulomb (SR)      Potential    Kinetic En.
    7.43335e+00    0.00000e+00    0.00000e+00    7.43335e+00    8.98144e+00
   Total Energy  Conserved En.    Temperature Pressure (bar)
    1.64148e+01    9.76100e+00    7.20146e+02    2.39404e+01

           Step           Time
          24500       12.25000

   Energies (kJ/mol)
           Bond        LJ (SR)   Coulomb (SR)      Potential    Kinetic En.
    5.65941e+00    0.00000e+00    0.00000e+00    5.65941e+00    7.22433e+00
   Total Energy  Conserved En.    Temperature Pressure (bar)
    1.28837e+01    1.00625e+01    5.79258e+02   -2.03850e+01

           Step           Time
          24600       12.30000

   Energies (kJ/mol)
           Bond        LJ (SR)   Coulomb (SR)      Potential    Kinetic En.
    1.02484e+01    0.00000e+00    0.00000e+00    1.02484e+01    2.46643e+00
   Total Energy  Conserved En.    Temperature Pressure (bar)
    1.27148e+01    9.23559e+00    1.97762e+02    2.64499e+01

           Step           Time
          24700       12.35000

   Energies (kJ/mol)
           Bond        LJ (SR)   Coulomb (SR)      Potential    Kinetic En.
    1.00671e+01    0.00000e+00    0.00000e+00    1.00671e+01    3.46011e+00
   Total Energy  Conserved En.    Temperature Pressure (bar)
    1.35272e+01    9.77632e+00    2.77437e+02   -2.86918e+01

           Step           Time
          24800       12.40000

   Energies (kJ/mol)
           Bond        LJ (SR)   Coulomb (SR)      Potential    Kinetic En.
    8.91652e+00    0.00000e+00    0.00000e+00    8.91652e+00    1.64460e+00
   Total Energy  Conserved En.    Temperature Pressure (bar)
    1.05611e+01    9.62159e+00    1.31867e+02    2.46691e+01

           Step           Time
          24900       12.45000

   Energies (kJ/mol)
           Bond        LJ (SR)   Coulomb (SR)      Potential    Kinetic En.
    6.95518e+00    0.00000e+00    0.00000e+00    6.95518e+00    1.86337e-01
   Total Energy  Conserved En.    Temperature Pressure (bar)
    7.14152e+00    9.18240e+00    1.49408e+01   -2.40694e+01

           Step           Time
          25000       12.50000

   Energies (kJ/mol)
           Bond        LJ (SR)   Coulomb (SR)      Potential    Kinetic En.
    6.29706e+00    0.00000e+00    0.00000e+00    6.29706e+00    1.26808e-01
   Total Energy  Conserved En.    Temperature Pressure (bar)
    6.42387e+00    9.07035e+00    1.01677e+01    2.07210e+01

           Step           Time
          25100       12.55000

   Energies (kJ/mol)
           Bond        LJ (SR)   Coulomb (SR)      Potential    Kinetic En.
    7.56199e+00    0.00000e+00    0.00000e+00    7.56199e+00    6.09122e-01
   Total Energy  Conserved En.    Temperature Pressure (bar)
    8.17111e+00    9.78807e+00    4.88403e+01   -2.50792e+01

           Step           Time
          25200       12.60000

   Energies (kJ/mol)
           Bond        LJ (SR)   Coulomb (SR)      Potential    Kinetic En.
    1.07601e+01    0.00000e+00    0.00000e+00    1.07601e+01    4.75166e-01
   Total Energy  Conserved En.    Temperature Pressure (bar)
    1.12352e+01    9.78114e+00    3.80996e+01    2.67024e+01

           Step           Time
          25300       12.65000

   Energies (kJ/mol)
           Bond        LJ (SR)   Coulomb (SR)      Potential    Kinetic En.
    1.26934e+01    0.00000e+00    0.00000e+00    1.26934e+01    2.71414e-01
   Total Energy  Conserved En.    Temperature Pressure (bar)
    1.29648e+01    9.68455e+00    2.17624e+01   -3.30832e+01

           Step           Time
          25400       12.70000

   Energies (kJ/mol)
           Bond        LJ (SR)   Coulomb (SR)      Potential    Kinetic En.
    8.87841e+00    0.00000e+00    0.00000e+00    8.87841e+00    1.79949e-01
   Total Energy  Conserved En.    Temperature Pressure (bar)
    9.05836e+00    9.58026e+00    1.44286e+01    2.43669e+01

           Step           Time
          25500       12.75000

   Energies (kJ/mol)
           Bond        LJ (SR)   Coulomb (SR)      Potential    Kinetic En.
    7.28376e+00    0.00000e+00    0.00000e+00    7.28376e+00    6.36346e-01
   Total Energy  Conserved En.    Temperature Pressure (bar)
    7.92011e+00    9.16502e+00    5.10232e+01   -2.45831e+01

           Step           Time
          25600       12.80000

   Energies (kJ/mol)
           Bond        LJ (SR)   Coulomb (SR)      Potential    Kinetic En.
    7.98208e+00    0.00000e+00    0.00000e+00    7.98208e+00    3.31899e+00
   Total Energy  Conserved En.    Temperature Pressure (bar)
    1.13011e+01    8.61085e+00    2.66122e+02    2.37242e+01

           Step           Time
          25700       12.85000

   Energies (kJ/mol)
           Bond        LJ (SR)   Coulomb (SR)      Potential    Kinetic En.
    5.70415e+00    0.00000e+00    0.00000e+00    5.70415e+00    3.01737e+00
   Total Energy  Conserved En.    Temperature Pressure (bar)
    8.72152e+00    8.50769e+00    2.41937e+02   -2.12019e+01

           Step           Time
          25800       12.90000

   Energies (kJ/mol)
           Bond        LJ (SR)   Coulomb (SR)      Potential    Kinetic En.
    3.08502e+00    0.00000e+00    0.00000e+00    3.08502e+00    3.92193e+00
   Total Energy  Conserved En.    Temperature Pressure (bar)
    7.00695e+00    8.13981e+00    3.14466e+02    1.53952e+01

           Step           Time
          25900       12.95000

   Energies (kJ/mol)
           Bond        LJ (SR)   Coulomb (SR)      Potential    Kinetic En.
    2.71566e+00    0.00000e+00    0.00000e+00    2.71566e+00    8.70947e+00
   Total Energy  Conserved En.    Temperature Pressure (bar)
    1.14251e+01    7.81796e+00    6.98339e+02   -1.32717e+01

           Step           Time
          26000       13.00000

   Energies (kJ/mol)
           Bond        LJ (SR)   Coulomb (SR)      Potential    Kinetic En.
    1.70314e-01    0.00000e+00    0.00000e+00    1.70314e-01    1.25279e+01
   Total Energy  Conserved En.    Temperature Pressure (bar)
    1.26982e+01    6.49504e+00    1.00451e+03    5.72080e+00

           Step           Time
          26100       13.05000

   Energies (kJ/mol)
           Bond        LJ (SR)   Coulomb (SR)      Potential    Kinetic En.
    2.59807e-01    0.00000e+00    0.00000e+00    2.59807e-01    1.55262e+01
   Total Energy  Conserved En.    Temperature Pressure (bar)
    1.57860e+01    6.92789e+00    1.24491e+03   -1.78501e+00

           Step           Time
          26200       13.10000

   Energies (kJ/mol)
           Bond        LJ (SR)   Coulomb (SR)      Potential    Kinetic En.
    5.04542e-02    0.00000e+00    0.00000e+00    5.04542e-02    1.65845e+01
   Total Energy  Conserved En.    Temperature Pressure (bar)
    1.66350e+01    6.86894e+00    1.32977e+03    4.81025e+00

           Step           Time
          26300       13.15000

   Energies (kJ/mol)
           Bond        LJ (SR)   Coulomb (SR)      Potential    Kinetic En.
    8.07970e-02    0.00000e+00    0.00000e+00    8.07970e-02    1.23934e+01
   Total Energy  Conserved En.    Temperature Pressure (bar)
    1.24742e+01    7.23668e+00    9.93719e+02   -3.38299e-01

           Step           Time
          26400       13.20000

   Energies (kJ/mol)
           Bond        LJ (SR)   Coulomb (SR)      Potential    Kinetic En.
    3.31776e-01    0.00000e+00    0.00000e+00    3.31776e-01    9.24099e+00
   Total Energy  Conserved En.    Temperature Pressure (bar)
    9.57277e+00    7.80860e+00    7.40957e+02    6.54227e+00

           Step           Time
          26500       13.25000

   Energies (kJ/mol)
           Bond        LJ (SR)   Coulomb (SR)      Potential    Kinetic En.
    6.02482e-01    0.00000e+00    0.00000e+00    6.02482e-01    1.27343e+01
   Total Energy  Conserved En.    Temperature Pressure (bar)
    1.33367e+01    8.18243e+00    1.02105e+03   -4.64100e+00

           Step           Time
          26600       13.30000

   Energies (kJ/mol)
           Bond        LJ (SR)   Coulomb (SR)      Potential    Kinetic En.
    2.31050e-02    0.00000e+00    0.00000e+00    2.31050e-02    1.45965e+01
   Total Energy  Conserved En.    Temperature Pressure (bar)
    1.46196e+01    7.76790e+00    1.17037e+03    3.84061e+00

           Step           Time
          26700       13.35000

   Energies (kJ/mol)
           Bond        LJ (SR)   Coulomb (SR)      Potential    Kinetic En.
    1.97982e-01    0.00000e+00    0.00000e+00    1.97982e-01    1.25132e+01
   Total Energy  Conserved En.    Temperature Pressure (bar)
    1.27112e+01    7.40473e+00    1.00333e+03    5.99357e+00

           Step           Time
          26800       13.40000

   Energies (kJ/mol)
           Bond        LJ (SR)   Coulomb (SR)      Potential    Kinetic En.
    1.19720e-01    0.00000e+00    0.00000e+00    1.19720e-01    1.12632e+01
   Total Energy  Conserved En.    Temperature Pressure (bar)
    1.13830e+01    8.30789e+00    9.03104e+02    4.93178e+00

           Step           Time
          26900       13.45000

   Energies (kJ/mol)
           Bond        LJ (SR)   Coulomb (SR)      Potential    Kinetic En.
    7.49189e-01    0.00000e+00    0.00000e+00    7.49189e-01    8.17673e+00
   Total Energy  Conserved En.    Temperature Pressure (bar)
    8.92592e+00    8.94903e+00    6.55623e+02   -6.23059e+00

           Step           Time
          27000       13.50000

   Energies (kJ/mol)
           Bond        LJ (SR)   Coulomb (SR)      Potential    Kinetic En.
    7.64705e-03    0.00000e+00    0.00000e+00    7.64705e-03    5.98590e+00
   Total Energy  Conserved En.    Temperature Pressure (bar)
    5.99355e+00    8.36368e+00    4.79959e+02    2.74797e-01

           Step           Time
          27100       13.55000

   Energies (kJ/mol)
           Bond        LJ (SR)   Coulomb (SR)      Potential    Kinetic En.
    1.00403e-04    0.00000e+00    0.00000e+00    1.00403e-04    8.43728e+00
   Total Energy  Conserved En.    Temperature Pressure (bar)
    8.43738e+00    8.59945e+00    6.76514e+02    1.54640e+00

           Step           Time
          27200       13.60000

   Energies (kJ/mol)
           Bond        LJ (SR)   Coulomb (SR)      Potential    Kinetic En.
    9.58762e-01    0.00000e+00    0.00000e+00    9.58762e-01    9.14283e+00
   Total Energy  Conserved En.    Temperature Pressure (bar)
    1.01016e+01    9.64283e+00    7.33087e+02    9.91739e+00

           Step           Time
          27300       13.65000

   Energies (kJ/mol)
           Bond        LJ (SR)   Coulomb (SR)      Potential    Kinetic En.
    5.75256e-01    0.00000e+00    0.00000e+00    5.75256e-01    1.20102e+01
   Total Energy  Conserved En.    Temperature Pressure (bar)
    1.25855e+01    9.56136e+00    9.62999e+02   -4.60750e+00

           Step           Time
          27400       13.70000

   Energies (kJ/mol)
           Bond        LJ (SR)   Coulomb (SR)      Potential    Kinetic En.
    3.16264e+00    0.00000e+00    0.00000e+00    3.16264e+00    8.72447e+00
   Total Energy  Conserved En.    Temperature Pressure (bar)
    1.18871e+01    1.06965e+01    6.99542e+02    1.64032e+01

           Step           Time
          27500       13.75000

   Energies (kJ/mol)
           Bond        LJ (SR)   Coulomb (SR)      Potential    Kinetic En.
    2.86968e+00    0.00000e+00    0.00000e+00    2.86968e+00    9.57770e+00
   Total Energy  Conserved En.    Temperature Pressure (bar)
    1.24474e+01    1.08000e+01    7.67955e+02   -1.35482e+01

           Step           Time
          27600       13.80000

   Energies (kJ/mol)
           Bond        LJ (SR)   Coulomb (SR)      Potential    Kinetic En.
    7.32384e-04    0.00000e+00    0.00000e+00    7.32384e-04    1.01706e+01
   Total Energy  Conserved En.    Temperature Pressure (bar)
    1.01714e+01    9.19130e+00    8.15497e+02    1.99409e+00

           Step           Time
          27700       13.85000

   Energies (kJ/mol)
           Bond        LJ (SR)   Coulomb (SR)      Potential    Kinetic En.
    1.15700e-02    0.00000e+00    0.00000e+00    1.15700e-02    1.06637e+01
   Total Energy  Conserved En.    Temperature Pressure (bar)
    1.06753e+01    9.26405e+00    8.55031e+02    2.77647e+00

           Step           Time
          27800       13.90000

   Energies (kJ/mol)
           Bond        LJ (SR)   Coulomb (SR)      Potential    Kinetic En.
    2.35891e-04    0.00000e+00    0.00000e+00    2.35891e-04    1.07604e+01
   Total Energy  Conserved En.    Temperature Pressure (bar)
    1.07606e+01    9.59312e+00    8.62784e+02    1.99457e+00

           Step           Time
          27900       13.95000

   Energies (kJ/mol)
           Bond        LJ (SR)   Coulomb (SR)      Potential    Kinetic En.
    4.23043e-01    0.00000e+00    0.00000e+00    4.23043e-01    4.70116e+00
   Total Energy  Conserved En.    Temperature Pressure (bar)
    5.12420e+00    1.01941e+01    3.76946e+02   -4.90737e+00

           Step           Time
          28000       14.00000

   Energies (kJ/mol)
           Bond        LJ (SR)   Coulomb (SR)      Potential    Kinetic En.
    5.71587e-01    0.00000e+00    0.00000e+00    5.71587e-01    7.21583e+00
   Total Energy  Conserved En.    Temperature Pressure (bar)
    7.78742e+00    1.03002e+01    5.78577e+02    7.71367e+00

           Step           Time
          28100       14.05000

   Energies (kJ/mol)
           Bond        LJ (SR)   Coulomb (SR)      Potential    Kinetic En.
    6.72145e-01    0.00000e+00    0.00000e+00    6.72145e-01    3.50659e+00
   Total Energy  Conserved En.    Temperature Pressure (bar)
    4.17873e+00    1.06464e+01    2.81164e+02   -6.62816e+00

           Step           Time
          28200       14.10000

   Energies (kJ/mol)
           Bond        LJ (SR)   Coulomb (SR)      Potential    Kinetic En.
    9.81307e-01    0.00000e+00    0.00000e+00    9.81307e-01    2.73301e+00
   Total Energy  Conserved En.    Temperature Pressure (bar)
    3.71432e+00    1.09172e+01    2.19137e+02    8.90414e+00

           Step           Time
          28300       14.15000

   Energies (kJ/mol)
           Bond        LJ (SR)   Coulomb (SR)      Potential    Kinetic En.
    3.33955e-04    0.00000e+00    0.00000e+00    3.33955e-04    2.26811e+00
   Total Energy  Conserved En.    Temperature Pressure (bar)
    2.26844e+00    1.04256e+01    1.81860e+02    5.50934e-01

           Step           Time
          28400       14.20000

   Energies (kJ/mol)
           Bond        LJ (SR)   Coulomb (SR)      Potential    Kinetic En.
    7.40602e-01    0.00000e+00    0.00000e+00    7.40602e-01    2.58373e+00
   Total Energy  Conserved En.    Temperature Pressure (bar)
    3.32433e+00    1.00553e+01    2.07168e+02   -7.15335e+00

           Step           Time
          28500       14.25000

   Energies (kJ/mol)
           Bond        LJ (SR)   Coulomb (SR)      Potential    Kinetic En.
    2.65594e+00    0.00000e+00    0.00000e+00    2.65594e+00    2.69971e+00
   Total Energy  Conserved En.    Temperature Pressure (bar)
    5.35565e+00    9.77083e+00    2.16467e+02    1.41578e+01

           Step           Time
          28600       14.30000

   Energies (kJ/mol)
           Bond        LJ (SR)   Coulomb (SR)      Potential    Kinetic En.
    4.13179e+00    0.00000e+00    0.00000e+00    4.13179e+00    4.00075e+00
   Total Energy  Conserved En.    Temperature Pressure (bar)
    8.13254e+00    9.89544e+00    3.20786e+02   -1.76718e+01

           Step           Time
          28700       14.35000

   Energies (kJ/mol)
           Bond        LJ (SR)   Coulomb (SR)      Potential    Kinetic En.
    6.47517e+00    0.00000e+00    0.00000e+00    6.47517e+00    1.13951e+00
   Total Energy  Conserved En.    Temperature Pressure (bar)
    7.61468e+00    9.30172e+00    9.13677e+01    2.11713e+01

           Step           Time
          28800       14.40000

   Energies (kJ/mol)
           Bond        LJ (SR)   Coulomb (SR)      Potential    Kinetic En.
    5.80865e+00    0.00000e+00    0.00000e+00    5.80865e+00    1.04954e+00
   Total Energy  Conserved En.    Temperature Pressure (bar)
    6.85819e+00    9.50269e+00    8.41537e+01   -2.17494e+01

           Step           Time
          28900       14.45000

   Energies (kJ/mol)
           Bond        LJ (SR)   Coulomb (SR)      Potential    Kinetic En.
    4.77402e+00    0.00000e+00    0.00000e+00    4.77402e+00    1.29588e+00
   Total Energy  Conserved En.    Temperature Pressure (bar)
    6.06991e+00    9.71672e+00    1.03906e+02    1.83696e+01

           Step           Time
          29000       14.50000

   Energies (kJ/mol)
           Bond        LJ (SR)   Coulomb (SR)      Potential    Kinetic En.
    8.59226e+00    0.00000e+00    0.00000e+00    8.59226e+00    5.82446e-01
   Total Energy  Conserved En.    Temperature Pressure (bar)
    9.17470e+00    9.41905e+00    4.67014e+01   -2.68366e+01

           Step           Time
          29100       14.55000

   Energies (kJ/mol)
           Bond        LJ (SR)   Coulomb (SR)      Potential    Kinetic En.
    9.05962e+00    0.00000e+00    0.00000e+00    9.05962e+00    7.62542e-01
   Total Energy  Conserved En.    Temperature Pressure (bar)
    9.82216e+00    9.69074e+00    6.11418e+01    2.46990e+01

           Step           Time
          29200       14.60000

   Energies (kJ/mol)
           Bond        LJ (SR)   Coulomb (SR)      Potential    Kinetic En.
    1.21313e+01    0.00000e+00    0.00000e+00    1.21313e+01    2.53135e-01
   Total Energy  Conserved En.    Temperature Pressure (bar)
    1.23844e+01    9.38408e+00    2.02967e+01   -3.22963e+01

           Step           Time
          29300       14.65000

   Energies (kJ/mol)
           Bond        LJ (SR)   Coulomb (SR)      Potential    Kinetic En.
    9.45565e+00    0.00000e+00    0.00000e+00    9.45565e+00    5.69066e-01
   Total Energy  Conserved En.    Temperature Pressure (bar)
    1.00247e+01    9.97197e+00    4.56286e+01    2.51621e+01

           Step           Time
          29400       14.70000

   Energies (kJ/mol)
           Bond        LJ (SR)   Coulomb (SR)      Potential    Kinetic En.
    7.04060e+00    0.00000e+00    0.00000e+00    7.04060e+00    2.12637e-01
   Total Energy  Conserved En.    Temperature Pressure (bar)
    7.25324e+00    9.33247e+00    1.70496e+01   -2.42198e+01

           Step           Time
          29500       14.75000

   Energies (kJ/mol)
           Bond        LJ (SR)   Coulomb (SR)      Potential    Kinetic En.
    6.51083e+00    0.00000e+00    0.00000e+00    6.51083e+00    3.34368e-01
   Total Energy  Conserved En.    Temperature Pressure (bar)
    6.84520e+00    1.00704e+01    2.68101e+01    2.10867e+01

           Step           Time
          29600       14.80000

   Energies (kJ/mol)
           Bond        LJ (SR)   Coulomb (SR)      Potential    Kinetic En.
    4.12187e+00    0.00000e+00    0.00000e+00    4.12187e+00    1.52859e-01
   Total Energy  Conserved En.    Temperature Pressure (bar)
    4.27473e+00    9.94550e+00    1.22565e+01   -1.83145e+01

           Step           Time
          29700       14.85000

   Energies (kJ/mol)
           Bond        LJ (SR)   Coulomb (SR)      Potential    Kinetic En.
    3.15788e+00    0.00000e+00    0.00000e+00    3.15788e+00    6.22050e-01
   Total Energy  Conserved En.    Temperature Pressure (bar)
    3.77993e+00    1.03064e+01    4.98769e+01    1.49909e+01

           Step           Time
          29800       14.90000

   Energies (kJ/mol)
           Bond        LJ (SR)   Coulomb (SR)      Potential    Kinetic En.
    2.22303e+00    0.00000e+00    0.00000e+00    2.22303e+00    1.04959e-01
   Total Energy  Conserved En.    Temperature Pressure (bar)
    2.32799e+00    1.01674e+01    8.41578e+00   -1.33121e+01

           Step           Time
          29900       14.95000

   Energies (kJ/mol)
           Bond        LJ (SR)   Coulomb (SR)      Potential    Kinetic En.
    2.51578e+00    0.00000e+00    0.00000e+00    2.51578e+00    4.97358e-02
   Total Energy  Conserved En.    Temperature Pressure (bar)
    2.56552e+00    1.01148e+01    3.98790e+00    1.33452e+01

           Step           Time
          30000       15.00000

   Energies (kJ/mol)
           Bond        LJ (SR)   Coulomb (SR)      Potential    Kinetic En.
    1.43100e+00    0.00000e+00    0.00000e+00    1.43100e+00    2.93677e-02
   Total Energy  Conserved En.    Temperature Pressure (bar)
    1.46037e+00    1.01842e+01    2.35475e+00   -1.06291e+01

           Step           Time
          30100       15.05000

   Energies (kJ/mol)
           Bond        LJ (SR)   Coulomb (SR)      Potential    Kinetic En.
    1.65029e-01    0.00000e+00    0.00000e+00    1.65029e-01    3.39172e+00
   Total Energy  Conserved En.    Temperature Pressure (bar)
    3.55675e+00    1.10167e+01    2.71954e+02    4.08537e+00

           Step           Time
          30200       15.10000

   Energies (kJ/mol)
           Bond        LJ (SR)   Coulomb (SR)      Potential    Kinetic En.
    2.22247e+00    0.00000e+00    0.00000e+00    2.22247e+00    1.99440e+00
   Total Energy  Conserved En.    Temperature Pressure (bar)
    4.21687e+00    1.03410e+01    1.59914e+02   -1.29836e+01

           Step           Time
          30300       15.15000

   Energies (kJ/mol)
           Bond        LJ (SR)   Coulomb (SR)      Potential    Kinetic En.
    2.52666e+00    0.00000e+00    0.00000e+00    2.52666e+00    4.50502e+00
   Total Energy  Conserved En.    Temperature Pressure (bar)
    7.03169e+00    1.07555e+01    3.61220e+02    1.41437e+01

           Step           Time
          30400       15.20000

   Energies (kJ/mol)
           Bond        LJ (SR)   Coulomb (SR)      Potential    Kinetic En.
    2.40025e+00    0.00000e+00    0.00000e+00    2.40025e+00    5.06349e+00
   Total Energy  Conserved En.    Temperature Pressure (bar)
    7.46374e+00    1.09533e+01    4.05999e+02   -1.29912e+01

           Step           Time
          30500       15.25000

   Energies (kJ/mol)
           Bond        LJ (SR)   Coulomb (SR)      Potential    Kinetic En.
    5.79113e+00    0.00000e+00    0.00000e+00    5.79113e+00    4.56713e+00
   Total Energy  Conserved En.    Temperature Pressure (bar)
    1.03583e+01    1.04958e+01    3.66200e+02    2.06830e+01

           Step           Time
          30600       15.30000

   Energies (kJ/mol)
           Bond        LJ (SR)   Coulomb (SR)      Potential    Kinetic En.
    1.18890e+00    0.00000e+00    0.00000e+00    1.18890e+00    5.76527e+00
   Total Energy  Conserved En.    Temperature Pressure (bar)
    6.95416e+00    1.10580e+01    4.62268e+02   -8.67571e+00

           Step           Time
          30700       15.35000

   Energies (kJ/mol)
           Bond        LJ (SR)   Coulomb (SR)      Potential    Kinetic En.
    2.01389e+00    0.00000e+00    0.00000e+00    2.01389e+00    2.84474e+00
   Total Energy  Conserved En.    Temperature Pressure (bar)
    4.85863e+00    1.07687e+01    2.28095e+02    1.24655e+01

           Step           Time
          30800       15.40000

   Energies (kJ/mol)
           Bond        LJ (SR)   Coulomb (SR)      Potential    Kinetic En.
    9.20492e-01    0.00000e+00    0.00000e+00    9.20492e-01    1.17542e+00
   Total Energy  Conserved En.    Temperature Pressure (bar)
    2.09591e+00    1.07284e+01    9.42467e+01   -8.28625e+00

           Step           Time
          30900       15.45000

   Energies (kJ/mol)
           Bond        LJ (SR)   Coulomb (SR)      Potential    Kinetic En.
    1.77633e+00    0.00000e+00    0.00000e+00    1.77633e+00    3.61062e-02
   Total Energy  Conserved En.    Temperature Pressure (bar)
    1.81244e+00    1.04593e+01    2.89505e+00    1.12712e+01

           Step           Time
          31000       15.50000

   Energies (kJ/mol)
           Bond        LJ (SR)   Coulomb (SR)      Potential    Kinetic En.
    8.34523e-01    0.00000e+00    0.00000e+00    8.34523e-01    1.65946e-02
   Total Energy  Conserved En.    Temperature Pressure (bar)
    8.51118e-01    1.06011e+01    1.33059e+00   -8.07331e+00

           Step           Time
          31100       15.55000

   Energies (kJ/mol)
           Bond        LJ (SR)   Coulomb (SR)      Potential    Kinetic En.
    2.97609e+00    0.00000e+00    0.00000e+00    2.97609e+00    6.29271e-02
   Total Energy  Conserved En.    Temperature Pressure (bar)
    3.03902e+00    1.06316e+01    5.04560e+00    1.44749e+01

           Step           Time
          31200       15.60000

   Energies (kJ/mol)
           Bond        LJ (SR)   Coulomb (SR)      Potential    Kinetic En.
    2.11767e+00    0.00000e+00    0.00000e+00    2.11767e+00    8.35871e-02
   Total Energy  Conserved En.    Temperature Pressure (bar)
    2.20125e+00    1.07710e+01    6.70215e+00   -1.29871e+01

           Step           Time
          31300       15.65000

   Energies (kJ/mol)
           Bond        LJ (SR)   Coulomb (SR)      Potential    Kinetic En.
    2.68839e+00    0.00000e+00    0.00000e+00    2.68839e+00    2.00302e-01
   Total Energy  Conserved En.    Temperature Pressure (bar)
    2.88869e+00    1.08901e+01    1.60605e+01    1.38060e+01

           Step           Time
          31400       15.70000

   Energies (kJ/mol)
           Bond        LJ (SR)   Coulomb (SR)      Potential    Kinetic En.
    3.61697e+00    0.00000e+00    0.00000e+00    3.61697e+00    1.44988e-01
   Total Energy  Conserved En.    Temperature Pressure (bar)
    3.76195e+00    1.06565e+01    1.16254e+01   -1.71136e+01

           Step           Time
          31500       15.75000

   Energies (kJ/mol)
           Bond        LJ (SR)   Coulomb (SR)      Potential    Kinetic En.
    4.44454e+00    0.00000e+00    0.00000e+00    4.44454e+00    1.06997e+00
   Total Energy  Conserved En.    Temperature Pressure (bar)
    5.51451e+00    1.05144e+01    8.57922e+01    1.77212e+01

           Step           Time
          31600       15.80000

   Energies (kJ/mol)
           Bond        LJ (SR)   Coulomb (SR)      Potential    Kinetic En.
    2.72185e+00    0.00000e+00    0.00000e+00    2.72185e+00    1.87184e-01
   Total Energy  Conserved En.    Temperature Pressure (bar)
    2.90903e+00    1.07721e+01    1.50087e+01   -1.47631e+01

           Step           Time
          31700       15.85000

   Energies (kJ/mol)
           Bond        LJ (SR)   Coulomb (SR)      Potential    Kinetic En.
    2.75480e+00    0.00000e+00    0.00000e+00    2.75480e+00    1.68183e-01
   Total Energy  Conserved En.    Temperature Pressure (bar)
    2.92298e+00    1.08600e+01    1.34852e+01    1.39637e+01

           Step           Time
          31800       15.90000

   Energies (kJ/mol)
           Bond        LJ (SR)   Coulomb (SR)      Potential    Kinetic En.
    2.55237e+00    0.00000e+00    0.00000e+00    2.55237e+00    2.91187e-01
   Total Energy  Conserved En.    Temperature Pressure (bar)
    2.84356e+00    1.08585e+01    2.33478e+01   -1.42627e+01

           Step           Time
          31900       15.95000

   Energies (kJ/mol)
           Bond        LJ (SR)   Coulomb (SR)      Potential    Kinetic En.
    3.46459e+00    0.00000e+00    0.00000e+00    3.46459e+00    1.09286e+00
   Total Energy  Conserved En.    Temperature Pressure (bar)
    4.55745e+00    1.07640e+01    8.76274e+01    1.57512e+01

           Step           Time
          32000       16.00000

   Energies (kJ/mol)
           Bond        LJ (SR)   Coulomb (SR)      Potential    Kinetic En.
    6.38229e+00    0.00000e+00    0.00000e+00    6.38229e+00    2.58287e+00
   Total Energy  Conserved En.    Temperature Pressure (bar)
    8.96516e+00    1.08080e+01    2.07099e+02   -2.25924e+01

           Step           Time
          32100       16.05000

   Energies (kJ/mol)
           Bond        LJ (SR)   Coulomb (SR)      Potential    Kinetic En.
    2.03111e+00    0.00000e+00    0.00000e+00    2.03111e+00    1.76115e+00
   Total Energy  Conserved En.    Temperature Pressure (bar)
    3.79226e+00    1.03270e+01    1.41212e+02    1.23276e+01

           Step           Time
          32200       16.10000

   Energies (kJ/mol)
           Bond        LJ (SR)   Coulomb (SR)      Potential    Kinetic En.
    2.16795e+00    0.00000e+00    0.00000e+00    2.16795e+00    3.79350e-01
   Total Energy  Conserved En.    Temperature Pressure (bar)
    2.54730e+00    1.07649e+01    3.04168e+01   -1.30937e+01

           Step           Time
          32300       16.15000

   Energies (kJ/mol)
           Bond        LJ (SR)   Coulomb (SR)      Potential    Kinetic En.
    6.52998e+00    0.00000e+00    0.00000e+00    6.52998e+00    3.27166e+00
   Total Energy  Conserved En.    Temperature Pressure (bar)
    9.80164e+00    1.07222e+01    2.62327e+02    2.16240e+01

           Step           Time
          32400       16.20000

   Energies (kJ/mol)
           Bond        LJ (SR)   Coulomb (SR)      Potential    Kinetic En.
    4.00945e+00    0.00000e+00    0.00000e+00    4.00945e+00    4.54184e+00
   Total Energy  Conserved En.    Temperature Pressure (bar)
    8.55130e+00    1.02185e+01    3.64172e+02   -1.72938e+01

           Step           Time
          32500       16.25000

   Energies (kJ/mol)
           Bond        LJ (SR)   Coulomb (SR)      Potential    Kinetic En.
    9.44901e+00    0.00000e+00    0.00000e+00    9.44901e+00    6.18688e+00
   Total Energy  Conserved En.    Temperature Pressure (bar)
    1.56359e+01    1.09985e+01    4.96074e+02    2.61256e+01

           Step           Time
          32600       16.30000

   Energies (kJ/mol)
           Bond        LJ (SR)   Coulomb (SR)      Potential    Kinetic En.
    6.55657e+00    0.00000e+00    0.00000e+00    6.55657e+00    5.09205e+00
   Total Energy  Conserved En.    Temperature Pressure (bar)
    1.16486e+01    1.09890e+01    4.08288e+02   -2.24860e+01

           Step           Time
          32700       16.35000

   Energies (kJ/mol)
           Bond        LJ (SR)   Coulomb (SR)      Potential    Kinetic En.
    6.15457e+00    0.00000e+00    0.00000e+00    6.15457e+00    5.71877e+00
   Total Energy  Conserved En.    Temperature Pressure (bar)
    1.18733e+01    1.10736e+01    4.58540e+02    2.14650e+01

           Step           Time
          32800       16.40000

   Energies (kJ/mol)
           Bond        LJ (SR)   Coulomb (SR)      Potential    Kinetic En.
    7.83702e+00    0.00000e+00    0.00000e+00    7.83702e+00    3.86133e+00
   Total Energy  Conserved En.    Temperature Pressure (bar)
    1.16984e+01    1.18454e+01    3.09608e+02   -2.49946e+01

           Step           Time
          32900       16.45000

   Energies (kJ/mol)
           Bond        LJ (SR)   Coulomb (SR)      Potential    Kinetic En.
    2.88690e+00    0.00000e+00    0.00000e+00    2.88690e+00    1.43122e+00
   Total Energy  Conserved En.    Temperature Pressure (bar)
    4.31812e+00    1.18546e+01    1.14757e+02    1.45009e+01

           Step           Time
          33000       16.50000

   Energies (kJ/mol)
           Bond        LJ (SR)   Coulomb (SR)      Potential    Kinetic En.
    3.64953e+00    0.00000e+00    0.00000e+00    3.64953e+00    2.44381e+00
   Total Energy  Conserved En.    Temperature Pressure (bar)
    6.09334e+00    1.19035e+01    1.95949e+02   -1.67957e+01

           Step           Time
          33100       16.55000

   Energies (kJ/mol)
           Bond        LJ (SR)   Coulomb (SR)      Potential    Kinetic En.
    3.31846e+00    0.00000e+00    0.00000e+00    3.31846e+00    7.46825e-01
   Total Energy  Conserved En.    Temperature Pressure (bar)
    4.06529e+00    1.23898e+01    5.98816e+01    1.53721e+01

           Step           Time
          33200       16.60000

   Energies (kJ/mol)
           Bond        LJ (SR)   Coulomb (SR)      Potential    Kinetic En.
    1.07450e+00    0.00000e+00    0.00000e+00    1.07450e+00    1.54118e+00
   Total Energy  Conserved En.    Temperature Pressure (bar)
    2.61568e+00    1.18266e+01    1.23574e+02   -8.91958e+00

           Step           Time
          33300       16.65000

   Energies (kJ/mol)
           Bond        LJ (SR)   Coulomb (SR)      Potential    Kinetic En.
    3.66106e+00    0.00000e+00    0.00000e+00    3.66106e+00    7.93096e-01
   Total Energy  Conserved En.    Temperature Pressure (bar)
    4.45415e+00    1.22188e+01    6.35917e+01    1.61173e+01

           Step           Time
          33400       16.70000

   Energies (kJ/mol)
           Bond        LJ (SR)   Coulomb (SR)      Potential    Kinetic En.
    3.68404e+00    0.00000e+00    0.00000e+00    3.68404e+00    1.14795e+00
   Total Energy  Conserved En.    Temperature Pressure (bar)
    4.83199e+00    1.22243e+01    9.20445e+01   -1.71041e+01

           Step           Time
          33500       16.75000

   Energies (kJ/mol)
           Bond        LJ (SR)   Coulomb (SR)      Potential    Kinetic En.
    2.20972e+00    0.00000e+00    0.00000e+00    2.20972e+00    1.94713e+00
   Total Energy  Conserved En.    Temperature Pressure (bar)
    4.15685e+00    1.19670e+01    1.56124e+02    1.28615e+01

           Step           Time
          33600       16.80000

   Energies (kJ/mol)
           Bond        LJ (SR)   Coulomb (SR)      Potential    Kinetic En.
    1.28067e+00    0.00000e+00    0.00000e+00    1.28067e+00    1.33708e+00
   Total Energy  Conserved En.    Temperature Pressure (bar)
    2.61775e+00    1.19601e+01    1.07209e+02   -9.81614e+00

           Step           Time
          33700       16.85000

   Energies (kJ/mol)
           Bond        LJ (SR)   Coulomb (SR)      Potential    Kinetic En.
    2.58413e+00    0.00000e+00    0.00000e+00    2.58413e+00    1.73230e+00
   Total Energy  Conserved En.    Temperature Pressure (bar)
    4.31643e+00    1.21617e+01    1.38898e+02    1.38103e+01

           Step           Time
          33800       16.90000

   Energies (kJ/mol)
           Bond        LJ (SR)   Coulomb (SR)      Potential    Kinetic En.
    3.74482e+00    0.00000e+00    0.00000e+00    3.74482e+00    1.21645e+00
   Total Energy  Conserved En.    Temperature Pressure (bar)
    4.96127e+00    1.26076e+01    9.75366e+01   -1.72397e+01

           Step           Time
          33900       16.95000

   Energies (kJ/mol)
           Bond        LJ (SR)   Coulomb (SR)      Potential    Kinetic En.
    6.87638e+00    0.00000e+00    0.00000e+00    6.87638e+00    1.71905e+00
   Total Energy  Conserved En.    Temperature Pressure (bar)
    8.59542e+00    1.28908e+01    1.37836e+02    2.18764e+01

           Step           Time
          34000       17.00000

   Energies (kJ/mol)
           Bond        LJ (SR)   Coulomb (SR)      Potential    Kinetic En.
    2.83291e+00    0.00000e+00    0.00000e+00    2.83291e+00    3.24628e+00
   Total Energy  Conserved En.    Temperature Pressure (bar)
    6.07919e+00    1.20118e+01    2.60292e+02   -1.45425e+01

           Step           Time
          34100       17.05000

   Energies (kJ/mol)
           Bond        LJ (SR)   Coulomb (SR)      Potential    Kinetic En.
    4.44189e+00    0.00000e+00    0.00000e+00    4.44189e+00    1.85832e+00
   Total Energy  Conserved En.    Temperature Pressure (bar)
    6.30021e+00    1.25766e+01    1.49003e+02    1.78526e+01

           Step           Time
          34200       17.10000

   Energies (kJ/mol)
           Bond        LJ (SR)   Coulomb (SR)      Potential    Kinetic En.
    2.08908e+00    0.00000e+00    0.00000e+00    2.08908e+00    3.14862e+00
   Total Energy  Conserved En.    Temperature Pressure (bar)
    5.23770e+00    1.20686e+01    2.52462e+02   -1.23664e+01

           Step           Time
          34300       17.15000

   Energies (kJ/mol)
           Bond        LJ (SR)   Coulomb (SR)      Potential    Kinetic En.
    1.39538e+00    0.00000e+00    0.00000e+00    1.39538e+00    5.72792e+00
   Total Energy  Conserved En.    Temperature Pressure (bar)
    7.12330e+00    1.18097e+01    4.59273e+02    1.10059e+01

           Step           Time
          34400       17.20000

   Energies (kJ/mol)
           Bond        LJ (SR)   Coulomb (SR)      Potential    Kinetic En.
    7.61917e-01    0.00000e+00    0.00000e+00    7.61917e-01    7.92636e+00
   Total Energy  Conserved En.    Temperature Pressure (bar)
    8.68828e+00    1.17210e+01    6.35548e+02   -6.33967e+00

           Step           Time
          34500       17.25000

   Energies (kJ/mol)
           Bond        LJ (SR)   Coulomb (SR)      Potential    Kinetic En.
    1.42423e+00    0.00000e+00    0.00000e+00    1.42423e+00    1.06009e+01
   Total Energy  Conserved En.    Temperature Pressure (bar)
    1.20251e+01    1.20861e+01    8.49993e+02    1.19493e+01

           Step           Time
          34600       17.30000

   Energies (kJ/mol)
           Bond        LJ (SR)   Coulomb (SR)      Potential    Kinetic En.
    3.81618e-01    0.00000e+00    0.00000e+00    3.81618e-01    6.54627e+00
   Total Energy  Conserved En.    Temperature Pressure (bar)
    6.92789e+00    1.19170e+01    5.24890e+02   -4.29743e+00

           Step           Time
          34700       17.35000

   Energies (kJ/mol)
           Bond        LJ (SR)   Coulomb (SR)      Potential    Kinetic En.
    1.31919e-01    0.00000e+00    0.00000e+00    1.31919e-01    7.85923e+00
   Total Energy  Conserved En.    Temperature Pressure (bar)
    7.99115e+00    1.18288e+01    6.30165e+02    4.49022e+00

           Step           Time
          34800       17.40000

   Energies (kJ/mol)
           Bond        LJ (SR)   Coulomb (SR)      Potential    Kinetic En.
    9.36228e-01    0.00000e+00    0.00000e+00    9.36228e-01    1.26560e+01
   Total Energy  Conserved En.    Temperature Pressure (bar)
    1.35922e+01    1.23331e+01    1.01477e+03   -6.37407e+00

           Step           Time
          34900       17.45000

   Energies (kJ/mol)
           Bond        LJ (SR)   Coulomb (SR)      Potential    Kinetic En.
    3.94725e-01    0.00000e+00    0.00000e+00    3.94725e-01    7.20185e+00
   Total Energy  Conserved En.    Temperature Pressure (bar)
    7.59658e+00    1.24595e+01    5.77456e+02    6.63253e+00

           Step           Time
          35000       17.50000

   Energies (kJ/mol)
           Bond        LJ (SR)   Coulomb (SR)      Potential    Kinetic En.
    2.75447e-02    0.00000e+00    0.00000e+00    2.75447e-02    6.89182e+00
   Total Energy  Conserved En.    Temperature Pressure (bar)
    6.91937e+00    1.19153e+01    5.52597e+02    2.62836e+00

           Step           Time
          35100       17.55000

   Energies (kJ/mol)
           Bond        LJ (SR)   Coulomb (SR)      Potential    Kinetic En.
    7.61046e-02    0.00000e+00    0.00000e+00    7.61046e-02    2.45038e+00
   Total Energy  Conserved En.    Temperature Pressure (bar)
    2.52649e+00    1.22901e+01    1.96475e+02    2.80598e+00

           Step           Time
          35200       17.60000

   Energies (kJ/mol)
           Bond        LJ (SR)   Coulomb (SR)      Potential    Kinetic En.
    2.95930e-02    0.00000e+00    0.00000e+00    2.95930e-02    5.12020e+00
   Total Energy  Conserved En.    Temperature Pressure (bar)
    5.14980e+00    1.23089e+01    4.10546e+02   -6.13111e-01

           Step           Time
          35300       17.65000

   Energies (kJ/mol)
           Bond        LJ (SR)   Coulomb (SR)      Potential    Kinetic En.
    2.84834e-02    0.00000e+00    0.00000e+00    2.84834e-02    4.67742e+00
   Total Energy  Conserved En.    Temperature Pressure (bar)
    4.70590e+00    1.24105e+01    3.75043e+02    2.26952e+00

           Step           Time
          35400       17.70000

   Energies (kJ/mol)
           Bond        LJ (SR)   Coulomb (SR)      Potential    Kinetic En.
    3.19534e-02    0.00000e+00    0.00000e+00    3.19534e-02    4.26080e+00
   Total Energy  Conserved En.    Temperature Pressure (bar)
    4.29276e+00    1.25642e+01    3.41638e+02   -8.20597e-01

           Step           Time
          35500       17.75000

   Energies (kJ/mol)
           Bond        LJ (SR)   Coulomb (SR)      Potential    Kinetic En.
    1.23628e-01    0.00000e+00    0.00000e+00    1.23628e-01    6.14268e+00
   Total Energy  Conserved En.    Temperature Pressure (bar)
    6.26630e+00    1.27875e+01    4.92529e+02    4.09404e+00

           Step           Time
          35600       17.80000

   Energies (kJ/mol)
           Bond        LJ (SR)   Coulomb (SR)      Potential    Kinetic En.
    3.99093e-01    0.00000e+00    0.00000e+00    3.99093e-01    1.28388e+01
   Total Energy  Conserved En.    Temperature Pressure (bar)
    1.32379e+01    1.30829e+01    1.02944e+03   -3.33345e+00

           Step           Time
          35700       17.85000

   Energies (kJ/mol)
           Bond        LJ (SR)   Coulomb (SR)      Potential    Kinetic En.
    1.58989e-02    0.00000e+00    0.00000e+00    1.58989e-02    9.51724e+00
   Total Energy  Conserved En.    Temperature Pressure (bar)
    9.53314e+00    1.25947e+01    7.63108e+02    5.48669e-01

           Step           Time
          35800       17.90000

   Energies (kJ/mol)
           Bond        LJ (SR)   Coulomb (SR)      Potential    Kinetic En.
    1.29812e-02    0.00000e+00    0.00000e+00    1.29812e-02    7.80941e+00
   Total Energy  Conserved En.    Temperature Pressure (bar)
    7.82239e+00    1.27382e+01    6.26171e+02    2.33783e+00

           Step           Time
          35900       17.95000

   Energies (kJ/mol)
           Bond        LJ (SR)   Coulomb (SR)      Potential    Kinetic En.
    4.36209e-01    0.00000e+00    0.00000e+00    4.36209e-01    5.21706e+00
   Total Energy  Conserved En.    Temperature Pressure (bar)
    5.65327e+00    1.25038e+01    4.18312e+02   -4.90762e+00

           Step           Time
          36000       18.00000

   Energies (kJ/mol)
           Bond        LJ (SR)   Coulomb (SR)      Potential    Kinetic En.
    1.00167e+00    0.00000e+00    0.00000e+00    1.00167e+00    8.89033e+00
   Total Energy  Conserved En.    Temperature Pressure (bar)
    9.89200e+00    1.26736e+01    7.12840e+02    1.00545e+01

           Step           Time
          36100       18.05000

   Energies (kJ/mol)
           Bond        LJ (SR)   Coulomb (SR)      Potential    Kinetic En.
    1.74378e+00    0.00000e+00    0.00000e+00    1.74378e+00    8.98201e+00
   Total Energy  Conserved En.    Temperature Pressure (bar)
    1.07258e+01    1.26413e+01    7.20192e+02   -1.02137e+01

           Step           Time
          36200       18.10000

   Energies (kJ/mol)
           Bond        LJ (SR)   Coulomb (SR)      Potential    Kinetic En.
    4.55970e+00    0.00000e+00    0.00000e+00    4.55970e+00    9.79207e+00
   Total Energy  Conserved En.    Temperature Pressure (bar)
    1.43518e+01    1.24275e+01    7.85143e+02    1.94456e+01

           Step           Time
          36300       18.15000

   Energies (kJ/mol)
           Bond        LJ (SR)   Coulomb (SR)      Potential    Kinetic En.
    5.32031e+00    0.00000e+00    0.00000e+00    5.32031e+00    9.22910e+00
   Total Energy  Conserved En.    Temperature Pressure (bar)
    1.45494e+01    1.25368e+01    7.40004e+02   -1.93512e+01

           Step           Time
          36400       18.20000

   Energies (kJ/mol)
           Bond        LJ (SR)   Coulomb (SR)      Potential    Kinetic En.
    8.47797e+00    0.00000e+00    0.00000e+00    8.47797e+00    8.81883e+00
   Total Energy  Conserved En.    Temperature Pressure (bar)
    1.72968e+01    1.23811e+01    7.07108e+02    2.53403e+01

           Step           Time
          36500       18.25000

   Energies (kJ/mol)
           Bond        LJ (SR)   Coulomb (SR)      Potential    Kinetic En.
    1.24104e+00    0.00000e+00    0.00000e+00    1.24104e+00    3.95973e+00
   Total Energy  Conserved En.    Temperature Pressure (bar)
    5.20077e+00    1.20896e+01    3.17497e+02   -9.20240e+00

           Step           Time
          36600       18.30000

   Energies (kJ/mol)
           Bond        LJ (SR)   Coulomb (SR)      Potential    Kinetic En.
    4.82851e-01    0.00000e+00    0.00000e+00    4.82851e-01    4.83625e+00
   Total Energy  Conserved En.    Temperature Pressure (bar)
    5.31910e+00    1.24559e+01    3.87778e+02    6.78639e+00

           Step           Time
          36700       18.35000

   Energies (kJ/mol)
           Bond        LJ (SR)   Coulomb (SR)      Potential    Kinetic En.
    8.90659e-01    0.00000e+00    0.00000e+00    8.90659e-01    3.60830e+00
   Total Energy  Conserved En.    Temperature Pressure (bar)
    4.49896e+00    1.23471e+01    2.89320e+02   -7.72416e+00

           Step           Time
          36800       18.40000

   Energies (kJ/mol)
           Bond        LJ (SR)   Coulomb (SR)      Potential    Kinetic En.
    1.26917e+00    0.00000e+00    0.00000e+00    1.26917e+00    4.80572e+00
   Total Energy  Conserved En.    Temperature Pressure (bar)
    6.07489e+00    1.24747e+01    3.85330e+02    1.03934e+01

           Step           Time
          36900       18.45000

   Energies (kJ/mol)
           Bond        LJ (SR)   Coulomb (SR)      Potential    Kinetic En.
    1.79975e+00    0.00000e+00    0.00000e+00    1.79975e+00    1.91772e+00
   Total Energy  Conserved En.    Temperature Pressure (bar)
    3.71747e+00    1.22326e+01    1.53765e+02   -1.16278e+01

           Step           Time
          37000       18.50000

   Energies (kJ/mol)
           Bond        LJ (SR)   Coulomb (SR)      Potential    Kinetic En.
    2.65215e+00    0.00000e+00    0.00000e+00    2.65215e+00    2.58949e-01
   Total Energy  Conserved En.    Temperature Pressure (bar)
    2.91110e+00    1.19201e+01    2.07629e+01    1.37262e+01

           Step           Time
          37100       18.55000

   Energies (kJ/mol)
           Bond        LJ (SR)   Coulomb (SR)      Potential    Kinetic En.
    2.15719e+00    0.00000e+00    0.00000e+00    2.15719e+00    1.47645e-01
   Total Energy  Conserved En.    Temperature Pressure (bar)
    2.30483e+00    1.20356e+01    1.18384e+01   -1.31002e+01

           Step           Time
          37200       18.60000

   Energies (kJ/mol)
           Bond        LJ (SR)   Coulomb (SR)      Potential    Kinetic En.
    1.64888e+00    0.00000e+00    0.00000e+00    1.64888e+00    3.54736e-02
   Total Energy  Conserved En.    Temperature Pressure (bar)
    1.68435e+00    1.19632e+01    2.84433e+00    1.08702e+01

           Step           Time
          37300       18.65000

   Energies (kJ/mol)
           Bond        LJ (SR)   Coulomb (SR)      Potential    Kinetic En.
    1.75744e+00    0.00000e+00    0.00000e+00    1.75744e+00    5.20740e-02
   Total Energy  Conserved En.    Temperature Pressure (bar)
    1.80952e+00    1.19677e+01    4.17538e+00   -1.18055e+01

           Step           Time
          37400       18.70000

   Energies (kJ/mol)
           Bond        LJ (SR)   Coulomb (SR)      Potential    Kinetic En.
    2.57855e+00    0.00000e+00    0.00000e+00    2.57855e+00    5.66796e-02
   Total Energy  Conserved En.    Temperature Pressure (bar)
    2.63523e+00    1.20497e+01    4.54466e+00    1.35063e+01

           Step           Time
          37500       18.75000

   Energies (kJ/mol)
           Bond        LJ (SR)   Coulomb (SR)      Potential    Kinetic En.
    4.68614e+00    0.00000e+00    0.00000e+00    4.68614e+00    1.06970e-01
   Total Energy  Conserved En.    Temperature Pressure (bar)
    4.79311e+00    1.21067e+01    8.57701e+00   -1.95879e+01

           Step           Time
          37600       18.80000

   Energies (kJ/mol)
           Bond        LJ (SR)   Coulomb (SR)      Potential    Kinetic En.
    3.71627e+00    0.00000e+00    0.00000e+00    3.71627e+00    2.32661e-01
   Total Energy  Conserved En.    Temperature Pressure (bar)
    3.94893e+00    1.25743e+01    1.86551e+01    1.61356e+01

           Step           Time
          37700       18.85000

   Energies (kJ/mol)
           Bond        LJ (SR)   Coulomb (SR)      Potential    Kinetic En.
    6.49997e+00    0.00000e+00    0.00000e+00    6.49997e+00    6.76802e-01
   Total Energy  Conserved En.    Temperature Pressure (bar)
    7.17677e+00    1.28937e+01    5.42671e+01   -2.31438e+01

           Step           Time
          37800       18.90000

   Energies (kJ/mol)
           Bond        LJ (SR)   Coulomb (SR)      Potential    Kinetic En.
    6.65440e+00    0.00000e+00    0.00000e+00    6.65440e+00    2.51507e-01
   Total Energy  Conserved En.    Temperature Pressure (bar)
    6.90590e+00    1.27386e+01    2.01662e+01    2.12904e+01

           Step           Time
          37900       18.95000

   Energies (kJ/mol)
           Bond        LJ (SR)   Coulomb (SR)      Potential    Kinetic En.
    8.96434e+00    0.00000e+00    0.00000e+00    8.96434e+00    1.82735e-01
   Total Energy  Conserved En.    Temperature Pressure (bar)
    9.14708e+00    1.25940e+01    1.46520e+01   -2.75153e+01

           Step           Time
          38000       19.00000

   Energies (kJ/mol)
           Bond        LJ (SR)   Coulomb (SR)      Potential    Kinetic En.
    8.42970e+00    0.00000e+00    0.00000e+00    8.42970e+00    7.57541e-01
   Total Energy  Conserved En.    Temperature Pressure (bar)
    9.18724e+00    1.35097e+01    6.07409e+01    2.38822e+01

           Step           Time
          38100       19.05000

   Energies (kJ/mol)
           Bond        LJ (SR)   Coulomb (SR)      Potential    Kinetic En.
    5.91227e+00    0.00000e+00    0.00000e+00    5.91227e+00    5.08334e-01
   Total Energy  Conserved En.    Temperature Pressure (bar)
    6.42060e+00    1.35608e+01    4.07590e+01   -2.20468e+01

           Step           Time
          38200       19.10000

   Energies (kJ/mol)
           Bond        LJ (SR)   Coulomb (SR)      Potential    Kinetic En.
    8.77391e+00    0.00000e+00    0.00000e+00    8.77391e+00    7.38573e-01
   Total Energy  Conserved En.    Temperature Pressure (bar)
    9.51248e+00    1.37275e+01    5.92200e+01    2.43289e+01

           Step           Time
          38300       19.15000

   Energies (kJ/mol)
           Bond        LJ (SR)   Coulomb (SR)      Potential    Kinetic En.
    3.67144e+00    0.00000e+00    0.00000e+00    3.67144e+00    6.19067e-01
   Total Energy  Conserved En.    Temperature Pressure (bar)
    4.29050e+00    1.37508e+01    4.96377e+01   -1.71649e+01

           Step           Time
          38400       19.20000

   Energies (kJ/mol)
           Bond        LJ (SR)   Coulomb (SR)      Potential    Kinetic En.
    4.92111e+00    0.00000e+00    0.00000e+00    4.92111e+00    9.76661e-02
   Total Energy  Conserved En.    Temperature Pressure (bar)
    5.01878e+00    1.34332e+01    7.83102e+00    1.84270e+01

           Step           Time
          38500       19.25000

   Energies (kJ/mol)
           Bond        LJ (SR)   Coulomb (SR)      Potential    Kinetic En.
    2.94040e+00    0.00000e+00    0.00000e+00    2.94040e+00    5.11079e-01
   Total Energy  Conserved En.    Temperature Pressure (bar)
    3.45147e+00    1.39672e+01    4.09791e+01   -1.53089e+01

           Step           Time
          38600       19.30000

   Energies (kJ/mol)
           Bond        LJ (SR)   Coulomb (SR)      Potential    Kinetic En.
    2.33882e+00    0.00000e+00    0.00000e+00    2.33882e+00    5.09421e-01
   Total Energy  Conserved En.    Temperature Pressure (bar)
    2.84824e+00    1.40243e+01    4.08462e+01    1.29622e+01

           Step           Time
          38700       19.35000

   Energies (kJ/mol)
           Bond        LJ (SR)   Coulomb (SR)      Potential    Kinetic En.
    3.43195e+00    0.00000e+00    0.00000e+00    3.43195e+00    2.39280e-01
   Total Energy  Conserved En.    Temperature Pressure (bar)
    3.67123e+00    1.39314e+01    1.91858e+01   -1.66374e+01

           Step           Time
          38800       19.40000

   Energies (kJ/mol)
           Bond        LJ (SR)   Coulomb (SR)      Potential    Kinetic En.
    5.56545e+00    0.00000e+00    0.00000e+00    5.56545e+00    2.16016e-01
   Total Energy  Conserved En.    Temperature Pressure (bar)
    5.78147e+00    1.36212e+01    1.73205e+01    1.95582e+01

           Step           Time
          38900       19.45000

   Energies (kJ/mol)
           Bond        LJ (SR)   Coulomb (SR)      Potential    Kinetic En.
    6.00391e+00    0.00000e+00    0.00000e+00    6.00391e+00    2.91458e-01
   Total Energy  Conserved En.    Temperature Pressure (bar)
    6.29537e+00    1.36843e+01    2.33695e+01   -2.22632e+01

           Step           Time
          39000       19.50000

   Energies (kJ/mol)
           Bond        LJ (SR)   Coulomb (SR)      Potential    Kinetic En.
    2.37680e+00    0.00000e+00    0.00000e+00    2.37680e+00    1.82809e+00
   Total Energy  Conserved En.    Temperature Pressure (bar)
    4.20489e+00    1.27181e+01    1.46579e+02    1.32911e+01

           Step           Time
          39100       19.55000

   Energies (kJ/mol)
           Bond        LJ (SR)   Coulomb (SR)      Potential    Kinetic En.
    1.66632e+00    0.00000e+00    0.00000e+00    1.66632e+00    1.92333e+00
   Total Energy  Conserved En.    Temperature Pressure (bar)
    3.58966e+00    1.26635e+01    1.54216e+02   -1.11637e+01

           Step           Time
          39200       19.60000

   Energies (kJ/mol)
           Bond        LJ (SR)   Coulomb (SR)      Potential    Kinetic En.
    5.45583e+00    0.00000e+00    0.00000e+00    5.45583e+00    1.85112e+00
   Total Energy  Conserved En.    Temperature Pressure (bar)
    7.30696e+00    1.32574e+01    1.48426e+02    1.96572e+01

           Step           Time
          39300       19.65000

   Energies (kJ/mol)
           Bond        LJ (SR)   Coulomb (SR)      Potential    Kinetic En.
    4.03958e+00    0.00000e+00    0.00000e+00    4.03958e+00    2.38461e+00
   Total Energy  Conserved En.    Temperature Pressure (bar)
    6.42419e+00    1.31123e+01    1.91202e+02   -1.77373e+01

           Step           Time
          39400       19.70000

   Energies (kJ/mol)
           Bond        LJ (SR)   Coulomb (SR)      Potential    Kinetic En.
    2.43674e+00    0.00000e+00    0.00000e+00    2.43674e+00    3.97700e+00
   Total Energy  Conserved En.    Temperature Pressure (bar)
    6.41374e+00    1.26678e+01    3.18882e+02    1.38201e+01

           Step           Time
          39500       19.75000

   Energies (kJ/mol)
           Bond        LJ (SR)   Coulomb (SR)      Potential    Kinetic En.
    1.64359e-02    0.00000e+00    0.00000e+00    1.64359e-02    2.77326e+00
   Total Energy  Conserved En.    Temperature Pressure (bar)
    2.78970e+00    1.17233e+01    2.22365e+02   -6.36287e-01

           Step           Time
          39600       19.80000

   Energies (kJ/mol)
           Bond        LJ (SR)   Coulomb (SR)      Potential    Kinetic En.
    1.74825e+00    0.00000e+00    0.00000e+00    1.74825e+00    3.13824e+00
   Total Energy  Conserved En.    Temperature Pressure (bar)
    4.88649e+00    1.10826e+01    2.51629e+02   -1.12399e+01

           Step           Time
          39700       19.85000

   Energies (kJ/mol)
           Bond        LJ (SR)   Coulomb (SR)      Potential    Kinetic En.
    1.26612e+00    0.00000e+00    0.00000e+00    1.26612e+00    1.70950e+00
   Total Energy  Conserved En.    Temperature Pressure (bar)
    2.97561e+00    1.10851e+01    1.37070e+02    9.84661e+00

           Step           Time
          39800       19.90000

   Energies (kJ/mol)
           Bond        LJ (SR)   Coulomb (SR)      Potential    Kinetic En.
    1.98565e+00    0.00000e+00    0.00000e+00    1.98565e+00    2.79577e+00
   Total Energy  Conserved En.    Temperature Pressure (bar)
    4.78142e+00    1.11949e+01    2.24169e+02   -1.20949e+01

           Step           Time
          39900       19.95000

   Energies (kJ/mol)
           Bond        LJ (SR)   Coulomb (SR)      Potential    Kinetic En.
    1.03133e+00    0.00000e+00    0.00000e+00    1.03133e+00    2.32333e+00
   Total Energy  Conserved En.    Temperature Pressure (bar)
    3.35466e+00    1.13142e+01    1.86288e+02    9.04111e+00

           Step           Time
          40000       20.00000

   Energies (kJ/mol)
           Bond        LJ (SR)   Coulomb (SR)      Potential    Kinetic En.
    2.19068e+00    0.00000e+00    0.00000e+00    2.19068e+00    4.35859e+00
   Total Energy  Conserved En.    Temperature Pressure (bar)
    6.54927e+00    1.14482e+01    3.49478e+02   -1.24762e+01

           Step           Time
          40100       20.05000

   Energies (kJ/mol)
           Bond        LJ (SR)   Coulomb (SR)      Potential    Kinetic En.
    1.89076e+00    0.00000e+00    0.00000e+00    1.89076e+00    6.06088e+00
   Total Energy  Conserved En.    Temperature Pressure (bar)
    7.95163e+00    1.17901e+01    4.85971e+02    1.26604e+01

           Step           Time
          40200       20.10000

   Energies (kJ/mol)
           Bond        LJ (SR)   Coulomb (SR)      Potential    Kinetic En.
    2.76039e+00    0.00000e+00    0.00000e+00    2.76039e+00    9.40679e+00
   Total Energy  Conserved En.    Temperature Pressure (bar)
    1.21672e+01    1.21001e+01    7.54251e+02   -1.32761e+01

           Step           Time
          40300       20.15000

   Energies (kJ/mol)
           Bond        LJ (SR)   Coulomb (SR)      Potential    Kinetic En.
    1.55225e+00    0.00000e+00    0.00000e+00    1.55225e+00    7.06850e+00
   Total Energy  Conserved En.    Temperature Pressure (bar)
    8.62075e+00    1.23471e+01    5.66763e+02    1.17719e+01

           Step           Time
          40400       20.20000

   Energies (kJ/mol)
           Bond        LJ (SR)   Coulomb (SR)      Potential    Kinetic En.
    1.21586e+00    0.00000e+00    0.00000e+00    1.21586e+00    4.96812e+00
   Total Energy  Conserved En.    Temperature Pressure (bar)
    6.18398e+00    1.23949e+01    3.98352e+02   -8.92502e+00

           Step           Time
          40500       20.25000

   Energies (kJ/mol)
           Bond        LJ (SR)   Coulomb (SR)      Potential    Kinetic En.
    7.77854e-01    0.00000e+00    0.00000e+00    7.77854e-01    5.01367e+00
   Total Energy  Conserved En.    Temperature Pressure (bar)
    5.79153e+00    1.25974e+01    4.02004e+02    8.39046e+00

           Step           Time
          40600       20.30000

   Energies (kJ/mol)
           Bond        LJ (SR)   Coulomb (SR)      Potential    Kinetic En.
    1.32978e+00    0.00000e+00    0.00000e+00    1.32978e+00    2.12217e+00
   Total Energy  Conserved En.    Temperature Pressure (bar)
    3.45195e+00    1.23690e+01    1.70159e+02   -9.87546e+00

           Step           Time
          40700       20.35000

   Energies (kJ/mol)
           Bond        LJ (SR)   Coulomb (SR)      Potential    Kinetic En.
    1.69194e+00    0.00000e+00    0.00000e+00    1.69194e+00    4.18739e+00
   Total Energy  Conserved En.    Temperature Pressure (bar)
    5.87933e+00    1.26260e+01    3.35751e+02    1.17256e+01

           Step           Time
          40800       20.40000

   Energies (kJ/mol)
           Bond        LJ (SR)   Coulomb (SR)      Potential    Kinetic En.
    5.18821e+00    0.00000e+00    0.00000e+00    5.18821e+00    3.28764e+00
   Total Energy  Conserved En.    Temperature Pressure (bar)
    8.47585e+00    1.21531e+01    2.63608e+02   -2.01058e+01

           Step           Time
          40900       20.45000

   Energies (kJ/mol)
           Bond        LJ (SR)   Coulomb (SR)      Potential    Kinetic En.
    6.05427e+00    0.00000e+00    0.00000e+00    6.05427e+00    5.85768e+00
   Total Energy  Conserved En.    Temperature Pressure (bar)
    1.19119e+01    1.27290e+01    4.69678e+02    2.13301e+01

           Step           Time
          41000       20.50000

   Energies (kJ/mol)
           Bond        LJ (SR)   Coulomb (SR)      Potential    Kinetic En.
    6.93144e+00    0.00000e+00    0.00000e+00    6.93144e+00    4.84247e+00
   Total Energy  Conserved En.    Temperature Pressure (bar)
    1.17739e+01    1.27291e+01    3.88277e+02   -2.32208e+01

           Step           Time
          41100       20.55000

   Energies (kJ/mol)
           Bond        LJ (SR)   Coulomb (SR)      Potential    Kinetic En.
    8.09989e-01    0.00000e+00    0.00000e+00    8.09989e-01    1.80388e+00
   Total Energy  Conserved En.    Temperature Pressure (bar)
    2.61386e+00    1.23464e+01    1.44638e+02    7.98628e+00

           Step           Time
          41200       20.60000

   Energies (kJ/mol)
           Bond        LJ (SR)   Coulomb (SR)      Potential    Kinetic En.
    2.13211e-01    0.00000e+00    0.00000e+00    2.13211e-01    2.48295e+00
   Total Energy  Conserved En.    Temperature Pressure (bar)
    2.69616e+00    1.25436e+01    1.99087e+02   -3.61661e+00

           Step           Time
          41300       20.65000

   Energies (kJ/mol)
           Bond        LJ (SR)   Coulomb (SR)      Potential    Kinetic En.
    1.56685e+00    0.00000e+00    0.00000e+00    1.56685e+00    3.43677e+00
   Total Energy  Conserved En.    Temperature Pressure (bar)
    5.00362e+00    1.24131e+01    2.75566e+02    1.11919e+01

           Step           Time
          41400       20.70000

   Energies (kJ/mol)
           Bond        LJ (SR)   Coulomb (SR)      Potential    Kinetic En.
    8.92431e-01    0.00000e+00    0.00000e+00    8.92431e-01    2.65050e+00
   Total Energy  Conserved En.    Temperature Pressure (bar)
    3.54293e+00    1.25029e+01    2.12521e+02   -7.89833e+00

           Step           Time
          41500       20.75000

   Energies (kJ/mol)
           Bond        LJ (SR)   Coulomb (SR)      Potential    Kinetic En.
    2.30607e-01    0.00000e+00    0.00000e+00    2.30607e-01    2.77302e+00
   Total Energy  Conserved En.    Temperature Pressure (bar)
    3.00362e+00    1.27289e+01    2.22345e+02    4.60933e+00

           Step           Time
          41600       20.80000

   Energies (kJ/mol)
           Bond        LJ (SR)   Coulomb (SR)      Potential    Kinetic En.
    1.32394e+00    0.00000e+00    0.00000e+00    1.32394e+00    2.47228e+00
   Total Energy  Conserved En.    Temperature Pressure (bar)
    3.79622e+00    1.25399e+01    1.98231e+02   -9.79191e+00

           Step           Time
          41700       20.85000

   Energies (kJ/mol)
           Bond        LJ (SR)   Coulomb (SR)      Potential    Kinetic En.
    1.84118e+00    0.00000e+00    0.00000e+00    1.84118e+00    2.23458e+00
   Total Energy  Conserved En.    Temperature Pressure (bar)
    4.07576e+00    1.25371e+01    1.79172e+02    1.18496e+01

           Step           Time
          41800       20.90000

   Energies (kJ/mol)
           Bond        LJ (SR)   Coulomb (SR)      Potential    Kinetic En.
    1.98751e+00    0.00000e+00    0.00000e+00    1.98751e+00    3.29623e+00
   Total Energy  Conserved En.    Temperature Pressure (bar)
    5.28374e+00    1.27791e+01    2.64297e+02   -1.20144e+01

           Step           Time
          41900       20.95000

   Energies (kJ/mol)
           Bond        LJ (SR)   Coulomb (SR)      Potential    Kinetic En.
    4.23266e+00    0.00000e+00    0.00000e+00    4.23266e+00    3.36524e+00
   Total Energy  Conserved En.    Temperature Pressure (bar)
    7.59790e+00    1.26882e+01    2.69830e+02    1.77132e+01

           Step           Time
          42000       21.00000

   Energies (kJ/mol)
           Bond        LJ (SR)   Coulomb (SR)      Potential    Kinetic En.
    2.61635e+00    0.00000e+00    0.00000e+00    2.61635e+00    2.73709e+00
   Total Energy  Conserved En.    Temperature Pressure (bar)
    5.35344e+00    1.27731e+01    2.19464e+02   -1.40235e+01

           Step           Time
          42100       21.05000

   Energies (kJ/mol)
           Bond        LJ (SR)   Coulomb (SR)      Potential    Kinetic En.
    1.47015e+00    0.00000e+00    0.00000e+00    1.47015e+00    3.18600e+00
   Total Energy  Conserved En.    Temperature Pressure (bar)
    4.65614e+00    1.30080e+01    2.55458e+02    1.08245e+01

           Step           Time
          42200       21.10000

   Energies (kJ/mol)
           Bond        LJ (SR)   Coulomb (SR)      Potential    Kinetic En.
    1.76941e+00    0.00000e+00    0.00000e+00    1.76941e+00    1.93080e+00
   Total Energy  Conserved En.    Temperature Pressure (bar)
    3.70021e+00    1.29042e+01    1.54815e+02   -1.15217e+01

           Step           Time
          42300       21.15000

   Energies (kJ/mol)
           Bond        LJ (SR)   Coulomb (SR)      Potential    Kinetic En.
    1.43702e+00    0.00000e+00    0.00000e+00    1.43702e+00    4.85098e+00
   Total Energy  Conserved En.    Temperature Pressure (bar)
    6.28800e+00    1.34078e+01    3.88959e+02    1.09989e+01

           Step           Time
          42400       21.20000

   Energies (kJ/mol)
           Bond        LJ (SR)   Coulomb (SR)      Potential    Kinetic En.
    3.45878e+00    0.00000e+00    0.00000e+00    3.45878e+00    6.13113e+00
   Total Energy  Conserved En.    Temperature Pressure (bar)
    9.58992e+00    1.33018e+01    4.91604e+02   -1.56856e+01

           Step           Time
          42500       21.25000

   Energies (kJ/mol)
           Bond        LJ (SR)   Coulomb (SR)      Potential    Kinetic En.
    4.45988e-01    0.00000e+00    0.00000e+00    4.45988e-01    5.04832e+00
   Total Energy  Conserved En.    Temperature Pressure (bar)
    5.49431e+00    1.36026e+01    4.04782e+02    6.59458e+00

           Step           Time
          42600       21.30000

   Energies (kJ/mol)
           Bond        LJ (SR)   Coulomb (SR)      Potential    Kinetic En.
    8.63725e-01    0.00000e+00    0.00000e+00    8.63725e-01    5.12156e+00
   Total Energy  Conserved En.    Temperature Pressure (bar)
    5.98528e+00    1.43016e+01    4.10654e+02    8.80590e+00

           Step           Time
          42700       21.35000

   Energies (kJ/mol)
           Bond        LJ (SR)   Coulomb (SR)      Potential    Kinetic En.
    1.63689e+00    0.00000e+00    0.00000e+00    1.63689e+00    8.83189e+00
   Total Energy  Conserved En.    Temperature Pressure (bar)
    1.04688e+01    1.46344e+01    7.08155e+02   -9.86416e+00

           Step           Time
          42800       21.40000

   Energies (kJ/mol)
           Bond        LJ (SR)   Coulomb (SR)      Potential    Kinetic En.
    1.22797e-01    0.00000e+00    0.00000e+00    1.22797e-01    1.14006e+01
   Total Energy  Conserved En.    Temperature Pressure (bar)
    1.15234e+01    1.37483e+01    9.14119e+02    4.99337e+00

           Step           Time
          42900       21.45000

   Energies (kJ/mol)
           Bond        LJ (SR)   Coulomb (SR)      Potential    Kinetic En.
    1.21359e-02    0.00000e+00    0.00000e+00    1.21359e-02    1.33974e+01
   Total Energy  Conserved En.    Temperature Pressure (bar)
    1.34095e+01    1.37242e+01    1.07422e+03    1.35878e+00

           Step           Time
          43000       21.50000

   Energies (kJ/mol)
           Bond        LJ (SR)   Coulomb (SR)      Potential    Kinetic En.
    6.10633e-03    0.00000e+00    0.00000e+00    6.10633e-03    1.29265e+01
   Total Energy  Conserved En.    Temperature Pressure (bar)
    1.29326e+01    1.39414e+01    1.03647e+03    2.91337e+00

           Step           Time
          43100       21.55000

   Energies (kJ/mol)
           Bond        LJ (SR)   Coulomb (SR)      Potential    Kinetic En.
    1.38865e-03    0.00000e+00    0.00000e+00    1.38865e-03    9.40731e+00
   Total Energy  Conserved En.    Temperature Pressure (bar)
    9.40870e+00    1.40393e+01    7.54293e+02    1.95053e+00

           Step           Time
          43200       21.60000

   Energies (kJ/mol)
           Bond        LJ (SR)   Coulomb (SR)      Potential    Kinetic En.
    3.43043e-02    0.00000e+00    0.00000e+00    3.43043e-02    7.24162e+00
   Total Energy  Conserved En.    Temperature Pressure (bar)
    7.27592e+00    1.45141e+01    5.80644e+02    2.85483e+00

           Step           Time
          43300       21.65000

   Energies (kJ/mol)
           Bond        LJ (SR)   Coulomb (SR)      Potential    Kinetic En.
    1.34912e+00    0.00000e+00    0.00000e+00    1.34912e+00    1.25829e+01
   Total Energy  Conserved En.    Temperature Pressure (bar)
    1.39321e+01    1.53484e+01    1.00892e+03   -8.14194e+00

           Step           Time
          43400       21.70000

   Energies (kJ/mol)
           Bond        LJ (SR)   Coulomb (SR)      Potential    Kinetic En.
    3.37498e+00    0.00000e+00    0.00000e+00    3.37498e+00    1.28825e+01
   Total Energy  Conserved En.    Temperature Pressure (bar)
    1.62575e+01    1.63405e+01    1.03294e+03    1.75956e+01

           Step           Time
          43500       21.75000

   Energies (kJ/mol)
           Bond        LJ (SR)   Coulomb (SR)      Potential    Kinetic En.
    1.90916e+00    0.00000e+00    0.00000e+00    1.90916e+00    1.03182e+01
   Total Energy  Conserved En.    Temperature Pressure (bar)
    1.22274e+01    1.62865e+01    8.27332e+02   -1.05425e+01

           Step           Time
          43600       21.80000

   Energies (kJ/mol)
           Bond        LJ (SR)   Coulomb (SR)      Potential    Kinetic En.
    2.32838e-01    0.00000e+00    0.00000e+00    2.32838e-01    7.91934e+00
   Total Energy  Conserved En.    Temperature Pressure (bar)
    8.15218e+00    1.56397e+01    6.34985e+02    5.51924e+00

           Step           Time
          43700       21.85000

   Energies (kJ/mol)
           Bond        LJ (SR)   Coulomb (SR)      Potential    Kinetic En.
    4.89444e-01    0.00000e+00    0.00000e+00    4.89444e-01    1.13922e+01
   Total Energy  Conserved En.    Temperature Pressure (bar)
    1.18816e+01    1.59518e+01    9.13444e+02   -4.18855e+00

           Step           Time
          43800       21.90000

   Energies (kJ/mol)
           Bond        LJ (SR)   Coulomb (SR)      Potential    Kinetic En.
    7.31642e-01    0.00000e+00    0.00000e+00    7.31642e-01    5.31750e+00
   Total Energy  Conserved En.    Temperature Pressure (bar)
    6.04914e+00    1.65051e+01    4.26366e+02    8.22006e+00

           Step           Time
          43900       21.95000

   Energies (kJ/mol)
           Bond        LJ (SR)   Coulomb (SR)      Potential    Kinetic En.
    3.55411e-01    0.00000e+00    0.00000e+00    3.55411e-01    4.16941e+00
   Total Energy  Conserved En.    Temperature Pressure (bar)
    4.52482e+00    1.64901e+01    3.34310e+02   -4.51658e+00

           Step           Time
          44000       22.00000

   Energies (kJ/mol)
           Bond        LJ (SR)   Coulomb (SR)      Potential    Kinetic En.
    4.22921e-01    0.00000e+00    0.00000e+00    4.22921e-01    3.21244e+00
   Total Energy  Conserved En.    Temperature Pressure (bar)
    3.63536e+00    1.66928e+01    2.57579e+02    6.12906e+00

           Step           Time
          44100       22.05000

   Energies (kJ/mol)
           Bond        LJ (SR)   Coulomb (SR)      Potential    Kinetic En.
    9.71885e-02    0.00000e+00    0.00000e+00    9.71885e-02    6.04164e+00
   Total Energy  Conserved En.    Temperature Pressure (bar)
    6.13883e+00    1.64687e+01    4.84429e+02   -1.67860e+00

           Step           Time
          44200       22.10000

   Energies (kJ/mol)
           Bond        LJ (SR)   Coulomb (SR)      Potential    Kinetic En.
    4.67812e-02    0.00000e+00    0.00000e+00    4.67812e-02    5.39971e+00
   Total Energy  Conserved En.    Temperature Pressure (bar)
    5.44649e+00    1.61990e+01    4.32957e+02   -9.52060e-01

           Step           Time
          44300       22.15000

   Energies (kJ/mol)
           Bond        LJ (SR)   Coulomb (SR)      Potential    Kinetic En.
    7.00989e-01    0.00000e+00    0.00000e+00    7.00989e-01    5.33969e+00
   Total Energy  Conserved En.    Temperature Pressure (bar)
    6.04068e+00    1.59536e+01    4.28145e+02    8.07195e+00

           Step           Time
          44400       22.20000

   Energies (kJ/mol)
           Bond        LJ (SR)   Coulomb (SR)      Potential    Kinetic En.
    1.46534e+00    0.00000e+00    0.00000e+00    1.46534e+00    4.58546e+00
   Total Energy  Conserved En.    Temperature Pressure (bar)
    6.05080e+00    1.57947e+01    3.67669e+02   -9.97081e+00

           Step           Time
          44500       22.25000

   Energies (kJ/mol)
           Bond        LJ (SR)   Coulomb (SR)      Potential    Kinetic En.
    2.05220e+00    0.00000e+00    0.00000e+00    2.05220e+00    3.04694e+00
   Total Energy  Conserved En.    Temperature Pressure (bar)
    5.09914e+00    1.57107e+01    2.44309e+02    1.26105e+01

           Step           Time
          44600       22.30000

   Energies (kJ/mol)
           Bond        LJ (SR)   Coulomb (SR)      Potential    Kinetic En.
    3.01784e+00    0.00000e+00    0.00000e+00    3.01784e+00    6.07986e+00
   Total Energy  Conserved En.    Temperature Pressure (bar)
    9.09769e+00    1.60655e+01    4.87493e+02   -1.45538e+01

           Step           Time
          44700       22.35000

   Energies (kJ/mol)
           Bond        LJ (SR)   Coulomb (SR)      Potential    Kinetic En.
    4.17646e+00    0.00000e+00    0.00000e+00    4.17646e+00    7.29657e+00
   Total Energy  Conserved En.    Temperature Pressure (bar)
    1.14730e+01    1.61945e+01    5.85050e+02    1.82840e+01

           Step           Time
          44800       22.40000

   Energies (kJ/mol)
           Bond        LJ (SR)   Coulomb (SR)      Potential    Kinetic En.
    5.15960e+00    0.00000e+00    0.00000e+00    5.15960e+00    5.10717e+00
   Total Energy  Conserved En.    Temperature Pressure (bar)
    1.02668e+01    1.60057e+01    4.09501e+02   -1.97316e+01

           Step           Time
          44900       22.45000

   Energies (kJ/mol)
           Bond        LJ (SR)   Coulomb (SR)      Potential    Kinetic En.
    2.43823e+00    0.00000e+00    0.00000e+00    2.43823e+00    2.63820e+00
   Total Energy  Conserved En.    Temperature Pressure (bar)
    5.07643e+00    1.59669e+01    2.11535e+02    1.35924e+01

           Step           Time
          45000       22.50000

   Energies (kJ/mol)
           Bond        LJ (SR)   Coulomb (SR)      Potential    Kinetic En.
    3.30675e-01    0.00000e+00    0.00000e+00    3.30675e-01    2.82620e+00
   Total Energy  Conserved En.    Temperature Pressure (bar)
    3.15688e+00    1.62187e+01    2.26609e+02   -4.56126e+00

           Step           Time
          45100       22.55000

   Energies (kJ/mol)
           Bond        LJ (SR)   Coulomb (SR)      Potential    Kinetic En.
    9.63662e-01    0.00000e+00    0.00000e+00    9.63662e-01    2.13205e+00
   Total Energy  Conserved En.    Temperature Pressure (bar)
    3.09571e+00    1.61763e+01    1.70951e+02    8.72556e+00

           Step           Time
          45200       22.60000

   Energies (kJ/mol)
           Bond        LJ (SR)   Coulomb (SR)      Potential    Kinetic En.
    4.54499e-01    0.00000e+00    0.00000e+00    4.54499e-01    4.13490e+00
   Total Energy  Conserved En.    Temperature Pressure (bar)
    4.58940e+00    1.65008e+01    3.31543e+02   -5.21695e+00

           Step           Time
          45300       22.65000

   Energies (kJ/mol)
           Bond        LJ (SR)   Coulomb (SR)      Potential    Kinetic En.
    1.15746e+00    0.00000e+00    0.00000e+00    1.15746e+00    2.43315e+00
   Total Energy  Conserved En.    Temperature Pressure (bar)
    3.59060e+00    1.62890e+01    1.95094e+02    9.56193e+00

           Step           Time
          45400       22.70000

   Energies (kJ/mol)
           Bond        LJ (SR)   Coulomb (SR)      Potential    Kinetic En.
    1.21214e+00    0.00000e+00    0.00000e+00    1.21214e+00    1.56507e+00
   Total Energy  Conserved En.    Temperature Pressure (bar)
    2.77721e+00    1.62622e+01    1.25490e+02   -9.49834e+00

           Step           Time
          45500       22.75000

   Energies (kJ/mol)
           Bond        LJ (SR)   Coulomb (SR)      Potential    Kinetic En.
    3.04937e-01    0.00000e+00    0.00000e+00    3.04937e-01    2.44318e+00
   Total Energy  Conserved En.    Temperature Pressure (bar)
    2.74812e+00    1.64716e+01    1.95898e+02    5.16453e+00

           Step           Time
          45600       22.80000

   Energies (kJ/mol)
           Bond        LJ (SR)   Coulomb (SR)      Potential    Kinetic En.
    5.17684e-01    0.00000e+00    0.00000e+00    5.17684e-01    9.10049e+00
   Total Energy  Conserved En.    Temperature Pressure (bar)
    9.61817e+00    1.68811e+01    7.29692e+02   -4.76262e+00

           Step           Time
          45700       22.85000

   Energies (kJ/mol)
           Bond        LJ (SR)   Coulomb (SR)      Potential    Kinetic En.
    2.02677e-02    0.00000e+00    0.00000e+00    2.02677e-02    7.55235e+00
   Total Energy  Conserved En.    Temperature Pressure (bar)
    7.57261e+00    1.75736e+01    6.05559e+02    2.53895e+00

           Step           Time
          45800       22.90000

   Energies (kJ/mol)
           Bond        LJ (SR)   Coulomb (SR)      Potential    Kinetic En.
    7.79739e-02    0.00000e+00    0.00000e+00    7.79739e-02    5.83339e+00
   Total Energy  Conserved En.    Temperature Pressure (bar)
    5.91137e+00    1.79042e+01    4.67731e+02    3.42007e+00

           Step           Time
          45900       22.95000

   Energies (kJ/mol)
           Bond        LJ (SR)   Coulomb (SR)      Potential    Kinetic En.
    1.17590e-01    0.00000e+00    0.00000e+00    1.17590e-01    8.48739e+00
   Total Energy  Conserved En.    Temperature Pressure (bar)
    8.60498e+00    1.80617e+01    6.80532e+02   -1.52967e+00

           Step           Time
          46000       23.00000

   Energies (kJ/mol)
           Bond        LJ (SR)   Coulomb (SR)      Potential    Kinetic En.
    1.53811e-01    0.00000e+00    0.00000e+00    1.53811e-01    1.72304e+01
   Total Energy  Conserved En.    Temperature Pressure (bar)
    1.73842e+01    1.83048e+01    1.38156e+03    6.35903e+00

           Step           Time
          46100       23.05000

   Energies (kJ/mol)
           Bond        LJ (SR)   Coulomb (SR)      Potential    Kinetic En.
    1.08936e-01    0.00000e+00    0.00000e+00    1.08936e-01    1.74746e+01
   Total Energy  Conserved En.    Temperature Pressure (bar)
    1.75836e+01    1.77925e+01    1.40114e+03    5.86955e+00

           Step           Time
          46200       23.10000

   Energies (kJ/mol)
           Bond        LJ (SR)   Coulomb (SR)      Potential    Kinetic En.
    2.82382e-01    0.00000e+00    0.00000e+00    2.82382e-01    1.04531e+01
   Total Energy  Conserved En.    Temperature Pressure (bar)
    1.07354e+01    1.77675e+01    8.38143e+02   -2.85469e+00

           Step           Time
          46300       23.15000

   Energies (kJ/mol)
           Bond        LJ (SR)   Coulomb (SR)      Potential    Kinetic En.
    5.08027e-04    0.00000e+00    0.00000e+00    5.08027e-04    1.10598e+01
   Total Energy  Conserved En.    Temperature Pressure (bar)
    1.10603e+01    1.84262e+01    8.86794e+02    1.71726e+00

           Step           Time
          46400       23.20000

   Energies (kJ/mol)
           Bond        LJ (SR)   Coulomb (SR)      Potential    Kinetic En.
    4.10408e-02    0.00000e+00    0.00000e+00    4.10408e-02    1.51406e+01
   Total Energy  Conserved En.    Temperature Pressure (bar)
    1.51816e+01    1.84854e+01    1.21400e+03    8.52831e-01

           Step           Time
          46500       23.25000

   Energies (kJ/mol)
           Bond        LJ (SR)   Coulomb (SR)      Potential    Kinetic En.
    1.37857e-01    0.00000e+00    0.00000e+00    1.37857e-01    1.41989e+01
   Total Energy  Conserved En.    Temperature Pressure (bar)
    1.43367e+01    1.85556e+01    1.13849e+03    5.65597e+00

           Step           Time
          46600       23.30000

   Energies (kJ/mol)
           Bond        LJ (SR)   Coulomb (SR)      Potential    Kinetic En.
    2.09193e-02    0.00000e+00    0.00000e+00    2.09193e-02    5.90852e+00
   Total Energy  Conserved En.    Temperature Pressure (bar)
    5.92944e+00    1.89599e+01    4.73754e+02   -2.37425e-01

           Step           Time
          46700       23.35000

   Energies (kJ/mol)
           Bond        LJ (SR)   Coulomb (SR)      Potential    Kinetic En.
    3.50515e-02    0.00000e+00    0.00000e+00    3.50515e-02    5.40099e+00
   Total Energy  Conserved En.    Temperature Pressure (bar)
    5.43604e+00    1.92530e+01    4.33060e+02   -6.97415e-01

           Step           Time
          46800       23.40000

   Energies (kJ/mol)
           Bond        LJ (SR)   Coulomb (SR)      Potential    Kinetic En.
    1.12928e+00    0.00000e+00    0.00000e+00    1.12928e+00    6.25239e+00
   Total Energy  Conserved En.    Temperature Pressure (bar)
    7.38167e+00    1.85027e+01    5.01327e+02   -8.34071e+00

           Step           Time
          46900       23.45000

   Energies (kJ/mol)
           Bond        LJ (SR)   Coulomb (SR)      Potential    Kinetic En.
    1.86484e+00    0.00000e+00    0.00000e+00    1.86484e+00    6.33198e+00
   Total Energy  Conserved En.    Temperature Pressure (bar)
    8.19682e+00    1.84655e+01    5.07708e+02    1.26297e+01

           Step           Time
          47000       23.50000

   Energies (kJ/mol)
           Bond        LJ (SR)   Coulomb (SR)      Potential    Kinetic En.
    2.69960e+00    0.00000e+00    0.00000e+00    2.69960e+00    5.37862e+00
   Total Energy  Conserved En.    Temperature Pressure (bar)
    8.07822e+00    1.84054e+01    4.31266e+02   -1.38026e+01

           Step           Time
          47100       23.55000

   Energies (kJ/mol)
           Bond        LJ (SR)   Coulomb (SR)      Potential    Kinetic En.
    4.61431e+00    0.00000e+00    0.00000e+00    4.61431e+00    1.04122e+01
   Total Energy  Conserved En.    Temperature Pressure (bar)
    1.50265e+01    1.87947e+01    8.34869e+02    1.96541e+01

           Step           Time
          47200       23.60000

   Energies (kJ/mol)
           Bond        LJ (SR)   Coulomb (SR)      Potential    Kinetic En.
    1.38136e+00    0.00000e+00    0.00000e+00    1.38136e+00    8.97629e+00
   Total Energy  Conserved En.    Temperature Pressure (bar)
    1.03577e+01    1.95485e+01    7.19733e+02   -8.89115e+00

           Step           Time
          47300       23.65000

   Energies (kJ/mol)
           Bond        LJ (SR)   Coulomb (SR)      Potential    Kinetic En.
    2.96524e+00    0.00000e+00    0.00000e+00    2.96524e+00    4.90962e+00
   Total Energy  Conserved En.    Temperature Pressure (bar)
    7.87485e+00    1.90657e+01    3.93661e+02    1.52878e+01

           Step           Time
          47400       23.70000

   Energies (kJ/mol)
           Bond        LJ (SR)   Coulomb (SR)      Potential    Kinetic En.
    3.96148e+00    0.00000e+00    0.00000e+00    3.96148e+00    5.13388e+00
   Total Energy  Conserved En.    Temperature Pressure (bar)
    9.09536e+00    1.91179e+01    4.11642e+02   -1.70787e+01

           Step           Time
          47500       23.75000

   Energies (kJ/mol)
           Bond        LJ (SR)   Coulomb (SR)      Potential    Kinetic En.
    1.65831e+00    0.00000e+00    0.00000e+00    1.65831e+00    3.19084e+00
   Total Energy  Conserved En.    Temperature Pressure (bar)
    4.84914e+00    1.91021e+01    2.55846e+02    1.14462e+01

           Step           Time
          47600       23.80000

   Energies (kJ/mol)
           Bond        LJ (SR)   Coulomb (SR)      Potential    Kinetic En.
    1.58070e+00    0.00000e+00    0.00000e+00    1.58070e+00    5.10655e+00
   Total Energy  Conserved En.    Temperature Pressure (bar)
    6.68725e+00    1.94688e+01    4.09451e+02   -1.03065e+01

           Step           Time
          47700       23.85000

   Energies (kJ/mol)
           Bond        LJ (SR)   Coulomb (SR)      Potential    Kinetic En.
    1.17308e+00    0.00000e+00    0.00000e+00    1.17308e+00    4.46102e+00
   Total Energy  Conserved En.    Temperature Pressure (bar)
    5.63410e+00    1.96716e+01    3.57691e+02    9.97285e+00

           Step           Time
          47800       23.90000

   Energies (kJ/mol)
           Bond        LJ (SR)   Coulomb (SR)      Potential    Kinetic En.
    3.91714e+00    0.00000e+00    0.00000e+00    3.91714e+00    4.43295e+00
   Total Energy  Conserved En.    Temperature Pressure (bar)
    8.35010e+00    1.92204e+01    3.55441e+02   -1.70953e+01

           Step           Time
          47900       23.95000

   Energies (kJ/mol)
           Bond        LJ (SR)   Coulomb (SR)      Potential    Kinetic En.
    2.69829e+00    0.00000e+00    0.00000e+00    2.69829e+00    6.99236e+00
   Total Energy  Conserved En.    Temperature Pressure (bar)
    9.69065e+00    1.99074e+01    5.60659e+02    1.50053e+01

           Step           Time
          48000       24.00000

   Energies (kJ/mol)
           Bond        LJ (SR)   Coulomb (SR)      Potential    Kinetic En.
    4.82657e+00    0.00000e+00    0.00000e+00    4.82657e+00    5.96950e+00
   Total Energy  Conserved En.    Temperature Pressure (bar)
    1.07961e+01    1.97243e+01    4.78644e+02   -1.88776e+01

           Step           Time
          48100       24.05000

   Energies (kJ/mol)
           Bond        LJ (SR)   Coulomb (SR)      Potential    Kinetic En.
    5.10550e-01    0.00000e+00    0.00000e+00    5.10550e-01    4.04738e+00
   Total Energy  Conserved En.    Temperature Pressure (bar)
    4.55793e+00    1.98094e+01    3.24525e+02    6.81579e+00

           Step           Time
          48200       24.10000

   Energies (kJ/mol)
           Bond        LJ (SR)   Coulomb (SR)      Potential    Kinetic En.
    9.87780e-01    0.00000e+00    0.00000e+00    9.87780e-01    6.72418e+00
   Total Energy  Conserved En.    Temperature Pressure (bar)
    7.71197e+00    1.99406e+01    5.39156e+02   -7.63723e+00

           Step           Time
          48300       24.15000

   Energies (kJ/mol)
           Bond        LJ (SR)   Coulomb (SR)      Potential    Kinetic En.
    1.24092e+00    0.00000e+00    0.00000e+00    1.24092e+00    6.67963e+00
   Total Energy  Conserved En.    Temperature Pressure (bar)
    7.92055e+00    2.00095e+01    5.35583e+02    1.06130e+01

           Step           Time
          48400       24.20000

   Energies (kJ/mol)
           Bond        LJ (SR)   Coulomb (SR)      Potential    Kinetic En.
    1.84945e+00    0.00000e+00    0.00000e+00    1.84945e+00    7.04635e+00
   Total Energy  Conserved En.    Temperature Pressure (bar)
    8.89581e+00    2.00200e+01    5.64988e+02   -1.09091e+01

           Step           Time
          48500       24.25000

   Energies (kJ/mol)
           Bond        LJ (SR)   Coulomb (SR)      Potential    Kinetic En.
    1.52760e+00    0.00000e+00    0.00000e+00    1.52760e+00    9.27259e+00
   Total Energy  Conserved En.    Temperature Pressure (bar)
    1.08002e+01    2.04384e+01    7.43491e+02    1.20711e+01

           Step           Time
          48600       24.30000

   Energies (kJ/mol)
           Bond        LJ (SR)   Coulomb (SR)      Potential    Kinetic En.
    9.54848e-01    0.00000e+00    0.00000e+00    9.54848e-01    6.30113e+00
   Total Energy  Conserved En.    Temperature Pressure (bar)
    7.25598e+00    2.06484e+01    5.05234e+02   -7.55965e+00

           Step           Time
          48700       24.35000

   Energies (kJ/mol)
           Bond        LJ (SR)   Coulomb (SR)      Potential    Kinetic En.
    2.48604e+00    0.00000e+00    0.00000e+00    2.48604e+00    8.19844e+00
   Total Energy  Conserved En.    Temperature Pressure (bar)
    1.06845e+01    2.04865e+01    6.57364e+02    1.46782e+01

           Step           Time
          48800       24.40000

   Energies (kJ/mol)
           Bond        LJ (SR)   Coulomb (SR)      Potential    Kinetic En.
    2.16381e+00    0.00000e+00    0.00000e+00    2.16381e+00    4.47238e+00
   Total Energy  Conserved En.    Temperature Pressure (bar)
    6.63619e+00    2.04446e+01    3.58602e+02   -1.23728e+01

           Step           Time
          48900       24.45000

   Energies (kJ/mol)
           Bond        LJ (SR)   Coulomb (SR)      Potential    Kinetic En.
    2.32780e+00    0.00000e+00    0.00000e+00    2.32780e+00    2.67975e+00
   Total Energy  Conserved En.    Temperature Pressure (bar)
    5.00755e+00    2.04068e+01    2.14866e+02    1.33082e+01

           Step           Time
          49000       24.50000

   Energies (kJ/mol)
           Bond        LJ (SR)   Coulomb (SR)      Potential    Kinetic En.
    1.68943e+00    0.00000e+00    0.00000e+00    1.68943e+00    2.43272e+00
   Total Energy  Conserved En.    Temperature Pressure (bar)
    4.12215e+00    2.05026e+01    1.95060e+02   -1.11570e+01

           Step           Time
          49100       24.55000

   Energies (kJ/mol)
           Bond        LJ (SR)   Coulomb (SR)      Potential    Kinetic En.
    2.64230e+00    0.00000e+00    0.00000e+00    2.64230e+00    3.28724e+00
   Total Energy  Conserved En.    Temperature Pressure (bar)
    5.92955e+00    2.06085e+01    2.63576e+02    1.42254e+01

           Step           Time
          49200       24.60000

   Energies (kJ/mol)
           Bond        LJ (SR)   Coulomb (SR)      Potential    Kinetic En.
    1.88022e+00    0.00000e+00    0.00000e+00    1.88022e+00    5.40951e-01
   Total Energy  Conserved En.    Temperature Pressure (bar)
    2.42117e+00    2.03137e+01    4.33743e+01   -1.21374e+01

           Step           Time
          49300       24.65000

   Energies (kJ/mol)
           Bond        LJ (SR)   Coulomb (SR)      Potential    Kinetic En.
    3.00814e+00    0.00000e+00    0.00000e+00    3.00814e+00    3.46841e-01
   Total Energy  Conserved En.    Temperature Pressure (bar)
    3.35498e+00    2.02667e+01    2.78103e+01    1.45989e+01

           Step           Time
          49400       24.70000

   Energies (kJ/mol)
           Bond        LJ (SR)   Coulomb (SR)      Potential    Kinetic En.
    1.84129e+00    0.00000e+00    0.00000e+00    1.84129e+00    6.24468e-02
   Total Energy  Conserved En.    Temperature Pressure (bar)
    1.90374e+00    2.02914e+01    5.00708e+00   -1.20896e+01

           Step           Time
          49500       24.75000

   Energies (kJ/mol)
           Bond        LJ (SR)   Coulomb (SR)      Potential    Kinetic En.
    5.93231e+00    0.00000e+00    0.00000e+00    5.93231e+00    2.33084e-01
   Total Energy  Conserved En.    Temperature Pressure (bar)
    6.16539e+00    2.02673e+01    1.86891e+01    2.01620e+01

           Step           Time
          49600       24.80000

   Energies (kJ/mol)
           Bond        LJ (SR)   Coulomb (SR)      Potential    Kinetic En.
    2.08826e+00    0.00000e+00    0.00000e+00    2.08826e+00    8.87592e-02
   Total Energy  Conserved En.    Temperature Pressure (bar)
    2.17702e+00    2.01417e+01    7.11685e+00   -1.28930e+01

           Step           Time
          49700       24.85000

   Energies (kJ/mol)
           Bond        LJ (SR)   Coulomb (SR)      Potential    Kinetic En.
    7.42513e+00    0.00000e+00    0.00000e+00    7.42513e+00    4.32337e-01
   Total Energy  Conserved En.    Temperature Pressure (bar)
    7.85747e+00    2.00210e+01    3.46654e+01    2.24500e+01

           Step           Time
          49800       24.90000

   Energies (kJ/mol)
           Bond        LJ (SR)   Coulomb (SR)      Potential    Kinetic En.
    9.72866e+00    0.00000e+00    0.00000e+00    9.72866e+00    8.88124e-01
   Total Energy  Conserved En.    Temperature Pressure (bar)
    1.06168e+01    2.04039e+01    7.12111e+01   -2.86112e+01

           Step           Time
          49900       24.95000

   Energies (kJ/mol)
           Bond        LJ (SR)   Coulomb (SR)      Potential    Kinetic En.
    1.19161e+01    0.00000e+00    0.00000e+00    1.19161e+01    3.93956e-01
   Total Energy  Conserved En.    Temperature Pressure (bar)
    1.23100e+01    2.02661e+01    3.15880e+01    2.79793e+01

           Step           Time
          50000       25.00000

   Energies (kJ/mol)
           Bond        LJ (SR)   Coulomb (SR)      Potential    Kinetic En.
    1.02225e+01    0.00000e+00    0.00000e+00    1.02225e+01    3.51214e-01
   Total Energy  Conserved En.    Temperature Pressure (bar)
    1.05737e+01    1.97680e+01    2.81609e+01   -2.94684e+01

           Step           Time
          50100       25.05000

   Energies (kJ/mol)
           Bond        LJ (SR)   Coulomb (SR)      Potential    Kinetic En.
    8.16437e+00    0.00000e+00    0.00000e+00    8.16437e+00    5.10720e-01
   Total Energy  Conserved En.    Temperature Pressure (bar)
    8.67509e+00    1.96865e+01    4.09503e+01    2.34855e+01

           Step           Time
          50200       25.10000

   Energies (kJ/mol)
           Bond        LJ (SR)   Coulomb (SR)      Potential    Kinetic En.
    1.14640e+01    0.00000e+00    0.00000e+00    1.14640e+01    2.27714e+00
   Total Energy  Conserved En.    Temperature Pressure (bar)
    1.37411e+01    1.94449e+01    1.82585e+02   -3.09873e+01

           Step           Time
          50300       25.15000

   Energies (kJ/mol)
           Bond        LJ (SR)   Coulomb (SR)      Potential    Kinetic En.
    1.02905e+01    0.00000e+00    0.00000e+00    1.02905e+01    3.56262e-01
   Total Energy  Conserved En.    Temperature Pressure (bar)
    1.06468e+01    2.06601e+01    2.85657e+01    2.61347e+01

           Step           Time
          50400       25.20000

   Energies (kJ/mol)
           Bond        LJ (SR)   Coulomb (SR)      Potential    Kinetic En.
    1.22092e+01    0.00000e+00    0.00000e+00    1.22092e+01    4.96404e-01
   Total Energy  Conserved En.    Temperature Pressure (bar)
    1.27056e+01    2.18386e+01    3.98025e+01   -3.23647e+01

           Step           Time
          50500       25.25000

   Energies (kJ/mol)
           Bond        LJ (SR)   Coulomb (SR)      Potential    Kinetic En.
    1.21636e+01    0.00000e+00    0.00000e+00    1.21636e+01    7.53944e-01
   Total Energy  Conserved En.    Temperature Pressure (bar)
    1.29176e+01    2.23390e+01    6.04524e+01    2.83085e+01

           Step           Time
          50600       25.30000

   Energies (kJ/mol)
           Bond        LJ (SR)   Coulomb (SR)      Potential    Kinetic En.
    6.39368e+00    0.00000e+00    0.00000e+00    6.39368e+00    3.54004e-01
   Total Energy  Conserved En.    Temperature Pressure (bar)
    6.74768e+00    2.21493e+01    2.83846e+01   -2.29995e+01

           Step           Time
          50700       25.35000

   Energies (kJ/mol)
           Bond        LJ (SR)   Coulomb (SR)      Potential    Kinetic En.
    5.65985e+00    0.00000e+00    0.00000e+00    5.65985e+00    3.51067e-01
   Total Energy  Conserved En.    Temperature Pressure (bar)
    6.01092e+00    2.22541e+01    2.81491e+01    1.97382e+01

           Step           Time
          50800       25.40000

   Energies (kJ/mol)
           Bond        LJ (SR)   Coulomb (SR)      Potential    Kinetic En.
    4.76572e+00    0.00000e+00    0.00000e+00    4.76572e+00    2.01157e-01
   Total Energy  Conserved En.    Temperature Pressure (bar)
    4.96688e+00    2.18689e+01    1.61291e+01   -1.97443e+01

           Step           Time
          50900       25.45000

   Energies (kJ/mol)
           Bond        LJ (SR)   Coulomb (SR)      Potential    Kinetic En.
    2.67049e+00    0.00000e+00    0.00000e+00    2.67049e+00    7.57428e-01
   Total Energy  Conserved En.    Temperature Pressure (bar)
    3.42792e+00    2.14433e+01    6.07317e+01    1.38580e+01

           Step           Time
          51000       25.50000

   Energies (kJ/mol)
           Bond        LJ (SR)   Coulomb (SR)      Potential    Kinetic En.
    5.78605e+00    0.00000e+00    0.00000e+00    5.78605e+00    2.84572e+00
   Total Energy  Conserved En.    Temperature Pressure (bar)
    8.63177e+00    2.14470e+01    2.28174e+02   -2.13941e+01

           Step           Time
          51100       25.55000

   Energies (kJ/mol)
           Bond        LJ (SR)   Coulomb (SR)      Potential    Kinetic En.
    2.32099e+00    0.00000e+00    0.00000e+00    2.32099e+00    2.96461e+00
   Total Energy  Conserved En.    Temperature Pressure (bar)
    5.28560e+00    2.09689e+01    2.37707e+02    1.33392e+01

           Step           Time
          51200       25.60000

   Energies (kJ/mol)
           Bond        LJ (SR)   Coulomb (SR)      Potential    Kinetic En.
    1.06227e+00    0.00000e+00    0.00000e+00    1.06227e+00    4.53963e+00
   Total Energy  Conserved En.    Temperature Pressure (bar)
    5.60191e+00    2.05663e+01    3.63995e+02   -8.34747e+00

           Step           Time
          51300       25.65000

   Energies (kJ/mol)
           Bond        LJ (SR)   Coulomb (SR)      Potential    Kinetic En.
    8.95227e-03    0.00000e+00    0.00000e+00    8.95227e-03    4.15907e+00
   Total Energy  Conserved En.    Temperature Pressure (bar)
    4.16802e+00    1.98673e+01    3.33481e+02   -1.03667e-01

           Step           Time
          51400       25.70000

   Energies (kJ/mol)
           Bond        LJ (SR)   Coulomb (SR)      Potential    Kinetic En.
    3.44544e-04    0.00000e+00    0.00000e+00    3.44544e-04    6.92188e+00
   Total Energy  Conserved En.    Temperature Pressure (bar)
    6.92223e+00    2.00660e+01    5.55007e+02    1.03607e+00

           Step           Time
          51500       25.75000

   Energies (kJ/mol)
           Bond        LJ (SR)   Coulomb (SR)      Potential    Kinetic En.
    1.80227e+00    0.00000e+00    0.00000e+00    1.80227e+00    6.36451e+00
   Total Energy  Conserved En.    Temperature Pressure (bar)
    8.16679e+00    1.92081e+01    5.10317e+02   -1.08673e+01

           Step           Time
          51600       25.80000

   Energies (kJ/mol)
           Bond        LJ (SR)   Coulomb (SR)      Potential    Kinetic En.
    3.61705e+00    0.00000e+00    0.00000e+00    3.61705e+00    3.81907e+00
   Total Energy  Conserved En.    Temperature Pressure (bar)
    7.43612e+00    1.88374e+01    3.06219e+02    1.65481e+01

           Step           Time
          51700       25.85000

   Energies (kJ/mol)
           Bond        LJ (SR)   Coulomb (SR)      Potential    Kinetic En.
    1.63425e+00    0.00000e+00    0.00000e+00    1.63425e+00    1.73431e+00
   Total Energy  Conserved En.    Temperature Pressure (bar)
    3.36856e+00    1.87026e+01    1.39059e+02   -1.10825e+01

           Step           Time
          51800       25.90000

   Energies (kJ/mol)
           Bond        LJ (SR)   Coulomb (SR)      Potential    Kinetic En.
    3.28986e+00    0.00000e+00    0.00000e+00    3.28986e+00    4.65701e+00
   Total Energy  Conserved En.    Temperature Pressure (bar)
    7.94687e+00    1.91732e+01    3.73406e+02    1.59851e+01

           Step           Time
          51900       25.95000

   Energies (kJ/mol)
           Bond        LJ (SR)   Coulomb (SR)      Potential    Kinetic En.
    2.83449e+00    0.00000e+00    0.00000e+00    2.83449e+00    5.22907e+00
   Total Energy  Conserved En.    Temperature Pressure (bar)
    8.06356e+00    1.94251e+01    4.19275e+02   -1.42039e+01

           Step           Time
          52000       26.00000

   Energies (kJ/mol)
           Bond        LJ (SR)   Coulomb (SR)      Potential    Kinetic En.
    2.07824e+00    0.00000e+00    0.00000e+00    2.07824e+00    2.48258e+00
   Total Energy  Conserved En.    Temperature Pressure (bar)
    4.56082e+00    1.93685e+01    1.99057e+02    1.25870e+01

           Step           Time
          52100       26.05000

   Energies (kJ/mol)
           Bond        LJ (SR)   Coulomb (SR)      Potential    Kinetic En.
    2.85190e+00    0.00000e+00    0.00000e+00    2.85190e+00    5.46948e+00
   Total Energy  Conserved En.    Temperature Pressure (bar)
    8.32138e+00    1.98027e+01    4.38551e+02   -1.42102e+01

           Step           Time
          52200       26.10000

   Energies (kJ/mol)
           Bond        LJ (SR)   Coulomb (SR)      Potential    Kinetic En.
    1.85362e+00    0.00000e+00    0.00000e+00    1.85362e+00    6.38271e+00
   Total Energy  Conserved En.    Temperature Pressure (bar)
    8.23634e+00    2.01856e+01    5.11776e+02    1.26047e+01

           Step           Time
          52300       26.15000

   Energies (kJ/mol)
           Bond        LJ (SR)   Coulomb (SR)      Potential    Kinetic En.
    3.07715e+00    0.00000e+00    0.00000e+00    3.07715e+00    5.28384e+00
   Total Energy  Conserved En.    Temperature Pressure (bar)
    8.36099e+00    2.00117e+01    4.23666e+02   -1.48493e+01

           Step           Time
          52400       26.20000

   Energies (kJ/mol)
           Bond        LJ (SR)   Coulomb (SR)      Potential    Kinetic En.
    1.69374e+00    0.00000e+00    0.00000e+00    1.69374e+00    3.55260e+00
   Total Energy  Conserved En.    Temperature Pressure (bar)
    5.24634e+00    2.02508e+01    2.84853e+02    1.16215e+01

           Step           Time
          52500       26.25000

   Energies (kJ/mol)
           Bond        LJ (SR)   Coulomb (SR)      Potential    Kinetic En.
    3.02926e+00    0.00000e+00    0.00000e+00    3.02926e+00    2.94369e+00
   Total Energy  Conserved En.    Temperature Pressure (bar)
    5.97295e+00    2.01361e+01    2.36030e+02   -1.51268e+01

           Step           Time
          52600       26.30000

   Energies (kJ/mol)
           Bond        LJ (SR)   Coulomb (SR)      Potential    Kinetic En.
    3.07722e+00    0.00000e+00    0.00000e+00    3.07722e+00    6.62694e+00
   Total Energy  Conserved En.    Temperature Pressure (bar)
    9.70416e+00    2.07633e+01    5.31359e+02    1.58452e+01

           Step           Time
          52700       26.35000

   Energies (kJ/mol)
           Bond        LJ (SR)   Coulomb (SR)      Potential    Kinetic En.
    6.57451e-01    0.00000e+00    0.00000e+00    6.57451e-01    3.81672e+00
   Total Energy  Conserved En.    Temperature Pressure (bar)
    4.47417e+00    2.09047e+01    3.06031e+02   -6.49373e+00

           Step           Time
          52800       26.40000

   Energies (kJ/mol)
           Bond        LJ (SR)   Coulomb (SR)      Potential    Kinetic En.
    4.43414e-01    0.00000e+00    0.00000e+00    4.43414e-01    4.08212e+00
   Total Energy  Conserved En.    Temperature Pressure (bar)
    4.52554e+00    2.10691e+01    3.27311e+02    6.41114e+00

           Step           Time
          52900       26.45000

   Energies (kJ/mol)
           Bond        LJ (SR)   Coulomb (SR)      Potential    Kinetic En.
    1.26709e-01    0.00000e+00    0.00000e+00    1.26709e-01    4.10628e+00
   Total Energy  Conserved En.    Temperature Pressure (bar)
    4.23299e+00    2.12598e+01    3.29248e+02   -2.40235e+00

           Step           Time
          53000       26.50000

   Energies (kJ/mol)
           Bond        LJ (SR)   Coulomb (SR)      Potential    Kinetic En.
    1.58482e+00    0.00000e+00    0.00000e+00    1.58482e+00    2.11598e+00
   Total Energy  Conserved En.    Temperature Pressure (bar)
    3.70079e+00    2.09056e+01    1.69663e+02    1.10225e+01

           Step           Time
          53100       26.55000

   Energies (kJ/mol)
           Bond        LJ (SR)   Coulomb (SR)      Potential    Kinetic En.
    4.51143e+00    0.00000e+00    0.00000e+00    4.51143e+00    1.49758e+00
   Total Energy  Conserved En.    Temperature Pressure (bar)
    6.00901e+00    2.07575e+01    1.20078e+02   -1.89634e+01

           Step           Time
          53200       26.60000

   Energies (kJ/mol)
           Bond        LJ (SR)   Coulomb (SR)      Potential    Kinetic En.
    2.53049e+00    0.00000e+00    0.00000e+00    2.53049e+00    1.33114e-01
   Total Energy  Conserved En.    Temperature Pressure (bar)
    2.66360e+00    2.04177e+01    1.06733e+01    1.33973e+01

           Step           Time
          53300       26.65000

   Energies (kJ/mol)
           Bond        LJ (SR)   Coulomb (SR)      Potential    Kinetic En.
    1.89906e+00    0.00000e+00    0.00000e+00    1.89906e+00    1.84281e-01
   Total Energy  Conserved En.    Temperature Pressure (bar)
    2.08334e+00    2.01983e+01    1.47760e+01   -1.22619e+01

           Step           Time
          53400       26.70000

   Energies (kJ/mol)
           Bond        LJ (SR)   Coulomb (SR)      Potential    Kinetic En.
    2.23201e+00    0.00000e+00    0.00000e+00    2.23201e+00    3.45763e-01
   Total Energy  Conserved En.    Temperature Pressure (bar)
    2.57778e+00    2.02430e+01    2.77238e+01    1.26456e+01

           Step           Time
          53500       26.75000

   Energies (kJ/mol)
           Bond        LJ (SR)   Coulomb (SR)      Potential    Kinetic En.
    1.98724e+00    0.00000e+00    0.00000e+00    1.98724e+00    1.34387e+00
   Total Energy  Conserved En.    Temperature Pressure (bar)
    3.33111e+00    2.00512e+01    1.07754e+02   -1.23512e+01

           Step           Time
          53600       26.80000

   Energies (kJ/mol)
           Bond        LJ (SR)   Coulomb (SR)      Potential    Kinetic En.
    1.87247e-01    0.00000e+00    0.00000e+00    1.87247e-01    4.05120e+00
   Total Energy  Conserved En.    Temperature Pressure (bar)
    4.23845e+00    1.92683e+01    3.24832e+02    4.42553e+00

           Step           Time
          53700       26.85000

   Energies (kJ/mol)
           Bond        LJ (SR)   Coulomb (SR)      Potential    Kinetic En.
    5.73976e-01    0.00000e+00    0.00000e+00    5.73976e-01    5.05053e+00
   Total Energy  Conserved En.    Temperature Pressure (bar)
    5.62451e+00    1.95749e+01    4.04960e+02   -5.80380e+00

           Step           Time
          53800       26.90000

   Energies (kJ/mol)
           Bond        LJ (SR)   Coulomb (SR)      Potential    Kinetic En.
    1.33756e+00    0.00000e+00    0.00000e+00    1.33756e+00    4.40914e+00
   Total Energy  Conserved En.    Temperature Pressure (bar)
    5.74670e+00    2.00297e+01    3.53532e+02    1.05731e+01

           Step           Time
          53900       26.95000

   Energies (kJ/mol)
           Bond        LJ (SR)   Coulomb (SR)      Potential    Kinetic En.
    1.27378e-01    0.00000e+00    0.00000e+00    1.27378e-01    4.86684e+00
   Total Energy  Conserved En.    Temperature Pressure (bar)
    4.99422e+00    1.95243e+01    3.90231e+02   -2.27906e+00

           Step           Time
          54000       27.00000

   Energies (kJ/mol)
           Bond        LJ (SR)   Coulomb (SR)      Potential    Kinetic En.
    3.60162e-01    0.00000e+00    0.00000e+00    3.60162e-01    4.15767e+00
   Total Energy  Conserved En.    Temperature Pressure (bar)
    4.51783e+00    1.97386e+01    3.33368e+02    5.86765e+00

           Step           Time
          54100       27.05000

   Energies (kJ/mol)
           Bond        LJ (SR)   Coulomb (SR)      Potential    Kinetic En.
    4.56273e-01    0.00000e+00    0.00000e+00    4.56273e-01    2.31984e+00
   Total Energy  Conserved En.    Temperature Pressure (bar)
    2.77611e+00    1.99417e+01    1.86008e+02   -5.54262e+00

           Step           Time
          54200       27.10000

   Energies (kJ/mol)
           Bond        LJ (SR)   Coulomb (SR)      Potential    Kinetic En.
    2.98569e-01    0.00000e+00    0.00000e+00    2.98569e-01    2.02123e+00
   Total Energy  Conserved En.    Temperature Pressure (bar)
    2.31980e+00    2.00134e+01    1.62066e+02    5.04232e+00

           Step           Time
          54300       27.15000

   Energies (kJ/mol)
           Bond        LJ (SR)   Coulomb (SR)      Potential    Kinetic En.
    5.57123e-03    0.00000e+00    0.00000e+00    5.57123e-03    1.57703e+00
   Total Energy  Conserved En.    Temperature Pressure (bar)
    1.58260e+00    1.97940e+01    1.26449e+02    9.19901e-01

           Step           Time
          54400       27.20000

   Energies (kJ/mol)
           Bond        LJ (SR)   Coulomb (SR)      Potential    Kinetic En.
    5.99391e-02    0.00000e+00    0.00000e+00    5.99391e-02    7.71788e+00
   Total Energy  Conserved En.    Temperature Pressure (bar)
    7.77782e+00    1.99819e+01    6.18831e+02   -8.01122e-01

           Step           Time
          54500       27.25000

   Energies (kJ/mol)
           Bond        LJ (SR)   Coulomb (SR)      Potential    Kinetic En.
    1.72305e-01    0.00000e+00    0.00000e+00    1.72305e-01    4.29755e+00
   Total Energy  Conserved En.    Temperature Pressure (bar)
    4.46986e+00    2.04119e+01    3.44584e+02   -2.89060e+00

           Step           Time
          54600       27.30000

   Energies (kJ/mol)
           Bond        LJ (SR)   Coulomb (SR)      Potential    Kinetic En.
    5.33214e-01    0.00000e+00    0.00000e+00    5.33214e-01    3.93133e+00
   Total Energy  Conserved En.    Temperature Pressure (bar)
    4.46455e+00    2.06885e+01    3.15220e+02    6.92801e+00

           Step           Time
          54700       27.35000

   Energies (kJ/mol)
           Bond        LJ (SR)   Coulomb (SR)      Potential    Kinetic En.
    1.12094e-02    0.00000e+00    0.00000e+00    1.12094e-02    5.64457e+00
   Total Energy  Conserved En.    Temperature Pressure (bar)
    5.65578e+00    2.01814e+01    4.52590e+02    1.89369e+00

           Step           Time
          54800       27.40000

   Energies (kJ/mol)
           Bond        LJ (SR)   Coulomb (SR)      Potential    Kinetic En.
    1.72151e-02    0.00000e+00    0.00000e+00    1.72151e-02    7.43669e+00
   Total Energy  Conserved En.    Temperature Pressure (bar)
    7.45390e+00    2.05008e+01    5.96285e+02    2.42259e+00

           Step           Time
          54900       27.45000

   Energies (kJ/mol)
           Bond        LJ (SR)   Coulomb (SR)      Potential    Kinetic En.
    6.56655e-02    0.00000e+00    0.00000e+00    6.56655e-02    6.13158e+00
   Total Energy  Conserved En.    Temperature Pressure (bar)
    6.19725e+00    2.03317e+01    4.91640e+02    3.27420e+00

           Step           Time
          55000       27.50000

   Energies (kJ/mol)
           Bond        LJ (SR)   Coulomb (SR)      Potential    Kinetic En.
    2.93139e+00    0.00000e+00    0.00000e+00    2.93139e+00    6.53100e+00
   Total Energy  Conserved En.    Temperature Pressure (bar)
    9.46239e+00    1.92636e+01    5.23666e+02   -1.42433e+01

           Step           Time
          55100       27.55000

   Energies (kJ/mol)
           Bond        LJ (SR)   Coulomb (SR)      Potential    Kinetic En.
    3.78713e+00    0.00000e+00    0.00000e+00    3.78713e+00    7.87565e+00
   Total Energy  Conserved En.    Temperature Pressure (bar)
    1.16628e+01    1.94537e+01    6.31482e+02    1.76042e+01

           Step           Time
          55200       27.60000

   Energies (kJ/mol)
           Bond        LJ (SR)   Coulomb (SR)      Potential    Kinetic En.
    1.77666e+00    0.00000e+00    0.00000e+00    1.77666e+00    4.08624e+00
   Total Energy  Conserved En.    Temperature Pressure (bar)
    5.86290e+00    1.95142e+01    3.27642e+02   -1.11738e+01

           Step           Time
          55300       27.65000

   Energies (kJ/mol)
           Bond        LJ (SR)   Coulomb (SR)      Potential    Kinetic En.
    1.57420e+00    0.00000e+00    0.00000e+00    1.57420e+00    3.74870e+00
   Total Energy  Conserved En.    Temperature Pressure (bar)
    5.32290e+00    1.96227e+01    3.00577e+02    1.12700e+01

           Step           Time
          55400       27.70000

   Energies (kJ/mol)
           Bond        LJ (SR)   Coulomb (SR)      Potential    Kinetic En.
    3.86161e+00    0.00000e+00    0.00000e+00    3.86161e+00    5.15748e+00
   Total Energy  Conserved En.    Temperature Pressure (bar)
    9.01909e+00    1.96957e+01    4.13535e+02   -1.68381e+01

           Step           Time
          55500       27.75000

   Energies (kJ/mol)
           Bond        LJ (SR)   Coulomb (SR)      Potential    Kinetic En.
    3.48316e+00    0.00000e+00    0.00000e+00    3.48316e+00    5.64921e+00
   Total Energy  Conserved En.    Temperature Pressure (bar)
    9.13237e+00    1.99482e+01    4.52963e+02    1.65793e+01

           Step           Time
          55600       27.80000

   Energies (kJ/mol)
           Bond        LJ (SR)   Coulomb (SR)      Potential    Kinetic En.
    2.75478e+00    0.00000e+00    0.00000e+00    2.75478e+00    4.68585e-01
   Total Energy  Conserved En.    Temperature Pressure (bar)
    3.22336e+00    1.93520e+01    3.75718e+01   -1.48065e+01

           Step           Time
          55700       27.85000

   Energies (kJ/mol)
           Bond        LJ (SR)   Coulomb (SR)      Potential    Kinetic En.
    2.31429e+00    0.00000e+00    0.00000e+00    2.31429e+00    9.03506e-01
   Total Energy  Conserved En.    Temperature Pressure (bar)
    3.21779e+00    1.95674e+01    7.24445e+01    1.29647e+01

           Step           Time
          55800       27.90000

   Energies (kJ/mol)
           Bond        LJ (SR)   Coulomb (SR)      Potential    Kinetic En.
    5.73738e+00    0.00000e+00    0.00000e+00    5.73738e+00    4.72391e-01
   Total Energy  Conserved En.    Temperature Pressure (bar)
    6.20977e+00    1.93270e+01    3.78770e+01   -2.17082e+01

           Step           Time
          55900       27.95000

   Energies (kJ/mol)
           Bond        LJ (SR)   Coulomb (SR)      Potential    Kinetic En.
    6.42157e+00    0.00000e+00    0.00000e+00    6.42157e+00    2.34534e-01
   Total Energy  Conserved En.    Temperature Pressure (bar)
    6.65610e+00    1.92680e+01    1.88053e+01    2.09324e+01

           Step           Time
          56000       28.00000

   Energies (kJ/mol)
           Bond        LJ (SR)   Coulomb (SR)      Potential    Kinetic En.
    4.77679e+00    0.00000e+00    0.00000e+00    4.77679e+00    9.54739e-02
   Total Energy  Conserved En.    Temperature Pressure (bar)
    4.87227e+00    1.91234e+01    7.65525e+00   -1.97865e+01

           Step           Time
          56100       28.05000

   Energies (kJ/mol)
           Bond        LJ (SR)   Coulomb (SR)      Potential    Kinetic En.
    3.93260e+00    0.00000e+00    0.00000e+00    3.93260e+00    8.46608e-02
   Total Energy  Conserved En.    Temperature Pressure (bar)
    4.01726e+00    1.91466e+01    6.78823e+00    1.65529e+01

           Step           Time
          56200       28.10000

   Energies (kJ/mol)
           Bond        LJ (SR)   Coulomb (SR)      Potential    Kinetic En.
    7.16970e+00    0.00000e+00    0.00000e+00    7.16970e+00    1.58337e-01
   Total Energy  Conserved En.    Temperature Pressure (bar)
    7.32804e+00    1.92649e+01    1.26957e+01   -2.44618e+01

           Step           Time
          56300       28.15000

   Energies (kJ/mol)
           Bond        LJ (SR)   Coulomb (SR)      Potential    Kinetic En.
    1.26232e+01    0.00000e+00    0.00000e+00    1.26232e+01    5.39725e-01
   Total Energy  Conserved En.    Temperature Pressure (bar)
    1.31629e+01    1.91951e+01    4.32760e+01    2.87587e+01

           Step           Time
          56400       28.20000

   Energies (kJ/mol)
           Bond        LJ (SR)   Coulomb (SR)      Potential    Kinetic En.
    5.53107e+00    0.00000e+00    0.00000e+00    5.53107e+00    3.15093e+00
   Total Energy  Conserved En.    Temperature Pressure (bar)
    8.68200e+00    1.73476e+01    2.52646e+02   -2.08318e+01

           Step           Time
          56500       28.25000

   Energies (kJ/mol)
           Bond        LJ (SR)   Coulomb (SR)      Potential    Kinetic En.
    3.72774e+00    0.00000e+00    0.00000e+00    3.72774e+00    2.76998e+00
   Total Energy  Conserved En.    Temperature Pressure (bar)
    6.49773e+00    1.72513e+01    2.22102e+02    1.65983e+01

           Step           Time
          56600       28.30000

   Energies (kJ/mol)
           Bond        LJ (SR)   Coulomb (SR)      Potential    Kinetic En.
    3.31678e+00    0.00000e+00    0.00000e+00    3.31678e+00    4.08948e+00
   Total Energy  Conserved En.    Temperature Pressure (bar)
    7.40626e+00    1.71184e+01    3.27901e+02   -1.56793e+01

           Step           Time
          56700       28.35000

   Energies (kJ/mol)
           Bond        LJ (SR)   Coulomb (SR)      Potential    Kinetic En.
    4.39641e+00    0.00000e+00    0.00000e+00    4.39641e+00    2.82183e+00
   Total Energy  Conserved En.    Temperature Pressure (bar)
    7.21824e+00    1.76372e+01    2.26259e+02    1.79332e+01

           Step           Time
          56800       28.40000

   Energies (kJ/mol)
           Bond        LJ (SR)   Coulomb (SR)      Potential    Kinetic En.
    4.94942e+00    0.00000e+00    0.00000e+00    4.94942e+00    4.50834e+00
   Total Energy  Conserved En.    Temperature Pressure (bar)
    9.45776e+00    1.76649e+01    3.61486e+02   -1.93929e+01

           Step           Time
          56900       28.45000

   Energies (kJ/mol)
           Bond        LJ (SR)   Coulomb (SR)      Potential    Kinetic En.
    4.46162e+00    0.00000e+00    0.00000e+00    4.46162e+00    1.48615e+00
   Total Energy  Conserved En.    Temperature Pressure (bar)
    5.94777e+00    1.83732e+01    1.19162e+02    1.78254e+01

           Step           Time
          57000       28.50000

   Energies (kJ/mol)
           Bond        LJ (SR)   Coulomb (SR)      Potential    Kinetic En.
    5.87307e+00    0.00000e+00    0.00000e+00    5.87307e+00    5.22575e+00
   Total Energy  Conserved En.    Temperature Pressure (bar)
    1.10988e+01    1.81495e+01    4.19009e+02   -2.11539e+01

           Step           Time
          57100       28.55000

   Energies (kJ/mol)
           Bond        LJ (SR)   Coulomb (SR)      Potential    Kinetic En.
    1.04100e+00    0.00000e+00    0.00000e+00    1.04100e+00    8.77444e+00
   Total Energy  Conserved En.    Temperature Pressure (bar)
    9.81544e+00    1.63500e+01    7.03548e+02    1.01966e+01

           Step           Time
          57200       28.60000

   Energies (kJ/mol)
           Bond        LJ (SR)   Coulomb (SR)      Potential    Kinetic En.
    3.29318e-02    0.00000e+00    0.00000e+00    3.29318e-02    1.10491e+01
   Total Energy  Conserved En.    Temperature Pressure (bar)
    1.10820e+01    1.51196e+01    8.85934e+02    3.48115e+00

           Step           Time
          57300       28.65000

   Energies (kJ/mol)
           Bond        LJ (SR)   Coulomb (SR)      Potential    Kinetic En.
    3.46944e-02    0.00000e+00    0.00000e+00    3.46944e-02    1.02294e+01
   Total Energy  Conserved En.    Temperature Pressure (bar)
    1.02641e+01    1.53256e+01    8.20208e+02    1.46130e-01

           Step           Time
          57400       28.70000

   Energies (kJ/mol)
           Bond        LJ (SR)   Coulomb (SR)      Potential    Kinetic En.
    2.39309e-01    0.00000e+00    0.00000e+00    2.39309e-01    1.35072e+01
   Total Energy  Conserved En.    Temperature Pressure (bar)
    1.37465e+01    1.54603e+01    1.08302e+03    6.54247e+00

           Step           Time
          57500       28.75000

   Energies (kJ/mol)
           Bond        LJ (SR)   Coulomb (SR)      Potential    Kinetic En.
    1.89105e+00    0.00000e+00    0.00000e+00    1.89105e+00    9.06172e+00
   Total Energy  Conserved En.    Temperature Pressure (bar)
    1.09528e+01    1.46791e+01    7.26583e+02   -1.06997e+01

           Step           Time
          57600       28.80000

   Energies (kJ/mol)
           Bond        LJ (SR)   Coulomb (SR)      Potential    Kinetic En.
    4.75702e+00    0.00000e+00    0.00000e+00    4.75702e+00    8.08573e+00
   Total Energy  Conserved En.    Temperature Pressure (bar)
    1.28427e+01    1.43394e+01    6.48327e+02    1.95132e+01

           Step           Time
          57700       28.85000

   Energies (kJ/mol)
           Bond        LJ (SR)   Coulomb (SR)      Potential    Kinetic En.
    3.35827e+00    0.00000e+00    0.00000e+00    3.35827e+00    8.90470e+00
   Total Energy  Conserved En.    Temperature Pressure (bar)
    1.22630e+01    1.48626e+01    7.13993e+02   -1.49522e+01

           Step           Time
          57800       28.90000

   Energies (kJ/mol)
           Bond        LJ (SR)   Coulomb (SR)      Potential    Kinetic En.
    2.67730e+00    0.00000e+00    0.00000e+00    2.67730e+00    1.16672e+01
   Total Energy  Conserved En.    Temperature Pressure (bar)
    1.43445e+01    1.54564e+01    9.35495e+02    1.57620e+01

           Step           Time
          57900       28.95000

   Energies (kJ/mol)
           Bond        LJ (SR)   Coulomb (SR)      Potential    Kinetic En.
    3.62840e+00    0.00000e+00    0.00000e+00    3.62840e+00    4.30418e+00
   Total Energy  Conserved En.    Temperature Pressure (bar)
    7.93258e+00    1.49607e+01    3.45116e+02   -1.64222e+01

           Step           Time
          58000       29.00000

   Energies (kJ/mol)
           Bond        LJ (SR)   Coulomb (SR)      Potential    Kinetic En.
    1.94946e+00    0.00000e+00    0.00000e+00    1.94946e+00    3.30628e+00
   Total Energy  Conserved En.    Temperature Pressure (bar)
    5.25575e+00    1.51311e+01    2.65103e+02    1.23577e+01

           Step           Time
          58100       29.05000

   Energies (kJ/mol)
           Bond        LJ (SR)   Coulomb (SR)      Potential    Kinetic En.
    2.07445e+00    0.00000e+00    0.00000e+00    2.07445e+00    2.82273e+00
   Total Energy  Conserved En.    Temperature Pressure (bar)
    4.89719e+00    1.51776e+01    2.26331e+02   -1.23762e+01

           Step           Time
          58200       29.10000

   Energies (kJ/mol)
           Bond        LJ (SR)   Coulomb (SR)      Potential    Kinetic En.
    3.40455e+00    0.00000e+00    0.00000e+00    3.40455e+00    8.18260e-01
   Total Energy  Conserved En.    Temperature Pressure (bar)
    4.22281e+00    1.48817e+01    6.56094e+01    1.55734e+01

           Step           Time
          58300       29.15000

   Energies (kJ/mol)
           Bond        LJ (SR)   Coulomb (SR)      Potential    Kinetic En.
    9.73100e+00    0.00000e+00    0.00000e+00    9.73100e+00    9.75110e-01
   Total Energy  Conserved En.    Temperature Pressure (bar)
    1.07061e+01    1.48357e+01    7.81859e+01   -2.85997e+01

           Step           Time
          58400       29.20000

   Energies (kJ/mol)
           Bond        LJ (SR)   Coulomb (SR)      Potential    Kinetic En.
    8.21894e+00    0.00000e+00    0.00000e+00    8.21894e+00    1.36221e+00
   Total Energy  Conserved En.    Temperature Pressure (bar)
    9.58114e+00    1.52115e+01    1.09224e+02    2.37061e+01

           Step           Time
          58500       29.25000

   Energies (kJ/mol)
           Bond        LJ (SR)   Coulomb (SR)      Potential    Kinetic En.
    7.93772e+00    0.00000e+00    0.00000e+00    7.93772e+00    4.97414e-01
   Total Energy  Conserved En.    Temperature Pressure (bar)
    8.43513e+00    1.49645e+01    3.98834e+01   -2.57495e+01

           Step           Time
          58600       29.30000

   Energies (kJ/mol)
           Bond        LJ (SR)   Coulomb (SR)      Potential    Kinetic En.
    1.33602e+01    0.00000e+00    0.00000e+00    1.33602e+01    8.82294e-01
   Total Energy  Conserved En.    Temperature Pressure (bar)
    1.42425e+01    1.52039e+01    7.07437e+01    2.95783e+01

           Step           Time
          58700       29.35000

   Energies (kJ/mol)
           Bond        LJ (SR)   Coulomb (SR)      Potential    Kinetic En.
    1.35861e+01    0.00000e+00    0.00000e+00    1.35861e+01    2.68853e-01
   Total Energy  Conserved En.    Temperature Pressure (bar)
    1.38550e+01    1.46976e+01    2.15571e+01   -3.43073e+01

           Step           Time
          58800       29.40000

   Energies (kJ/mol)
           Bond        LJ (SR)   Coulomb (SR)      Potential    Kinetic En.
    1.41258e+01    0.00000e+00    0.00000e+00    1.41258e+01    4.84685e-01
   Total Energy  Conserved En.    Temperature Pressure (bar)
    1.46105e+01    1.45085e+01    3.88628e+01    3.02737e+01

           Step           Time
          58900       29.45000

   Energies (kJ/mol)
           Bond        LJ (SR)   Coulomb (SR)      Potential    Kinetic En.
    9.30361e+00    0.00000e+00    0.00000e+00    9.30361e+00    6.52753e-01
   Total Energy  Conserved En.    Temperature Pressure (bar)
    9.95637e+00    1.57621e+01    5.23388e+01   -2.79801e+01

           Step           Time
          59000       29.50000

   Energies (kJ/mol)
           Bond        LJ (SR)   Coulomb (SR)      Potential    Kinetic En.
    8.62441e+00    0.00000e+00    0.00000e+00    8.62441e+00    9.51145e-01
   Total Energy  Conserved En.    Temperature Pressure (bar)
    9.57555e+00    1.61562e+01    7.62643e+01    2.41715e+01

           Step           Time
          59100       29.55000

   Energies (kJ/mol)
           Bond        LJ (SR)   Coulomb (SR)      Potential    Kinetic En.
    1.07336e+01    0.00000e+00    0.00000e+00    1.07336e+01    2.31639e-01
   Total Energy  Conserved En.    Temperature Pressure (bar)
    1.09652e+01    1.55215e+01    1.85732e+01   -3.02629e+01

           Step           Time
          59200       29.60000

   Energies (kJ/mol)
           Bond        LJ (SR)   Coulomb (SR)      Potential    Kinetic En.
    7.17681e+00    0.00000e+00    0.00000e+00    7.17681e+00    2.06507e-01
   Total Energy  Conserved En.    Temperature Pressure (bar)
    7.38331e+00    1.54539e+01    1.65580e+01    2.20549e+01

           Step           Time
          59300       29.65000

   Energies (kJ/mol)
           Bond        LJ (SR)   Coulomb (SR)      Potential    Kinetic En.
    4.47561e+00    0.00000e+00    0.00000e+00    4.47561e+00    8.85199e-02
   Total Energy  Conserved En.    Temperature Pressure (bar)
    4.56413e+00    1.55983e+01    7.09767e+00   -1.91276e+01

           Step           Time
          59400       29.70000

   Energies (kJ/mol)
           Bond        LJ (SR)   Coulomb (SR)      Potential    Kinetic En.
    3.95133e+00    0.00000e+00    0.00000e+00    3.95133e+00    1.28945e-01
   Total Energy  Conserved En.    Temperature Pressure (bar)
    4.08028e+00    1.57996e+01    1.03390e+01    1.65982e+01

           Step           Time
          59500       29.75000

   Energies (kJ/mol)
           Bond        LJ (SR)   Coulomb (SR)      Potential    Kinetic En.
    3.73756e+00    0.00000e+00    0.00000e+00    3.73756e+00    7.68380e-02
   Total Energy  Conserved En.    Temperature Pressure (bar)
    3.81440e+00    1.58589e+01    6.16099e+00   -1.74193e+01

           Step           Time
          59600       29.80000

   Energies (kJ/mol)
           Bond        LJ (SR)   Coulomb (SR)      Potential    Kinetic En.
    7.60822e-01    0.00000e+00    0.00000e+00    7.60822e-01    4.20936e-02
   Total Energy  Conserved En.    Temperature Pressure (bar)
    8.02915e-01    1.55886e+01    3.37513e+00    7.44916e+00

           Step           Time
          59700       29.85000

   Energies (kJ/mol)
           Bond        LJ (SR)   Coulomb (SR)      Potential    Kinetic En.
    2.70917e+00    0.00000e+00    0.00000e+00    2.70917e+00    6.34178e-01
   Total Energy  Conserved En.    Temperature Pressure (bar)
    3.34334e+00    1.56430e+01    5.08494e+01   -1.46502e+01

           Step           Time
          59800       29.90000

   Energies (kJ/mol)
           Bond        LJ (SR)   Coulomb (SR)      Potential    Kinetic En.
    2.24630e+00    0.00000e+00    0.00000e+00    2.24630e+00    2.21354e+00
   Total Energy  Conserved En.    Temperature Pressure (bar)
    4.45984e+00    1.53584e+01    1.77485e+02    1.30077e+01

           Step           Time
          59900       29.95000

   Energies (kJ/mol)
           Bond        LJ (SR)   Coulomb (SR)      Potential    Kinetic En.
    5.68802e+00    0.00000e+00    0.00000e+00    5.68802e+00    9.16846e-01
   Total Energy  Conserved En.    Temperature Pressure (bar)
    6.60487e+00    1.62304e+01    7.35142e+01   -2.15331e+01

           Step           Time
          60000       30.00000

   Energies (kJ/mol)
           Bond        LJ (SR)   Coulomb (SR)      Potential    Kinetic En.
    1.01318e+01    0.00000e+00    0.00000e+00    1.01318e+01    1.15268e+00
   Total Energy  Conserved En.    Temperature Pressure (bar)
    1.12844e+01    1.66659e+01    9.24236e+01    2.60842e+01

           Step           Time
          60100       30.05000

   Energies (kJ/mol)
           Bond        LJ (SR)   Coulomb (SR)      Potential    Kinetic En.
    6.80304e+00    0.00000e+00    0.00000e+00    6.80304e+00    1.17299e+00
   Total Energy  Conserved En.    Temperature Pressure (bar)
    7.97603e+00    1.64876e+01    9.40520e+01   -2.36206e+01

           Step           Time
          60200       30.10000

   Energies (kJ/mol)
           Bond        LJ (SR)   Coulomb (SR)      Potential    Kinetic En.
    5.94463e+00    0.00000e+00    0.00000e+00    5.94463e+00    4.55266e+00
   Total Energy  Conserved En.    Temperature Pressure (bar)
    1.04973e+01    1.58636e+01    3.65039e+02    2.09290e+01

           Step           Time
          60300       30.15000

   Energies (kJ/mol)
           Bond        LJ (SR)   Coulomb (SR)      Potential    Kinetic En.
    3.78051e+00    0.00000e+00    0.00000e+00    3.78051e+00    5.91265e+00
   Total Energy  Conserved En.    Temperature Pressure (bar)
    9.69316e+00    1.54045e+01    4.74086e+02   -1.65134e+01

           Step           Time
          60400       30.20000

   Energies (kJ/mol)
           Bond        LJ (SR)   Coulomb (SR)      Potential    Kinetic En.
    5.53118e+00    0.00000e+00    0.00000e+00    5.53118e+00    3.41652e+00
   Total Energy  Conserved En.    Temperature Pressure (bar)
    8.94770e+00    1.62299e+01    2.73942e+02    2.00546e+01

           Step           Time
          60500       30.25000

   Energies (kJ/mol)
           Bond        LJ (SR)   Coulomb (SR)      Potential    Kinetic En.
    6.42267e+00    0.00000e+00    0.00000e+00    6.42267e+00    3.01054e+00
   Total Energy  Conserved En.    Temperature Pressure (bar)
    9.43320e+00    1.65890e+01    2.41390e+02   -2.25947e+01

           Step           Time
          60600       30.30000

   Energies (kJ/mol)
           Bond        LJ (SR)   Coulomb (SR)      Potential    Kinetic En.
    5.25053e+00    0.00000e+00    0.00000e+00    5.25053e+00    4.15913e+00
   Total Energy  Conserved En.    Temperature Pressure (bar)
    9.40966e+00    1.63703e+01    3.33486e+02    1.97067e+01

           Step           Time
          60700       30.35000

   Energies (kJ/mol)
           Bond        LJ (SR)   Coulomb (SR)      Potential    Kinetic En.
    3.71111e+00    0.00000e+00    0.00000e+00    3.71111e+00    1.56791e+00
   Total Energy  Conserved En.    Temperature Pressure (bar)
    5.27902e+00    1.67877e+01    1.25717e+02   -1.70973e+01

           Step           Time
          60800       30.40000

   Energies (kJ/mol)
           Bond        LJ (SR)   Coulomb (SR)      Potential    Kinetic En.
    5.38326e+00    0.00000e+00    0.00000e+00    5.38326e+00    2.47066e+00
   Total Energy  Conserved En.    Temperature Pressure (bar)
    7.85391e+00    1.69927e+01    1.98101e+02    1.96416e+01

           Step           Time
          60900       30.45000

   Energies (kJ/mol)
           Bond        LJ (SR)   Coulomb (SR)      Potential    Kinetic En.
    6.39510e+00    0.00000e+00    0.00000e+00    6.39510e+00    2.44251e+00
   Total Energy  Conserved En.    Temperature Pressure (bar)
    8.83761e+00    1.72828e+01    1.95844e+02   -2.26409e+01

           Step           Time
          61000       30.50000

   Energies (kJ/mol)
           Bond        LJ (SR)   Coulomb (SR)      Potential    Kinetic En.
    8.11580e+00    0.00000e+00    0.00000e+00    8.11580e+00    1.28939e+00
   Total Energy  Conserved En.    Temperature Pressure (bar)
    9.40518e+00    1.80736e+01    1.03385e+02    2.35546e+01

           Step           Time
          61100       30.55000

   Energies (kJ/mol)
           Bond        LJ (SR)   Coulomb (SR)      Potential    Kinetic En.
    5.48305e+00    0.00000e+00    0.00000e+00    5.48305e+00    6.38763e-01
   Total Energy  Conserved En.    Temperature Pressure (bar)
    6.12182e+00    1.82151e+01    5.12170e+01   -2.11692e+01

           Step           Time
          61200       30.60000

   Energies (kJ/mol)
           Bond        LJ (SR)   Coulomb (SR)      Potential    Kinetic En.
    4.62631e+00    0.00000e+00    0.00000e+00    4.62631e+00    1.89090e+00
   Total Energy  Conserved En.    Temperature Pressure (bar)
    6.51721e+00    1.78615e+01    1.51615e+02    1.82023e+01

           Step           Time
          61300       30.65000

   Energies (kJ/mol)
           Bond        LJ (SR)   Coulomb (SR)      Potential    Kinetic En.
    5.98507e+00    0.00000e+00    0.00000e+00    5.98507e+00    2.46079e+00
   Total Energy  Conserved En.    Temperature Pressure (bar)
    8.44586e+00    1.80570e+01    1.97310e+02   -2.18513e+01

           Step           Time
          61400       30.70000

   Energies (kJ/mol)
           Bond        LJ (SR)   Coulomb (SR)      Potential    Kinetic En.
    7.01519e+00    0.00000e+00    0.00000e+00    7.01519e+00    3.63801e+00
   Total Energy  Conserved En.    Temperature Pressure (bar)
    1.06532e+01    1.81049e+01    2.91701e+02    2.24130e+01

           Step           Time
          61500       30.75000

   Energies (kJ/mol)
           Bond        LJ (SR)   Coulomb (SR)      Potential    Kinetic En.
    5.88901e+00    0.00000e+00    0.00000e+00    5.88901e+00    1.14928e+00
   Total Energy  Conserved En.    Temperature Pressure (bar)
    7.03829e+00    1.87886e+01    9.21508e+01   -2.18904e+01

           Step           Time
          61600       30.80000

   Energies (kJ/mol)
           Bond        LJ (SR)   Coulomb (SR)      Potential    Kinetic En.
    3.79165e+00    0.00000e+00    0.00000e+00    3.79165e+00    5.71304e-01
   Total Energy  Conserved En.    Temperature Pressure (bar)
    4.36295e+00    1.88644e+01    4.58080e+01    1.63500e+01

           Step           Time
          61700       30.85000

   Energies (kJ/mol)
           Bond        LJ (SR)   Coulomb (SR)      Potential    Kinetic En.
    4.54058e+00    0.00000e+00    0.00000e+00    4.54058e+00    5.53939e-01
   Total Energy  Conserved En.    Temperature Pressure (bar)
    5.09452e+00    1.90477e+01    4.44157e+01   -1.91912e+01

           Step           Time
          61800       30.90000

   Energies (kJ/mol)
           Bond        LJ (SR)   Coulomb (SR)      Potential    Kinetic En.
    8.83846e+00    0.00000e+00    0.00000e+00    8.83846e+00    1.35218e+00
   Total Energy  Conserved En.    Temperature Pressure (bar)
    1.01906e+01    1.94390e+01    1.08420e+02    2.45183e+01

           Step           Time
          61900       30.95000

   Energies (kJ/mol)
           Bond        LJ (SR)   Coulomb (SR)      Potential    Kinetic En.
    8.04439e+00    0.00000e+00    0.00000e+00    8.04439e+00    1.63697e+00
   Total Energy  Conserved En.    Temperature Pressure (bar)
    9.68136e+00    1.94516e+01    1.31255e+02   -2.57346e+01

           Step           Time
          62000       31.00000

   Energies (kJ/mol)
           Bond        LJ (SR)   Coulomb (SR)      Potential    Kinetic En.
    4.26500e+00    0.00000e+00    0.00000e+00    4.26500e+00    1.46376e+00
   Total Energy  Conserved En.    Temperature Pressure (bar)
    5.72876e+00    1.91632e+01    1.17367e+02    1.74468e+01

           Step           Time
          62100       31.05000

   Energies (kJ/mol)
           Bond        LJ (SR)   Coulomb (SR)      Potential    Kinetic En.
    1.91435e+00    0.00000e+00    0.00000e+00    1.91435e+00    1.32788e+00
   Total Energy  Conserved En.    Temperature Pressure (bar)
    3.24223e+00    1.88676e+01    1.06472e+02   -1.21148e+01

           Step           Time
          62200       31.10000

   Energies (kJ/mol)
           Bond        LJ (SR)   Coulomb (SR)      Potential    Kinetic En.
    2.25308e+00    0.00000e+00    0.00000e+00    2.25308e+00    3.03286e+00
   Total Energy  Conserved En.    Temperature Pressure (bar)
    5.28594e+00    1.87773e+01    2.43179e+02    1.31678e+01

           Step           Time
          62300       31.15000

   Energies (kJ/mol)
           Bond        LJ (SR)   Coulomb (SR)      Potential    Kinetic En.
    6.08471e-01    0.00000e+00    0.00000e+00    6.08471e-01    1.37447e+00
   Total Energy  Conserved En.    Temperature Pressure (bar)
    1.98295e+00    1.87216e+01    1.10208e+02   -6.64039e+00

           Step           Time
          62400       31.20000

   Energies (kJ/mol)
           Bond        LJ (SR)   Coulomb (SR)      Potential    Kinetic En.
    1.50236e+00    0.00000e+00    0.00000e+00    1.50236e+00    1.48564e+00
   Total Energy  Conserved En.    Temperature Pressure (bar)
    2.98800e+00    1.88515e+01    1.19121e+02    1.06395e+01

           Step           Time
          62500       31.25000

   Energies (kJ/mol)
           Bond        LJ (SR)   Coulomb (SR)      Potential    Kinetic En.
    2.41977e+00    0.00000e+00    0.00000e+00    2.41977e+00    1.05636e+00
   Total Energy  Conserved En.    Temperature Pressure (bar)
    3.47614e+00    1.90868e+01    8.47008e+01   -1.37423e+01

           Step           Time
          62600       31.30000

   Energies (kJ/mol)
           Bond        LJ (SR)   Coulomb (SR)      Potential    Kinetic En.
    4.88721e+00    0.00000e+00    0.00000e+00    4.88721e+00    1.79631e+00
   Total Energy  Conserved En.    Temperature Pressure (bar)
    6.68351e+00    1.92160e+01    1.44031e+02    1.86602e+01

           Step           Time
          62700       31.35000

   Energies (kJ/mol)
           Bond        LJ (SR)   Coulomb (SR)      Potential    Kinetic En.
    5.35762e+00    0.00000e+00    0.00000e+00    5.35762e+00    2.80611e+00
   Total Energy  Conserved En.    Temperature Pressure (bar)
    8.16373e+00    1.91832e+01    2.24998e+02   -2.05388e+01

           Step           Time
          62800       31.40000

   Energies (kJ/mol)
           Bond        LJ (SR)   Coulomb (SR)      Potential    Kinetic En.
    5.64618e+00    0.00000e+00    0.00000e+00    5.64618e+00    4.01758e+00
   Total Energy  Conserved En.    Temperature Pressure (bar)
    9.66376e+00    1.92306e+01    3.22136e+02    2.03498e+01

           Step           Time
          62900       31.45000

   Energies (kJ/mol)
           Bond        LJ (SR)   Coulomb (SR)      Potential    Kinetic En.
    2.20515e+00    0.00000e+00    0.00000e+00    2.20515e+00    1.27710e+00
   Total Energy  Conserved En.    Temperature Pressure (bar)
    3.48226e+00    1.92975e+01    1.02400e+02   -1.30541e+01

           Step           Time
          63000       31.50000

   Energies (kJ/mol)
           Bond        LJ (SR)   Coulomb (SR)      Potential    Kinetic En.
    1.62096e+00    0.00000e+00    0.00000e+00    1.62096e+00    1.51705e+00
   Total Energy  Conserved En.    Temperature Pressure (bar)
    3.13800e+00    1.92490e+01    1.21639e+02    1.10365e+01

           Step           Time
          63100       31.55000

   Energies (kJ/mol)
           Bond        LJ (SR)   Coulomb (SR)      Potential    Kinetic En.
    2.27370e+00    0.00000e+00    0.00000e+00    2.27370e+00    7.18178e-01
   Total Energy  Conserved En.    Temperature Pressure (bar)
    2.99188e+00    1.96929e+01    5.75847e+01   -1.33615e+01

           Step           Time
          63200       31.60000

   Energies (kJ/mol)
           Bond        LJ (SR)   Coulomb (SR)      Potential    Kinetic En.
    3.47519e+00    0.00000e+00    0.00000e+00    3.47519e+00    2.46070e+00
   Total Energy  Conserved En.    Temperature Pressure (bar)
    5.93589e+00    1.96147e+01    1.97303e+02    1.60107e+01

           Step           Time
          63300       31.65000

   Energies (kJ/mol)
           Bond        LJ (SR)   Coulomb (SR)      Potential    Kinetic En.
    3.78380e+00    0.00000e+00    0.00000e+00    3.78380e+00    1.62300e+00
   Total Energy  Conserved En.    Temperature Pressure (bar)
    5.40680e+00    1.99193e+01    1.30135e+02   -1.72633e+01

           Step           Time
          63400       31.70000

   Energies (kJ/mol)
           Bond        LJ (SR)   Coulomb (SR)      Potential    Kinetic En.
    6.13828e+00    0.00000e+00    0.00000e+00    6.13828e+00    1.76481e+00
   Total Energy  Conserved En.    Temperature Pressure (bar)
    7.90310e+00    2.03074e+01    1.41505e+02    2.07553e+01

           Step           Time
          63500       31.75000

   Energies (kJ/mol)
           Bond        LJ (SR)   Coulomb (SR)      Potential    Kinetic En.
    1.76118e+00    0.00000e+00    0.00000e+00    1.76118e+00    1.81208e+00
   Total Energy  Conserved En.    Temperature Pressure (bar)
    3.57326e+00    1.95941e+01    1.45296e+02   -1.15139e+01

           Step           Time
          63600       31.80000

   Energies (kJ/mol)
           Bond        LJ (SR)   Coulomb (SR)      Potential    Kinetic En.
    1.72849e+00    0.00000e+00    0.00000e+00    1.72849e+00    2.60784e+00
   Total Energy  Conserved En.    Temperature Pressure (bar)
    4.33633e+00    1.95664e+01    2.09101e+02    1.15674e+01

           Step           Time
          63700       31.85000

   Energies (kJ/mol)
           Bond        LJ (SR)   Coulomb (SR)      Potential    Kinetic En.
    2.97656e+00    0.00000e+00    0.00000e+00    2.97656e+00    2.56198e+00
   Total Energy  Conserved En.    Temperature Pressure (bar)
    5.53854e+00    1.98588e+01    2.05423e+02   -1.50517e+01

           Step           Time
          63800       31.90000

   Energies (kJ/mol)
           Bond        LJ (SR)   Coulomb (SR)      Potential    Kinetic En.
    3.56935e+00    0.00000e+00    0.00000e+00    3.56935e+00    2.69136e+00
   Total Energy  Conserved En.    Temperature Pressure (bar)
    6.26071e+00    2.01053e+01    2.15798e+02    1.62521e+01

           Step           Time
          63900       31.95000

   Energies (kJ/mol)
           Bond        LJ (SR)   Coulomb (SR)      Potential    Kinetic En.
    3.08111e+00    0.00000e+00    0.00000e+00    3.08111e+00    2.14439e+00
   Total Energy  Conserved En.    Temperature Pressure (bar)
    5.22549e+00    2.02526e+01    1.71940e+02   -1.54028e+01

           Step           Time
          64000       32.00000

   Energies (kJ/mol)
           Bond        LJ (SR)   Coulomb (SR)      Potential    Kinetic En.
    2.67434e+00    0.00000e+00    0.00000e+00    2.67434e+00    1.06747e+00
   Total Energy  Conserved En.    Temperature Pressure (bar)
    3.74181e+00    2.05267e+01    8.55913e+01    1.39212e+01

           Step           Time
          64100       32.05000

   Energies (kJ/mol)
           Bond        LJ (SR)   Coulomb (SR)      Potential    Kinetic En.
    5.34112e+00    0.00000e+00    0.00000e+00    5.34112e+00    2.42028e+00
   Total Energy  Conserved En.    Temperature Pressure (bar)
    7.76140e+00    2.07578e+01    1.94062e+02   -2.05717e+01

           Step           Time
          64200       32.10000

   Energies (kJ/mol)
           Bond        LJ (SR)   Coulomb (SR)      Potential    Kinetic En.
    3.86691e+00    0.00000e+00    0.00000e+00    3.86691e+00    5.57705e-01
   Total Energy  Conserved En.    Temperature Pressure (bar)
    4.42462e+00    2.12741e+01    4.47177e+01    1.65016e+01

           Step           Time
          64300       32.15000

   Energies (kJ/mol)
           Bond        LJ (SR)   Coulomb (SR)      Potential    Kinetic En.
    2.11002e+00    0.00000e+00    0.00000e+00    2.11002e+00    1.53021e+00
   Total Energy  Conserved En.    Temperature Pressure (bar)
    3.64023e+00    2.08476e+01    1.22694e+02   -1.27127e+01

           Step           Time
          64400       32.20000

   Energies (kJ/mol)
           Bond        LJ (SR)   Coulomb (SR)      Potential    Kinetic En.
    1.99792e+00    0.00000e+00    0.00000e+00    1.99792e+00    1.01744e-01
   Total Energy  Conserved En.    Temperature Pressure (bar)
    2.09967e+00    2.13628e+01    8.15796e+00    1.19448e+01

           Step           Time
          64500       32.25000

   Energies (kJ/mol)
           Bond        LJ (SR)   Coulomb (SR)      Potential    Kinetic En.
    3.05447e+00    0.00000e+00    0.00000e+00    3.05447e+00    1.77556e+00
   Total Energy  Conserved En.    Temperature Pressure (bar)
    4.83003e+00    2.11598e+01    1.42367e+02   -1.53960e+01

           Step           Time
          64600       32.30000

   Energies (kJ/mol)
           Bond        LJ (SR)   Coulomb (SR)      Potential    Kinetic En.
    5.77885e+00    0.00000e+00    0.00000e+00    5.77885e+00    6.22983e+00
   Total Energy  Conserved En.    Temperature Pressure (bar)
    1.20087e+01    2.10792e+01    4.99517e+02    2.09505e+01

           Step           Time
          64700       32.35000

   Energies (kJ/mol)
           Bond        LJ (SR)   Coulomb (SR)      Potential    Kinetic En.
    5.04890e+00    0.00000e+00    0.00000e+00    5.04890e+00    3.51140e+00
   Total Energy  Conserved En.    Temperature Pressure (bar)
    8.56030e+00    2.16241e+01    2.81550e+02   -1.97757e+01

           Step           Time
          64800       32.40000

   Energies (kJ/mol)
           Bond        LJ (SR)   Coulomb (SR)      Potential    Kinetic En.
    4.73041e+00    0.00000e+00    0.00000e+00    4.73041e+00    3.11169e+00
   Total Energy  Conserved En.    Temperature Pressure (bar)
    7.84211e+00    2.17876e+01    2.49501e+02    1.86044e+01

           Step           Time
          64900       32.45000

   Energies (kJ/mol)
           Bond        LJ (SR)   Coulomb (SR)      Potential    Kinetic En.
    3.26399e+00    0.00000e+00    0.00000e+00    3.26399e+00    1.22814e+00
   Total Energy  Conserved En.    Temperature Pressure (bar)
    4.49213e+00    2.21147e+01    9.84741e+01   -1.60387e+01

           Step           Time
          65000       32.50000

   Energies (kJ/mol)
           Bond        LJ (SR)   Coulomb (SR)      Potential    Kinetic En.
    3.32603e+00    0.00000e+00    0.00000e+00    3.32603e+00    9.69074e-01
   Total Energy  Conserved En.    Temperature Pressure (bar)
    4.29511e+00    2.23053e+01    7.77018e+01    1.54273e+01

           Step           Time
          65100       32.55000

   Energies (kJ/mol)
           Bond        LJ (SR)   Coulomb (SR)      Potential    Kinetic En.
    3.06991e+00    0.00000e+00    0.00000e+00    3.06991e+00    1.28771e+00
   Total Energy  Conserved En.    Temperature Pressure (bar)
    4.35763e+00    2.22841e+01    1.03251e+02   -1.55213e+01

           Step           Time
          65200       32.60000

   Energies (kJ/mol)
           Bond        LJ (SR)   Coulomb (SR)      Potential    Kinetic En.
    3.94918e+00    0.00000e+00    0.00000e+00    3.94918e+00    9.56111e-01
   Total Energy  Conserved En.    Temperature Pressure (bar)
    4.90530e+00    2.26326e+01    7.66625e+01    1.67370e+01

           Step           Time
          65300       32.65000

   Energies (kJ/mol)
           Bond        LJ (SR)   Coulomb (SR)      Potential    Kinetic En.
    5.74098e+00    0.00000e+00    0.00000e+00    5.74098e+00    2.85495e+00
   Total Energy  Conserved En.    Temperature Pressure (bar)
    8.59593e+00    2.24957e+01    2.28914e+02   -2.13032e+01

           Step           Time
          65400       32.70000

   Energies (kJ/mol)
           Bond        LJ (SR)   Coulomb (SR)      Potential    Kinetic En.
    5.63401e+00    0.00000e+00    0.00000e+00    5.63401e+00    4.13047e+00
   Total Energy  Conserved En.    Temperature Pressure (bar)
    9.76448e+00    2.24813e+01    3.31188e+02    2.03492e+01

           Step           Time
          65500       32.75000

   Energies (kJ/mol)
           Bond        LJ (SR)   Coulomb (SR)      Potential    Kinetic En.
    5.32768e+00    0.00000e+00    0.00000e+00    5.32768e+00    1.49632e+00
   Total Energy  Conserved En.    Temperature Pressure (bar)
    6.82400e+00    2.31798e+01    1.19977e+02   -2.07039e+01

           Step           Time
          65600       32.80000

   Energies (kJ/mol)
           Bond        LJ (SR)   Coulomb (SR)      Potential    Kinetic En.
    7.29687e+00    0.00000e+00    0.00000e+00    7.29687e+00    2.16273e+00
   Total Energy  Conserved En.    Temperature Pressure (bar)
    9.45960e+00    2.33569e+01    1.73411e+02    2.25662e+01

           Step           Time
          65700       32.85000

   Energies (kJ/mol)
           Bond        LJ (SR)   Coulomb (SR)      Potential    Kinetic En.
    2.00395e+00    0.00000e+00    0.00000e+00    2.00395e+00    1.82011e+00
   Total Energy  Conserved En.    Temperature Pressure (bar)
    3.82405e+00    2.26093e+01    1.45939e+02   -1.23231e+01

           Step           Time
          65800       32.90000

   Energies (kJ/mol)
           Bond        LJ (SR)   Coulomb (SR)      Potential    Kinetic En.
    6.46890e-02    0.00000e+00    0.00000e+00    6.46890e-02    4.30379e+00
   Total Energy  Conserved En.    Temperature Pressure (bar)
    4.36848e+00    2.17168e+01    3.45085e+02    2.94161e+00

           Step           Time
          65900       32.95000

   Energies (kJ/mol)
           Bond        LJ (SR)   Coulomb (SR)      Potential    Kinetic En.
    1.08621e+00    0.00000e+00    0.00000e+00    1.08621e+00    4.69227e+00
   Total Energy  Conserved En.    Temperature Pressure (bar)
    5.77848e+00    2.22401e+01    3.76234e+02   -8.42543e+00

           Step           Time
          66000       33.00000

   Energies (kJ/mol)
           Bond        LJ (SR)   Coulomb (SR)      Potential    Kinetic En.
    3.93369e-01    0.00000e+00    0.00000e+00    3.93369e-01    5.73959e+00
   Total Energy  Conserved En.    Temperature Pressure (bar)
    6.13296e+00    2.20577e+01    4.60210e+02    6.37046e+00

           Step           Time
          66100       33.05000

   Energies (kJ/mol)
           Bond        LJ (SR)   Coulomb (SR)      Potential    Kinetic En.
    1.06288e-01    0.00000e+00    0.00000e+00    1.06288e-01    1.11056e+01
   Total Energy  Conserved En.    Temperature Pressure (bar)
    1.12119e+01    2.19032e+01    8.90463e+02   -9.28137e-01

           Step           Time
          66200       33.10000

   Energies (kJ/mol)
           Bond        LJ (SR)   Coulomb (SR)      Potential    Kinetic En.
    3.00143e-02    0.00000e+00    0.00000e+00    3.00143e-02    8.06671e+00
   Total Energy  Conserved En.    Temperature Pressure (bar)
    8.09672e+00    2.16456e+01    6.46801e+02   -1.14113e-01

           Step           Time
          66300       33.15000

   Energies (kJ/mol)
           Bond        LJ (SR)   Coulomb (SR)      Potential    Kinetic En.
    3.66804e-01    0.00000e+00    0.00000e+00    3.66804e-01    1.09295e+01
   Total Energy  Conserved En.    Temperature Pressure (bar)
    1.12963e+01    2.24426e+01    8.76346e+02   -3.43155e+00

           Step           Time
          66400       33.20000

   Energies (kJ/mol)
           Bond        LJ (SR)   Coulomb (SR)      Potential    Kinetic En.
    7.29085e-01    0.00000e+00    0.00000e+00    7.29085e-01    1.43981e+01
   Total Energy  Conserved En.    Temperature Pressure (bar)
    1.51272e+01    2.28129e+01    1.15446e+03    9.77821e+00

           Step           Time
          66500       33.25000

   Energies (kJ/mol)
           Bond        LJ (SR)   Coulomb (SR)      Potential    Kinetic En.
    1.05007e-01    0.00000e+00    0.00000e+00    1.05007e-01    1.25699e+01
   Total Energy  Conserved En.    Temperature Pressure (bar)
    1.26749e+01    2.25567e+01    1.00787e+03   -6.57513e-01

           Step           Time
          66600       33.30000

   Energies (kJ/mol)
           Bond        LJ (SR)   Coulomb (SR)      Potential    Kinetic En.
    1.48922e-01    0.00000e+00    0.00000e+00    1.48922e-01    1.43650e+01
   Total Energy  Conserved En.    Temperature Pressure (bar)
    1.45139e+01    2.19980e+01    1.15181e+03   -8.91684e-01

           Step           Time
          66700       33.35000

   Energies (kJ/mol)
           Bond        LJ (SR)   Coulomb (SR)      Potential    Kinetic En.
    7.58653e-02    0.00000e+00    0.00000e+00    7.58653e-02    9.28799e+00
   Total Energy  Conserved En.    Temperature Pressure (bar)
    9.36385e+00    2.23375e+01    7.44725e+02    3.98497e+00

           Step           Time
          66800       33.40000

   Energies (kJ/mol)
           Bond        LJ (SR)   Coulomb (SR)      Potential    Kinetic En.
    2.39414e+00    0.00000e+00    0.00000e+00    2.39414e+00    8.57778e+00
   Total Energy  Conserved En.    Temperature Pressure (bar)
    1.09719e+01    2.14332e+01    6.87780e+02   -1.23651e+01

           Step           Time
          66900       33.45000

   Energies (kJ/mol)
           Bond        LJ (SR)   Coulomb (SR)      Potential    Kinetic En.
    1.80454e+00    0.00000e+00    0.00000e+00    1.80454e+00    9.65248e+00
   Total Energy  Conserved En.    Temperature Pressure (bar)
    1.14570e+01    2.18147e+01    7.73951e+02    1.30212e+01

           Step           Time
          67000       33.50000

   Energies (kJ/mol)
           Bond        LJ (SR)   Coulomb (SR)      Potential    Kinetic En.
    2.09016e+00    0.00000e+00    0.00000e+00    2.09016e+00    7.91677e+00
   Total Energy  Conserved En.    Temperature Pressure (bar)
    1.00069e+01    2.18615e+01    6.34779e+02   -1.15450e+01

           Step           Time
          67100       33.55000

   Energies (kJ/mol)
           Bond        LJ (SR)   Coulomb (SR)      Potential    Kinetic En.
    1.04654e+00    0.00000e+00    0.00000e+00    1.04654e+00    9.39960e+00
   Total Energy  Conserved En.    Temperature Pressure (bar)
    1.04461e+01    2.23967e+01    7.53675e+02    1.03273e+01

           Step           Time
          67200       33.60000

   Energies (kJ/mol)
           Bond        LJ (SR)   Coulomb (SR)      Potential    Kinetic En.
    2.38544e+00    0.00000e+00    0.00000e+00    2.38544e+00    9.55103e+00
   Total Energy  Conserved En.    Temperature Pressure (bar)
    1.19365e+01    2.23213e+01    7.65816e+02   -1.21708e+01

           Step           Time
          67300       33.65000

   Energies (kJ/mol)
           Bond        LJ (SR)   Coulomb (SR)      Potential    Kinetic En.
    3.04329e+00    0.00000e+00    0.00000e+00    3.04329e+00    8.72232e+00
   Total Energy  Conserved En.    Temperature Pressure (bar)
    1.17656e+01    2.23290e+01    6.99370e+02    1.61293e+01

           Step           Time
          67400       33.70000

   Energies (kJ/mol)
           Bond        LJ (SR)   Coulomb (SR)      Potential    Kinetic En.
    5.74503e+00    0.00000e+00    0.00000e+00    5.74503e+00    1.06053e+01
   Total Energy  Conserved En.    Temperature Pressure (bar)
    1.63503e+01    2.22690e+01    8.50349e+02   -1.99706e+01

           Step           Time
          67500       33.75000

   Energies (kJ/mol)
           Bond        LJ (SR)   Coulomb (SR)      Potential    Kinetic En.
    3.19272e+00    0.00000e+00    0.00000e+00    3.19272e+00    8.84815e+00
   Total Energy  Conserved En.    Temperature Pressure (bar)
    1.20409e+01    2.28480e+01    7.09458e+02    1.64926e+01

           Step           Time
          67600       33.80000

   Energies (kJ/mol)
           Bond        LJ (SR)   Coulomb (SR)      Potential    Kinetic En.
    5.42081e+00    0.00000e+00    0.00000e+00    5.42081e+00    6.55101e+00
   Total Energy  Conserved En.    Temperature Pressure (bar)
    1.19718e+01    2.24741e+01    5.25270e+02   -2.00201e+01

           Step           Time
          67700       33.85000

   Energies (kJ/mol)
           Bond        LJ (SR)   Coulomb (SR)      Potential    Kinetic En.
    1.07673e+01    0.00000e+00    0.00000e+00    1.07673e+01    1.76615e+00
   Total Energy  Conserved En.    Temperature Pressure (bar)
    1.25334e+01    2.13598e+01    1.41612e+02    2.69340e+01

           Step           Time
          67800       33.90000

   Energies (kJ/mol)
           Bond        LJ (SR)   Coulomb (SR)      Potential    Kinetic En.
    8.68385e+00    0.00000e+00    0.00000e+00    8.68385e+00    5.46981e-01
   Total Energy  Conserved En.    Temperature Pressure (bar)
    9.23083e+00    2.10934e+01    4.38578e+01   -2.69940e+01

           Step           Time
          67900       33.95000

   Energies (kJ/mol)
           Bond        LJ (SR)   Coulomb (SR)      Potential    Kinetic En.
    1.97766e+01    0.00000e+00    0.00000e+00    1.97766e+01    9.65220e-01
   Total Energy  Conserved En.    Temperature Pressure (bar)
    2.07418e+01    2.11621e+01    7.73928e+01    3.53588e+01

           Step           Time
          68000       34.00000

   Energies (kJ/mol)
           Bond        LJ (SR)   Coulomb (SR)      Potential    Kinetic En.
    1.85870e+01    0.00000e+00    0.00000e+00    1.85870e+01    1.28315e+00
   Total Energy  Conserved En.    Temperature Pressure (bar)
    1.98702e+01    2.17413e+01    1.02885e+02   -4.04264e+01

           Step           Time
          68100       34.05000

   Energies (kJ/mol)
           Bond        LJ (SR)   Coulomb (SR)      Potential    Kinetic En.
    1.52048e+01    0.00000e+00    0.00000e+00    1.52048e+01    1.09071e+00
   Total Energy  Conserved En.    Temperature Pressure (bar)
    1.62955e+01    2.19319e+01    8.74545e+01    3.14153e+01

           Step           Time
          68200       34.10000

   Energies (kJ/mol)
           Bond        LJ (SR)   Coulomb (SR)      Potential    Kinetic En.
    1.21771e+01    0.00000e+00    0.00000e+00    1.21771e+01    3.05740e-01
   Total Energy  Conserved En.    Temperature Pressure (bar)
    1.24828e+01    2.14403e+01    2.45147e+01   -3.23522e+01

           Step           Time
          68300       34.15000

   Energies (kJ/mol)
           Bond        LJ (SR)   Coulomb (SR)      Potential    Kinetic En.
    1.37924e+01    0.00000e+00    0.00000e+00    1.37924e+01    5.07497e-01
   Total Energy  Conserved En.    Temperature Pressure (bar)
    1.42999e+01    2.19810e+01    4.06919e+01    2.99479e+01

           Step           Time
          68400       34.20000

   Energies (kJ/mol)
           Bond        LJ (SR)   Coulomb (SR)      Potential    Kinetic En.
    6.34157e+00    0.00000e+00    0.00000e+00    6.34157e+00    1.28495e-01
   Total Energy  Conserved En.    Temperature Pressure (bar)
    6.47006e+00    2.14604e+01    1.03029e+01   -2.29398e+01

           Step           Time
          68500       34.25000

   Energies (kJ/mol)
           Bond        LJ (SR)   Coulomb (SR)      Potential    Kinetic En.
    8.96663e+00    0.00000e+00    0.00000e+00    8.96663e+00    3.22347e-01
   Total Energy  Conserved En.    Temperature Pressure (bar)
    9.28897e+00    2.18611e+01    2.58463e+01    2.45045e+01

           Step           Time
          68600       34.30000

   Energies (kJ/mol)
           Bond        LJ (SR)   Coulomb (SR)      Potential    Kinetic En.
    1.39189e+01    0.00000e+00    0.00000e+00    1.39189e+01    3.65039e-01
   Total Energy  Conserved En.    Temperature Pressure (bar)
    1.42839e+01    2.14906e+01    2.92694e+01   -3.47378e+01

           Step           Time
          68700       34.35000

   Energies (kJ/mol)
           Bond        LJ (SR)   Coulomb (SR)      Potential    Kinetic En.
    1.16236e+01    0.00000e+00    0.00000e+00    1.16236e+01    2.44093e-01
   Total Energy  Conserved En.    Temperature Pressure (bar)
    1.18677e+01    2.21118e+01    1.95718e+01    2.76338e+01

           Step           Time
          68800       34.40000

   Energies (kJ/mol)
           Bond        LJ (SR)   Coulomb (SR)      Potential    Kinetic En.
    1.40403e+01    0.00000e+00    0.00000e+00    1.40403e+01    4.34417e-01
   Total Energy  Conserved En.    Temperature Pressure (bar)
    1.44747e+01    2.27204e+01    3.48323e+01   -3.48878e+01

           Step           Time
          68900       34.45000

   Energies (kJ/mol)
           Bond        LJ (SR)   Coulomb (SR)      Potential    Kinetic En.
    1.27847e+01    0.00000e+00    0.00000e+00    1.27847e+01    4.32348e-01
   Total Energy  Conserved En.    Temperature Pressure (bar)
    1.32170e+01    2.29614e+01    3.46663e+01    2.89089e+01

           Step           Time
          69000       34.50000

   Energies (kJ/mol)
           Bond        LJ (SR)   Coulomb (SR)      Potential    Kinetic En.
    1.49413e+01    0.00000e+00    0.00000e+00    1.49413e+01    6.22674e-01
   Total Energy  Conserved En.    Temperature Pressure (bar)
    1.55640e+01    2.34358e+01    4.99270e+01   -3.60388e+01

           Step           Time
          69100       34.55000

   Energies (kJ/mol)
           Bond        LJ (SR)   Coulomb (SR)      Potential    Kinetic En.
    1.74051e+01    0.00000e+00    0.00000e+00    1.74051e+01    3.57960e-01
   Total Energy  Conserved En.    Temperature Pressure (bar)
    1.77630e+01    2.30457e+01    2.87018e+01    3.32749e+01

           Step           Time
          69200       34.60000

   Energies (kJ/mol)
           Bond        LJ (SR)   Coulomb (SR)      Potential    Kinetic En.
    1.60519e+01    0.00000e+00    0.00000e+00    1.60519e+01    3.30738e-01
   Total Energy  Conserved En.    Temperature Pressure (bar)
    1.63827e+01    2.32935e+01    2.65191e+01   -3.75063e+01

           Step           Time
          69300       34.65000

   Energies (kJ/mol)
           Bond        LJ (SR)   Coulomb (SR)      Potential    Kinetic En.
    1.55182e+01    0.00000e+00    0.00000e+00    1.55182e+01    4.10646e-01
   Total Energy  Conserved En.    Temperature Pressure (bar)
    1.59288e+01    2.40751e+01    3.29262e+01    3.15906e+01

           Step           Time
          69400       34.70000

   Energies (kJ/mol)
           Bond        LJ (SR)   Coulomb (SR)      Potential    Kinetic En.
    1.25746e+01    0.00000e+00    0.00000e+00    1.25746e+01    5.11137e-01
   Total Energy  Conserved En.    Temperature Pressure (bar)
    1.30858e+01    2.44583e+01    4.09838e+01   -3.28760e+01

           Step           Time
          69500       34.75000

   Energies (kJ/mol)
           Bond        LJ (SR)   Coulomb (SR)      Potential    Kinetic En.
    6.23597e+00    0.00000e+00    0.00000e+00    6.23597e+00    2.92980e-01
   Total Energy  Conserved En.    Temperature Pressure (bar)
    6.52895e+00    2.43060e+01    2.34916e+01    2.06543e+01

           Step           Time
          69600       34.80000

   Energies (kJ/mol)
           Bond        LJ (SR)   Coulomb (SR)      Potential    Kinetic En.
    3.71654e+00    0.00000e+00    0.00000e+00    3.71654e+00    1.88860e-01
   Total Energy  Conserved En.    Temperature Pressure (bar)
    3.90540e+00    2.43459e+01    1.51431e+01   -1.73489e+01

           Step           Time
          69700       34.85000

   Energies (kJ/mol)
           Bond        LJ (SR)   Coulomb (SR)      Potential    Kinetic En.
    2.21118e+00    0.00000e+00    0.00000e+00    2.21118e+00    1.53219e-01
   Total Energy  Conserved En.    Temperature Pressure (bar)
    2.36440e+00    2.44894e+01    1.22853e+01    1.25552e+01

           Step           Time
          69800       34.90000

   Energies (kJ/mol)
           Bond        LJ (SR)   Coulomb (SR)      Potential    Kinetic En.
    2.03543e+00    0.00000e+00    0.00000e+00    2.03543e+00    1.25910e-01
   Total Energy  Conserved En.    Temperature Pressure (bar)
    2.16134e+00    2.45394e+01    1.00957e+01   -1.27177e+01

           Step           Time
          69900       34.95000

   Energies (kJ/mol)
           Bond        LJ (SR)   Coulomb (SR)      Potential    Kinetic En.
    1.04269e+00    0.00000e+00    0.00000e+00    1.04269e+00    6.70201e-02
   Total Energy  Conserved En.    Temperature Pressure (bar)
    1.10971e+00    2.44330e+01    5.37378e+00    8.69731e+00

           Step           Time
          70000       35.00000

   Energies (kJ/mol)
           Bond        LJ (SR)   Coulomb (SR)      Potential    Kinetic En.
    9.10075e-01    0.00000e+00    0.00000e+00    9.10075e-01    3.97255e-02
   Total Energy  Conserved En.    Temperature Pressure (bar)
    9.49800e-01    2.45301e+01    3.18525e+00   -8.43364e+00

           Step           Time
          70100       35.05000

   Energies (kJ/mol)
           Bond        LJ (SR)   Coulomb (SR)      Potential    Kinetic En.
    1.14910e-01    0.00000e+00    0.00000e+00    1.14910e-01    1.12538e+00
   Total Energy  Conserved En.    Temperature Pressure (bar)
    1.24029e+00    2.41646e+01    9.02348e+01    3.11807e+00

           Step           Time
          70200       35.10000

   Energies (kJ/mol)
           Bond        LJ (SR)   Coulomb (SR)      Potential    Kinetic En.
    2.08727e-01    0.00000e+00    0.00000e+00    2.08727e-01    1.52346e+00
   Total Energy  Conserved En.    Temperature Pressure (bar)
    1.73218e+00    2.42600e+01    1.22153e+02   -3.73942e+00

           Step           Time
          70300       35.15000

   Energies (kJ/mol)
           Bond        LJ (SR)   Coulomb (SR)      Potential    Kinetic En.
    1.42949e-02    0.00000e+00    0.00000e+00    1.42949e-02    6.63533e-01
   Total Energy  Conserved En.    Temperature Pressure (bar)
    6.77828e-01    2.41393e+01    5.32032e+01   -9.25811e-01

           Step           Time
          70400       35.20000

   Energies (kJ/mol)
           Bond        LJ (SR)   Coulomb (SR)      Potential    Kinetic En.
    2.05338e+00    0.00000e+00    0.00000e+00    2.05338e+00    1.07303e-01
   Total Energy  Conserved En.    Temperature Pressure (bar)
    2.16068e+00    2.37343e+01    8.60371e+00    1.21053e+01

           Step           Time
          70500       35.25000

   Energies (kJ/mol)
           Bond        LJ (SR)   Coulomb (SR)      Potential    Kinetic En.
    7.89195e-01    0.00000e+00    0.00000e+00    7.89195e-01    3.31211e-01
   Total Energy  Conserved En.    Temperature Pressure (bar)
    1.12041e+00    2.34732e+01    2.65571e+01   -7.79262e+00

           Step           Time
          70600       35.30000

   Energies (kJ/mol)
           Bond        LJ (SR)   Coulomb (SR)      Potential    Kinetic En.
    7.21342e-01    0.00000e+00    0.00000e+00    7.21342e-01    3.49950e+00
   Total Energy  Conserved En.    Temperature Pressure (bar)
    4.22084e+00    2.28549e+01    2.80595e+02   -6.89381e+00

           Step           Time
          70700       35.35000

   Energies (kJ/mol)
           Bond        LJ (SR)   Coulomb (SR)      Potential    Kinetic En.
    6.08993e-01    0.00000e+00    0.00000e+00    6.08993e-01    5.59032e+00
   Total Energy  Conserved En.    Temperature Pressure (bar)
    6.19931e+00    2.31081e+01    4.48241e+02    7.63743e+00

           Step           Time
          70800       35.40000

   Energies (kJ/mol)
           Bond        LJ (SR)   Coulomb (SR)      Potential    Kinetic En.
    1.16709e+00    0.00000e+00    0.00000e+00    1.16709e+00    5.90659e+00
   Total Energy  Conserved En.    Temperature Pressure (bar)
    7.07368e+00    2.32393e+01    4.73600e+02   -8.56028e+00

           Step           Time
          70900       35.45000

   Energies (kJ/mol)
           Bond        LJ (SR)   Coulomb (SR)      Potential    Kinetic En.
    1.90192e+00    0.00000e+00    0.00000e+00    1.90192e+00    3.02655e+00
   Total Energy  Conserved En.    Temperature Pressure (bar)
    4.92847e+00    2.29747e+01    2.42673e+02    1.21688e+01

           Step           Time
          71000       35.50000

   Energies (kJ/mol)
           Bond        LJ (SR)   Coulomb (SR)      Potential    Kinetic En.
    3.72487e+00    0.00000e+00    0.00000e+00    3.72487e+00    1.16785e+00
   Total Energy  Conserved En.    Temperature Pressure (bar)
    4.89272e+00    2.26258e+01    9.36401e+01   -1.71998e+01

           Step           Time
          71100       35.55000

   Energies (kJ/mol)
           Bond        LJ (SR)   Coulomb (SR)      Potential    Kinetic En.
    3.86066e+00    0.00000e+00    0.00000e+00    3.86066e+00    9.22959e-01
   Total Energy  Conserved En.    Temperature Pressure (bar)
    4.78362e+00    2.26511e+01    7.40043e+01    1.65521e+01

           Step           Time
          71200       35.60000

   Energies (kJ/mol)
           Bond        LJ (SR)   Coulomb (SR)      Potential    Kinetic En.
    2.63552e+00    0.00000e+00    0.00000e+00    2.63552e+00    2.90406e+00
   Total Energy  Conserved En.    Temperature Pressure (bar)
    5.53958e+00    2.32516e+01    2.32852e+02   -1.40492e+01

           Step           Time
          71300       35.65000

   Energies (kJ/mol)
           Bond        LJ (SR)   Coulomb (SR)      Potential    Kinetic En.
    1.04816e+00    0.00000e+00    0.00000e+00    1.04816e+00    3.48000e+00
   Total Energy  Conserved En.    Temperature Pressure (bar)
    4.52816e+00    2.36325e+01    2.79032e+02    9.30994e+00

           Step           Time
          71400       35.70000

   Energies (kJ/mol)
           Bond        LJ (SR)   Coulomb (SR)      Potential    Kinetic En.
    5.10550e-01    0.00000e+00    0.00000e+00    5.10550e-01    2.26416e+00
   Total Energy  Conserved En.    Temperature Pressure (bar)
    2.77471e+00    2.36781e+01    1.81544e+02   -5.90069e+00

           Step           Time
          71500       35.75000

   Energies (kJ/mol)
           Bond        LJ (SR)   Coulomb (SR)      Potential    Kinetic En.
    1.47010e+00    0.00000e+00    0.00000e+00    1.47010e+00    4.39380e+00
   Total Energy  Conserved En.    Temperature Pressure (bar)
    5.86391e+00    2.36908e+01    3.52302e+02    1.10333e+01

           Step           Time
          71600       35.80000

   Energies (kJ/mol)
           Bond        LJ (SR)   Coulomb (SR)      Potential    Kinetic En.
    1.57433e+00    0.00000e+00    0.00000e+00    1.57433e+00    4.61483e+00
   Total Energy  Conserved En.    Temperature Pressure (bar)
    6.18916e+00    2.37977e+01    3.70024e+02   -1.03684e+01

           Step           Time
          71700       35.85000

   Energies (kJ/mol)
           Bond        LJ (SR)   Coulomb (SR)      Potential    Kinetic En.
    4.12662e+00    0.00000e+00    0.00000e+00    4.12662e+00    1.08515e+01
   Total Energy  Conserved En.    Temperature Pressure (bar)
    1.49781e+01    2.41625e+01    8.70092e+02    1.88013e+01

           Step           Time
          71800       35.90000

   Energies (kJ/mol)
           Bond        LJ (SR)   Coulomb (SR)      Potential    Kinetic En.
    2.80297e+00    0.00000e+00    0.00000e+00    2.80297e+00    1.09697e+01
   Total Energy  Conserved En.    Temperature Pressure (bar)
    1.37727e+01    2.47606e+01    8.79568e+02   -1.31240e+01

           Step           Time
          71900       35.95000

   Energies (kJ/mol)
           Bond        LJ (SR)   Coulomb (SR)      Potential    Kinetic En.
    1.42619e+00    0.00000e+00    0.00000e+00    1.42619e+00    6.93554e+00
   Total Energy  Conserved En.    Temperature Pressure (bar)
    8.36174e+00    2.50008e+01    5.56103e+02    1.13221e+01

           Step           Time
          72000       36.00000

   Energies (kJ/mol)
           Bond        LJ (SR)   Coulomb (SR)      Potential    Kinetic En.
    3.98731e+00    0.00000e+00    0.00000e+00    3.98731e+00    6.22526e+00
   Total Energy  Conserved En.    Temperature Pressure (bar)
    1.02126e+01    2.46921e+01    4.99151e+02   -1.69507e+01

           Step           Time
          72100       36.05000

   Energies (kJ/mol)
           Bond        LJ (SR)   Coulomb (SR)      Potential    Kinetic En.
    4.07120e+00    0.00000e+00    0.00000e+00    4.07120e+00    5.78693e+00
   Total Energy  Conserved En.    Temperature Pressure (bar)
    9.85813e+00    2.48110e+01    4.64005e+02    1.78160e+01

           Step           Time
          72200       36.10000

   Energies (kJ/mol)
           Bond        LJ (SR)   Coulomb (SR)      Potential    Kinetic En.
    3.21433e+00    0.00000e+00    0.00000e+00    3.21433e+00    8.17783e+00
   Total Energy  Conserved En.    Temperature Pressure (bar)
    1.13922e+01    2.53655e+01    6.55711e+02   -1.47082e+01

           Step           Time
          72300       36.15000

   Energies (kJ/mol)
           Bond        LJ (SR)   Coulomb (SR)      Potential    Kinetic En.
    2.95833e+00    0.00000e+00    0.00000e+00    2.95833e+00    7.45931e+00
   Total Energy  Conserved En.    Temperature Pressure (bar)
    1.04176e+01    2.55320e+01    5.98100e+02    1.57126e+01

           Step           Time
          72400       36.20000

   Energies (kJ/mol)
           Bond        LJ (SR)   Coulomb (SR)      Potential    Kinetic En.
    4.60602e+00    0.00000e+00    0.00000e+00    4.60602e+00    6.18310e+00
   Total Energy  Conserved En.    Temperature Pressure (bar)
    1.07891e+01    2.53198e+01    4.95771e+02   -1.83617e+01

           Step           Time
          72500       36.25000

   Energies (kJ/mol)
           Bond        LJ (SR)   Coulomb (SR)      Potential    Kinetic En.
    2.29448e+00    0.00000e+00    0.00000e+00    2.29448e+00    3.53966e+00
   Total Energy  Conserved En.    Temperature Pressure (bar)
    5.83414e+00    2.53831e+01    2.83816e+02    1.33675e+01

           Step           Time
          72600       36.30000

   Energies (kJ/mol)
           Bond        LJ (SR)   Coulomb (SR)      Potential    Kinetic En.
    1.72919e+00    0.00000e+00    0.00000e+00    1.72919e+00    5.66138e+00
   Total Energy  Conserved En.    Temperature Pressure (bar)
    7.39056e+00    2.58074e+01    4.53938e+02   -1.07374e+01

           Step           Time
          72700       36.35000

   Energies (kJ/mol)
           Bond        LJ (SR)   Coulomb (SR)      Potential    Kinetic En.
    1.83622e+00    0.00000e+00    0.00000e+00    1.83622e+00    4.32828e+00
   Total Energy  Conserved En.    Temperature Pressure (bar)
    6.16449e+00    2.57980e+01    3.47048e+02    1.21967e+01

           Step           Time
          72800       36.40000

   Energies (kJ/mol)
           Bond        LJ (SR)   Coulomb (SR)      Potential    Kinetic En.
    2.61240e+00    0.00000e+00    0.00000e+00    2.61240e+00    5.91898e+00
   Total Energy  Conserved En.    Temperature Pressure (bar)
    8.53138e+00    2.59505e+01    4.74593e+02   -1.34618e+01

           Step           Time
          72900       36.45000

   Energies (kJ/mol)
           Bond        LJ (SR)   Coulomb (SR)      Potential    Kinetic En.
    4.76362e+00    0.00000e+00    0.00000e+00    4.76362e+00    3.76297e+00
   Total Energy  Conserved En.    Temperature Pressure (bar)
    8.52659e+00    2.55425e+01    3.01721e+02    1.87775e+01

           Step           Time
          73000       36.50000

   Energies (kJ/mol)
           Bond        LJ (SR)   Coulomb (SR)      Potential    Kinetic En.
    3.23354e+00    0.00000e+00    0.00000e+00    3.23354e+00    4.19744e+00
   Total Energy  Conserved En.    Temperature Pressure (bar)
    7.43098e+00    2.58648e+01    3.36557e+02   -1.54465e+01

           Step           Time
          73100       36.55000

   Energies (kJ/mol)
           Bond        LJ (SR)   Coulomb (SR)      Potential    Kinetic En.
    5.91832e+00    0.00000e+00    0.00000e+00    5.91832e+00    5.48758e+00
   Total Energy  Conserved En.    Temperature Pressure (bar)
    1.14059e+01    2.58432e+01    4.40003e+02    2.10484e+01

           Step           Time
          73200       36.60000

   Energies (kJ/mol)
           Bond        LJ (SR)   Coulomb (SR)      Potential    Kinetic En.
    4.82038e+00    0.00000e+00    0.00000e+00    4.82038e+00    3.57763e+00
   Total Energy  Conserved En.    Temperature Pressure (bar)
    8.39801e+00    2.57843e+01    2.86860e+02   -1.92781e+01

           Step           Time
          73300       36.65000

   Energies (kJ/mol)
           Bond        LJ (SR)   Coulomb (SR)      Potential    Kinetic En.
    8.27825e+00    0.00000e+00    0.00000e+00    8.27825e+00    3.23025e+00
   Total Energy  Conserved En.    Temperature Pressure (bar)
    1.15085e+01    2.57900e+01    2.59006e+02    2.41086e+01

           Step           Time
          73400       36.70000

   Energies (kJ/mol)
           Bond        LJ (SR)   Coulomb (SR)      Potential    Kinetic En.
    7.77670e+00    0.00000e+00    0.00000e+00    7.77670e+00    2.93597e+00
   Total Energy  Conserved En.    Temperature Pressure (bar)
    1.07127e+01    2.59299e+01    2.35411e+02   -2.50505e+01

           Step           Time
          73500       36.75000

   Energies (kJ/mol)
           Bond        LJ (SR)   Coulomb (SR)      Potential    Kinetic En.
    4.59467e+00    0.00000e+00    0.00000e+00    4.59467e+00    1.24751e+00
   Total Energy  Conserved En.    Temperature Pressure (bar)
    5.84218e+00    2.57333e+01    1.00027e+02    1.80325e+01

           Step           Time
          73600       36.80000

   Energies (kJ/mol)
           Bond        LJ (SR)   Coulomb (SR)      Potential    Kinetic En.
    7.52074e+00    0.00000e+00    0.00000e+00    7.52074e+00    2.18134e+00
   Total Energy  Conserved En.    Temperature Pressure (bar)
    9.70208e+00    2.59544e+01    1.74903e+02   -2.47349e+01

           Step           Time
          73700       36.85000

   Energies (kJ/mol)
           Bond        LJ (SR)   Coulomb (SR)      Potential    Kinetic En.
    1.41062e+01    0.00000e+00    0.00000e+00    1.41062e+01    1.08249e+00
   Total Energy  Conserved En.    Temperature Pressure (bar)
    1.51887e+01    2.54388e+01    8.67957e+01    3.03579e+01

           Step           Time
          73800       36.90000

   Energies (kJ/mol)
           Bond        LJ (SR)   Coulomb (SR)      Potential    Kinetic En.
    1.40931e+01    0.00000e+00    0.00000e+00    1.40931e+01    1.24363e+00
   Total Energy  Conserved En.    Temperature Pressure (bar)
    1.53368e+01    2.58344e+01    9.97166e+01   -3.48181e+01

           Step           Time
          73900       36.95000

   Energies (kJ/mol)
           Bond        LJ (SR)   Coulomb (SR)      Potential    Kinetic En.
    1.01191e+01    0.00000e+00    0.00000e+00    1.01191e+01    2.27360e+00
   Total Energy  Conserved En.    Temperature Pressure (bar)
    1.23927e+01    2.65012e+01    1.82301e+02    2.62630e+01

           Step           Time
          74000       37.00000

   Energies (kJ/mol)
           Bond        LJ (SR)   Coulomb (SR)      Potential    Kinetic En.
    9.86675e+00    0.00000e+00    0.00000e+00    9.86675e+00    2.09204e+00
   Total Energy  Conserved En.    Temperature Pressure (bar)
    1.19588e+01    2.66569e+01    1.67743e+02   -2.86183e+01

           Step           Time
          74100       37.05000

   Energies (kJ/mol)
           Bond        LJ (SR)   Coulomb (SR)      Potential    Kinetic En.
    8.20183e+00    0.00000e+00    0.00000e+00    8.20183e+00    2.96674e-01
   Total Energy  Conserved En.    Temperature Pressure (bar)
    8.49850e+00    2.60244e+01    2.37878e+01    2.34988e+01

           Step           Time
          74200       37.10000

   Energies (kJ/mol)
           Bond        LJ (SR)   Coulomb (SR)      Potential    Kinetic En.
    5.45802e+00    0.00000e+00    0.00000e+00    5.45802e+00    3.75673e-01
   Total Energy  Conserved En.    Temperature Pressure (bar)
    5.83370e+00    2.61806e+01    3.01220e+01   -2.11639e+01

           Step           Time
          74300       37.15000

   Energies (kJ/mol)
           Bond        LJ (SR)   Coulomb (SR)      Potential    Kinetic En.
    5.31991e+00    0.00000e+00    0.00000e+00    5.31991e+00    2.15604e-01
   Total Energy  Conserved En.    Temperature Pressure (bar)
    5.53551e+00    2.62477e+01    1.72875e+01    1.91436e+01

           Step           Time
          74400       37.20000

   Energies (kJ/mol)
           Bond        LJ (SR)   Coulomb (SR)      Potential    Kinetic En.
    6.16879e+00    0.00000e+00    0.00000e+00    6.16879e+00    1.49746e+00
   Total Energy  Conserved En.    Temperature Pressure (bar)
    7.66624e+00    2.69774e+01    1.20068e+02   -2.23732e+01

           Step           Time
          74500       37.25000

   Energies (kJ/mol)
           Bond        LJ (SR)   Coulomb (SR)      Potential    Kinetic En.
    3.33818e+00    0.00000e+00    0.00000e+00    3.33818e+00    4.07923e-01
   Total Energy  Conserved En.    Temperature Pressure (bar)
    3.74610e+00    2.69065e+01    3.27079e+01    1.53570e+01

           Step           Time
          74600       37.30000

   Energies (kJ/mol)
           Bond        LJ (SR)   Coulomb (SR)      Potential    Kinetic En.
    3.08572e+00    0.00000e+00    0.00000e+00    3.08572e+00    6.68734e-01
   Total Energy  Conserved En.    Temperature Pressure (bar)
    3.75446e+00    2.70993e+01    5.36201e+01   -1.56703e+01

           Step           Time
          74700       37.35000

   Energies (kJ/mol)
           Bond        LJ (SR)   Coulomb (SR)      Potential    Kinetic En.
    2.99861e+00    0.00000e+00    0.00000e+00    2.99861e+00    2.85285e-01
   Total Energy  Conserved En.    Temperature Pressure (bar)
    3.28389e+00    2.70163e+01    2.28746e+01    1.45660e+01

           Step           Time
          74800       37.40000

   Energies (kJ/mol)
           Bond        LJ (SR)   Coulomb (SR)      Potential    Kinetic En.
    6.15900e+00    0.00000e+00    0.00000e+00    6.15900e+00    1.52221e-01
   Total Energy  Conserved En.    Temperature Pressure (bar)
    6.31122e+00    2.68706e+01    1.22053e+01   -2.25871e+01

           Step           Time
          74900       37.45000

   Energies (kJ/mol)
           Bond        LJ (SR)   Coulomb (SR)      Potential    Kinetic En.
    5.80387e+00    0.00000e+00    0.00000e+00    5.80387e+00    1.59763e-01
   Total Energy  Conserved En.    Temperature Pressure (bar)
    5.96363e+00    2.67392e+01    1.28101e+01    1.99414e+01

           Step           Time
          75000       37.50000

   Energies (kJ/mol)
           Bond        LJ (SR)   Coulomb (SR)      Potential    Kinetic En.
    7.41200e+00    0.00000e+00    0.00000e+00    7.41200e+00    1.47517e-01
   Total Energy  Conserved En.    Temperature Pressure (bar)
    7.55951e+00    2.70715e+01    1.18281e+01   -2.48952e+01

           Step           Time
          75100       37.55000

   Energies (kJ/mol)
           Bond        LJ (SR)   Coulomb (SR)      Potential    Kinetic En.
    6.39213e+00    0.00000e+00    0.00000e+00    6.39213e+00    1.76546e-01
   Total Energy  Conserved En.    Temperature Pressure (bar)
    6.56868e+00    2.69775e+01    1.41557e+01    2.08770e+01

           Step           Time
          75200       37.60000

   Energies (kJ/mol)
           Bond        LJ (SR)   Coulomb (SR)      Potential    Kinetic En.
    1.10327e+01    0.00000e+00    0.00000e+00    1.10327e+01    2.75421e-01
   Total Energy  Conserved En.    Temperature Pressure (bar)
    1.13081e+01    2.71803e+01    2.20837e+01   -3.07006e+01

           Step           Time
          75300       37.65000

   Energies (kJ/mol)
           Bond        LJ (SR)   Coulomb (SR)      Potential    Kinetic En.
    1.32730e+01    0.00000e+00    0.00000e+00    1.32730e+01    6.70156e-01
   Total Energy  Conserved En.    Temperature Pressure (bar)
    1.39431e+01    2.83825e+01    5.37342e+01    2.94529e+01

           Step           Time
          75400       37.70000

   Energies (kJ/mol)
           Bond        LJ (SR)   Coulomb (SR)      Potential    Kinetic En.
    1.21306e+01    0.00000e+00    0.00000e+00    1.21306e+01    2.64869e-01
   Total Energy  Conserved En.    Temperature Pressure (bar)
    1.23955e+01    2.81348e+01    2.12376e+01   -3.22934e+01

           Step           Time
          75500       37.75000

   Energies (kJ/mol)
           Bond        LJ (SR)   Coulomb (SR)      Potential    Kinetic En.
    1.68908e+01    0.00000e+00    0.00000e+00    1.68908e+01    5.62158e-01
   Total Energy  Conserved En.    Temperature Pressure (bar)
    1.74530e+01    2.78945e+01    4.50747e+01    3.28601e+01

           Step           Time
          75600       37.80000

   Energies (kJ/mol)
           Bond        LJ (SR)   Coulomb (SR)      Potential    Kinetic En.
    1.55061e+01    0.00000e+00    0.00000e+00    1.55061e+01    4.00757e-01
   Total Energy  Conserved En.    Temperature Pressure (bar)
    1.59068e+01    2.90717e+01    3.21333e+01   -3.68032e+01

           Step           Time
          75700       37.85000

   Energies (kJ/mol)
           Bond        LJ (SR)   Coulomb (SR)      Potential    Kinetic En.
    1.14051e+01    0.00000e+00    0.00000e+00    1.14051e+01    7.18105e-01
   Total Energy  Conserved En.    Temperature Pressure (bar)
    1.21232e+01    2.95991e+01    5.75788e+01    2.74741e+01

           Step           Time
          75800       37.90000

   Energies (kJ/mol)
           Bond        LJ (SR)   Coulomb (SR)      Potential    Kinetic En.
    9.56656e+00    0.00000e+00    0.00000e+00    9.56656e+00    2.57558e-01
   Total Energy  Conserved En.    Temperature Pressure (bar)
    9.82411e+00    2.89272e+01    2.06514e+01   -2.84656e+01

           Step           Time
          75900       37.95000

   Energies (kJ/mol)
           Bond        LJ (SR)   Coulomb (SR)      Potential    Kinetic En.
    8.74949e+00    0.00000e+00    0.00000e+00    8.74949e+00    2.16566e-01
   Total Energy  Conserved En.    Temperature Pressure (bar)
    8.96606e+00    2.95023e+01    1.73646e+01    2.42070e+01

           Step           Time
          76000       38.00000

   Energies (kJ/mol)
           Bond        LJ (SR)   Coulomb (SR)      Potential    Kinetic En.
    9.61656e+00    0.00000e+00    0.00000e+00    9.61656e+00    5.64059e-01
   Total Energy  Conserved En.    Temperature Pressure (bar)
    1.01806e+01    3.00489e+01    4.52271e+01   -2.84913e+01

           Step           Time
          76100       38.05000

   Energies (kJ/mol)
           Bond        LJ (SR)   Coulomb (SR)      Potential    Kinetic En.
    1.13818e+01    0.00000e+00    0.00000e+00    1.13818e+01    3.36723e-01
   Total Energy  Conserved En.    Temperature Pressure (bar)
    1.17185e+01    3.00428e+01    2.69990e+01    2.73822e+01

           Step           Time
          76200       38.10000

   Energies (kJ/mol)
           Bond        LJ (SR)   Coulomb (SR)      Potential    Kinetic En.
    1.30741e+01    0.00000e+00    0.00000e+00    1.30741e+01    2.61084e-01
   Total Energy  Conserved En.    Temperature Pressure (bar)
    1.33352e+01    2.99720e+01    2.09341e+01   -3.36112e+01

           Step           Time
          76300       38.15000

   Energies (kJ/mol)
           Bond        LJ (SR)   Coulomb (SR)      Potential    Kinetic En.
    1.45575e+01    0.00000e+00    0.00000e+00    1.45575e+01    2.91421e-01
   Total Energy  Conserved En.    Temperature Pressure (bar)
    1.48489e+01    3.03901e+01    2.33666e+01    3.06605e+01

           Step           Time
          76400       38.20000

   Energies (kJ/mol)
           Bond        LJ (SR)   Coulomb (SR)      Potential    Kinetic En.
    4.89403e+00    0.00000e+00    0.00000e+00    4.89403e+00    1.19577e+00
   Total Energy  Conserved En.    Temperature Pressure (bar)
    6.08980e+00    3.11781e+01    9.58789e+01   -1.98479e+01

           Step           Time
          76500       38.25000

   Energies (kJ/mol)
           Bond        LJ (SR)   Coulomb (SR)      Potential    Kinetic En.
    5.73258e+00    0.00000e+00    0.00000e+00    5.73258e+00    7.88638e-01
   Total Energy  Conserved En.    Temperature Pressure (bar)
    6.52121e+00    3.11198e+01    6.32342e+01    1.99336e+01

           Step           Time
          76600       38.30000

   Energies (kJ/mol)
           Bond        LJ (SR)   Coulomb (SR)      Potential    Kinetic En.
    7.10451e+00    0.00000e+00    0.00000e+00    7.10451e+00    2.21825e-01
   Total Energy  Conserved En.    Temperature Pressure (bar)
    7.32633e+00    3.08637e+01    1.77863e+01   -2.43335e+01

           Step           Time
          76700       38.35000

   Energies (kJ/mol)
           Bond        LJ (SR)   Coulomb (SR)      Potential    Kinetic En.
    8.15522e+00    0.00000e+00    0.00000e+00    8.15522e+00    3.06618e-01
   Total Energy  Conserved En.    Temperature Pressure (bar)
    8.46184e+00    3.05308e+01    2.45851e+01    2.34378e+01

           Step           Time
          76800       38.40000

   Energies (kJ/mol)
           Bond        LJ (SR)   Coulomb (SR)      Potential    Kinetic En.
    7.25744e+00    0.00000e+00    0.00000e+00    7.25744e+00    1.51088e-01
   Total Energy  Conserved En.    Temperature Pressure (bar)
    7.40852e+00    3.10468e+01    1.21145e+01   -2.46200e+01

           Step           Time
          76900       38.45000

   Energies (kJ/mol)
           Bond        LJ (SR)   Coulomb (SR)      Potential    Kinetic En.
    7.60173e+00    0.00000e+00    0.00000e+00    7.60173e+00    2.26351e-01
   Total Energy  Conserved En.    Temperature Pressure (bar)
    7.82808e+00    3.09273e+01    1.81492e+01    2.26635e+01

           Step           Time
          77000       38.50000

   Energies (kJ/mol)
           Bond        LJ (SR)   Coulomb (SR)      Potential    Kinetic En.
    5.76845e+00    0.00000e+00    0.00000e+00    5.76845e+00    5.94866e-01
   Total Energy  Conserved En.    Temperature Pressure (bar)
    6.36332e+00    3.18248e+01    4.76973e+01   -2.17486e+01

           Step           Time
          77100       38.55000

   Energies (kJ/mol)
           Bond        LJ (SR)   Coulomb (SR)      Potential    Kinetic En.
    6.23233e+00    0.00000e+00    0.00000e+00    6.23233e+00    1.01462e+00
   Total Energy  Conserved En.    Temperature Pressure (bar)
    7.24695e+00    3.21204e+01    8.13535e+01    2.07735e+01

           Step           Time
          77200       38.60000

   Energies (kJ/mol)
           Bond        LJ (SR)   Coulomb (SR)      Potential    Kinetic En.
    1.02820e+01    0.00000e+00    0.00000e+00    1.02820e+01    7.79366e-01
   Total Energy  Conserved En.    Temperature Pressure (bar)
    1.10614e+01    3.21407e+01    6.24908e+01   -2.94853e+01

           Step           Time
          77300       38.65000

   Energies (kJ/mol)
           Bond        LJ (SR)   Coulomb (SR)      Potential    Kinetic En.
    7.61888e+00    0.00000e+00    0.00000e+00    7.61888e+00    2.07249e-01
   Total Energy  Conserved En.    Temperature Pressure (bar)
    7.82613e+00    3.17738e+01    1.66175e+01    2.26842e+01

           Step           Time
          77400       38.70000

   Energies (kJ/mol)
           Bond        LJ (SR)   Coulomb (SR)      Potential    Kinetic En.
    8.49513e+00    0.00000e+00    0.00000e+00    8.49513e+00    1.95878e+00
   Total Energy  Conserved En.    Temperature Pressure (bar)
    1.04539e+01    3.29620e+01    1.57058e+02   -2.64375e+01

           Step           Time
          77500       38.75000

   Energies (kJ/mol)
           Bond        LJ (SR)   Coulomb (SR)      Potential    Kinetic En.
    5.25706e+00    0.00000e+00    0.00000e+00    5.25706e+00    3.90613e-01
   Total Energy  Conserved En.    Temperature Pressure (bar)
    5.64768e+00    3.24077e+01    3.13200e+01    1.90661e+01

           Step           Time
          77600       38.80000

   Energies (kJ/mol)
           Bond        LJ (SR)   Coulomb (SR)      Potential    Kinetic En.
    5.39156e+00    0.00000e+00    0.00000e+00    5.39156e+00    3.46289e-01
   Total Energy  Conserved En.    Temperature Pressure (bar)
    5.73785e+00    3.24786e+01    2.77660e+01   -2.10337e+01

           Step           Time
          77700       38.85000

   Energies (kJ/mol)
           Bond        LJ (SR)   Coulomb (SR)      Potential    Kinetic En.
    6.63020e+00    0.00000e+00    0.00000e+00    6.63020e+00    2.06099e-01
   Total Energy  Conserved En.    Temperature Pressure (bar)
    6.83630e+00    3.24594e+01    1.65253e+01    2.12460e+01

           Step           Time
          77800       38.90000

   Energies (kJ/mol)
           Bond        LJ (SR)   Coulomb (SR)      Potential    Kinetic En.
    7.48013e+00    0.00000e+00    0.00000e+00    7.48013e+00    1.66860e-01
   Total Energy  Conserved En.    Temperature Pressure (bar)
    7.64699e+00    3.25055e+01    1.33791e+01   -2.50120e+01

           Step           Time
          77900       38.95000

   Energies (kJ/mol)
           Bond        LJ (SR)   Coulomb (SR)      Potential    Kinetic En.
    4.98019e+00    0.00000e+00    0.00000e+00    4.98019e+00    1.98592e+00
   Total Energy  Conserved En.    Temperature Pressure (bar)
    6.96611e+00    3.36313e+01    1.59234e+02    1.88586e+01

           Step           Time
          78000       39.00000

   Energies (kJ/mol)
           Bond        LJ (SR)   Coulomb (SR)      Potential    Kinetic En.
    1.07329e+01    0.00000e+00    0.00000e+00    1.07329e+01    1.54466e+00
   Total Energy  Conserved En.    Temperature Pressure (bar)
    1.22776e+01    3.33386e+01    1.23854e+02   -3.00348e+01

           Step           Time
          78100       39.05000

   Energies (kJ/mol)
           Bond        LJ (SR)   Coulomb (SR)      Potential    Kinetic En.
    9.89009e+00    0.00000e+00    0.00000e+00    9.89009e+00    2.03255e-01
   Total Energy  Conserved En.    Temperature Pressure (bar)
    1.00933e+01    3.26249e+01    1.62973e+01    2.56302e+01

           Step           Time
          78200       39.10000

   Energies (kJ/mol)
           Bond        LJ (SR)   Coulomb (SR)      Potential    Kinetic En.
    8.31931e+00    0.00000e+00    0.00000e+00    8.31931e+00    1.69049e-01
   Total Energy  Conserved En.    Temperature Pressure (bar)
    8.48836e+00    3.27089e+01    1.35546e+01   -2.64534e+01

           Step           Time
          78300       39.15000

   Energies (kJ/mol)
           Bond        LJ (SR)   Coulomb (SR)      Potential    Kinetic En.
    7.22949e+00    0.00000e+00    0.00000e+00    7.22949e+00    4.47884e-01
   Total Energy  Conserved En.    Temperature Pressure (bar)
    7.67737e+00    3.32383e+01    3.59120e+01    2.21727e+01

           Step           Time
          78400       39.20000

   Energies (kJ/mol)
           Bond        LJ (SR)   Coulomb (SR)      Potential    Kinetic En.
    7.23722e+00    0.00000e+00    0.00000e+00    7.23722e+00    1.51110e+00
   Total Energy  Conserved En.    Temperature Pressure (bar)
    8.74832e+00    3.38806e+01    1.21162e+02   -2.43486e+01

           Step           Time
          78500       39.25000

   Energies (kJ/mol)
           Bond        LJ (SR)   Coulomb (SR)      Potential    Kinetic En.
    5.72362e+00    0.00000e+00    0.00000e+00    5.72362e+00    5.96036e-01
   Total Energy  Conserved En.    Temperature Pressure (bar)
    6.31965e+00    3.37432e+01    4.77911e+01    1.98856e+01

           Step           Time
          78600       39.30000

   Energies (kJ/mol)
           Bond        LJ (SR)   Coulomb (SR)      Potential    Kinetic En.
    6.89294e+00    0.00000e+00    0.00000e+00    6.89294e+00    1.04734e+00
   Total Energy  Conserved En.    Temperature Pressure (bar)
    7.94028e+00    3.40578e+01    8.39772e+01   -2.38070e+01

           Step           Time
          78700       39.35000

   Energies (kJ/mol)
           Bond        LJ (SR)   Coulomb (SR)      Potential    Kinetic En.
    5.12734e+00    0.00000e+00    0.00000e+00    5.12734e+00    4.07519e-01
   Total Energy  Conserved En.    Temperature Pressure (bar)
    5.53486e+00    3.39779e+01    3.26755e+01    1.88443e+01

           Step           Time
          78800       39.40000

   Energies (kJ/mol)
           Bond        LJ (SR)   Coulomb (SR)      Potential    Kinetic En.
    2.62638e+00    0.00000e+00    0.00000e+00    2.62638e+00    3.97042e-01
   Total Energy  Conserved En.    Temperature Pressure (bar)
    3.02342e+00    3.41500e+01    3.18355e+01   -1.44569e+01

           Step           Time
          78900       39.45000

   Energies (kJ/mol)
           Bond        LJ (SR)   Coulomb (SR)      Potential    Kinetic En.
    2.82344e+00    0.00000e+00    0.00000e+00    2.82344e+00    1.00763e+00
   Total Energy  Conserved En.    Temperature Pressure (bar)
    3.83107e+00    3.44202e+01    8.07934e+01    1.42755e+01

           Step           Time
          79000       39.50000

   Energies (kJ/mol)
           Bond        LJ (SR)   Coulomb (SR)      Potential    Kinetic En.
    3.19551e+00    0.00000e+00    0.00000e+00    3.19551e+00    2.60311e-01
   Total Energy  Conserved En.    Temperature Pressure (bar)
    3.45582e+00    3.42431e+01    2.08722e+01   -1.60289e+01

           Step           Time
          79100       39.55000

   Energies (kJ/mol)
           Bond        LJ (SR)   Coulomb (SR)      Potential    Kinetic En.
    2.89207e+00    0.00000e+00    0.00000e+00    2.89207e+00    5.31738e-01
   Total Energy  Conserved En.    Temperature Pressure (bar)
    3.42381e+00    3.44829e+01    4.26356e+01    1.43576e+01

           Step           Time
          79200       39.60000

   Energies (kJ/mol)
           Bond        LJ (SR)   Coulomb (SR)      Potential    Kinetic En.
    2.98661e+00    0.00000e+00    0.00000e+00    2.98661e+00    2.67132e-01
   Total Energy  Conserved En.    Temperature Pressure (bar)
    3.25374e+00    3.44340e+01    2.14191e+01   -1.54756e+01

           Step           Time
          79300       39.65000

   Energies (kJ/mol)
           Bond        LJ (SR)   Coulomb (SR)      Potential    Kinetic En.
    1.98873e+00    0.00000e+00    0.00000e+00    1.98873e+00    7.83638e-02
   Total Energy  Conserved En.    Temperature Pressure (bar)
    2.06709e+00    3.43463e+01    6.28333e+00    1.19141e+01

           Step           Time
          79400       39.70000

   Energies (kJ/mol)
           Bond        LJ (SR)   Coulomb (SR)      Potential    Kinetic En.
    2.94458e+00    0.00000e+00    0.00000e+00    2.94458e+00    9.55253e-02
   Total Energy  Conserved En.    Temperature Pressure (bar)
    3.04011e+00    3.43958e+01    7.65937e+00   -1.53921e+01

           Step           Time
          79500       39.75000

   Energies (kJ/mol)
           Bond        LJ (SR)   Coulomb (SR)      Potential    Kinetic En.
    2.96124e+00    0.00000e+00    0.00000e+00    2.96124e+00    3.18943e-01
   Total Energy  Conserved En.    Temperature Pressure (bar)
    3.28018e+00    3.46417e+01    2.55733e+01    1.44843e+01

           Step           Time
          79600       39.80000

   Energies (kJ/mol)
           Bond        LJ (SR)   Coulomb (SR)      Potential    Kinetic En.
    3.61090e+00    0.00000e+00    0.00000e+00    3.61090e+00    7.29407e-02
   Total Energy  Conserved En.    Temperature Pressure (bar)
    3.68384e+00    3.44773e+01    5.84850e+00   -1.71111e+01

           Step           Time
          79700       39.85000

   Energies (kJ/mol)
           Bond        LJ (SR)   Coulomb (SR)      Potential    Kinetic En.
    3.66373e+00    0.00000e+00    0.00000e+00    3.66373e+00    5.03679e-01
   Total Energy  Conserved En.    Temperature Pressure (bar)
    4.16741e+00    3.49360e+01    4.03858e+01    1.60728e+01

           Step           Time
          79800       39.90000

   Energies (kJ/mol)
           Bond        LJ (SR)   Coulomb (SR)      Potential    Kinetic En.
    5.44006e+00    0.00000e+00    0.00000e+00    5.44006e+00    2.56719e-01
   Total Energy  Conserved En.    Temperature Pressure (bar)
    5.69678e+00    3.45843e+01    2.05841e+01   -2.11480e+01

           Step           Time
          79900       39.95000

   Energies (kJ/mol)
           Bond        LJ (SR)   Coulomb (SR)      Potential    Kinetic En.
    3.49927e+00    0.00000e+00    0.00000e+00    3.49927e+00    1.31869e+00
   Total Energy  Conserved En.    Temperature Pressure (bar)
    4.81796e+00    3.40114e+01    1.05734e+02    1.58649e+01

           Step           Time
          80000       40.00000

   Energies (kJ/mol)
           Bond        LJ (SR)   Coulomb (SR)      Potential    Kinetic En.
    3.85644e+00    0.00000e+00    0.00000e+00    3.85644e+00    6.68077e-01
   Total Energy  Conserved En.    Temperature Pressure (bar)
    4.52452e+00    3.43269e+01    5.35675e+01   -1.76024e+01

           Step           Time
          80100       40.05000

   Energies (kJ/mol)
           Bond        LJ (SR)   Coulomb (SR)      Potential    Kinetic En.
    3.74001e+00    0.00000e+00    0.00000e+00    3.74001e+00    1.02959e+00
   Total Energy  Conserved En.    Temperature Pressure (bar)
    4.76960e+00    3.43175e+01    8.25543e+01    1.63227e+01

           Step           Time
          80200       40.10000

   Energies (kJ/mol)
           Bond        LJ (SR)   Coulomb (SR)      Potential    Kinetic En.
    3.84539e+00    0.00000e+00    0.00000e+00    3.84539e+00    2.32593e+00
   Total Energy  Conserved En.    Temperature Pressure (bar)
    6.17132e+00    3.41475e+01    1.86497e+02   -1.72893e+01

           Step           Time
          80300       40.15000

   Energies (kJ/mol)
           Bond        LJ (SR)   Coulomb (SR)      Potential    Kinetic En.
    2.82898e+00    0.00000e+00    0.00000e+00    2.82898e+00    2.45323e+00
   Total Energy  Conserved En.    Temperature Pressure (bar)
    5.28221e+00    3.40802e+01    1.96703e+02    1.45389e+01

           Step           Time
          80400       40.20000

   Energies (kJ/mol)
           Bond        LJ (SR)   Coulomb (SR)      Potential    Kinetic En.
    2.17515e+00    0.00000e+00    0.00000e+00    2.17515e+00    9.98782e-01
   Total Energy  Conserved En.    Temperature Pressure (bar)
    3.17393e+00    3.43451e+01    8.00839e+01   -1.30090e+01

           Step           Time
          80500       40.25000

   Energies (kJ/mol)
           Bond        LJ (SR)   Coulomb (SR)      Potential    Kinetic En.
    1.52617e+00    0.00000e+00    0.00000e+00    1.52617e+00    1.57591e+00
   Total Energy  Conserved En.    Temperature Pressure (bar)
    3.10207e+00    3.41982e+01    1.26359e+02    1.07350e+01

           Step           Time
          80600       40.30000

   Energies (kJ/mol)
           Bond        LJ (SR)   Coulomb (SR)      Potential    Kinetic En.
    1.92423e+00    0.00000e+00    0.00000e+00    1.92423e+00    1.81815e+00
   Total Energy  Conserved En.    Temperature Pressure (bar)
    3.74238e+00    3.43318e+01    1.45782e+02   -1.20627e+01

           Step           Time
          80700       40.35000

   Energies (kJ/mol)
           Bond        LJ (SR)   Coulomb (SR)      Potential    Kinetic En.
    4.80088e+00    0.00000e+00    0.00000e+00    4.80088e+00    2.89185e+00
   Total Energy  Conserved En.    Temperature Pressure (bar)
    7.69272e+00    3.46410e+01    2.31873e+02    1.86943e+01

           Step           Time
          80800       40.40000

   Energies (kJ/mol)
           Bond        LJ (SR)   Coulomb (SR)      Potential    Kinetic En.
    3.07090e+00    0.00000e+00    0.00000e+00    3.07090e+00    3.70546e+00
   Total Energy  Conserved En.    Temperature Pressure (bar)
    6.77636e+00    3.43358e+01    2.97110e+02   -1.51057e+01

           Step           Time
          80900       40.45000

   Energies (kJ/mol)
           Bond        LJ (SR)   Coulomb (SR)      Potential    Kinetic En.
    5.06827e+00    0.00000e+00    0.00000e+00    5.06827e+00    1.36304e+00
   Total Energy  Conserved En.    Temperature Pressure (bar)
    6.43131e+00    3.52299e+01    1.09291e+02    1.89063e+01

           Step           Time
          81000       40.50000

   Energies (kJ/mol)
           Bond        LJ (SR)   Coulomb (SR)      Potential    Kinetic En.
    2.78540e+00    0.00000e+00    0.00000e+00    2.78540e+00    3.32065e+00
   Total Energy  Conserved En.    Temperature Pressure (bar)
    6.10605e+00    3.46952e+01    2.66255e+02   -1.43984e+01

           Step           Time
          81100       40.55000

   Energies (kJ/mol)
           Bond        LJ (SR)   Coulomb (SR)      Potential    Kinetic En.
    4.63209e+00    0.00000e+00    0.00000e+00    4.63209e+00    1.29091e+00
   Total Energy  Conserved En.    Temperature Pressure (bar)
    5.92300e+00    3.55151e+01    1.03507e+02    1.81092e+01

           Step           Time
          81200       40.60000

   Energies (kJ/mol)
           Bond        LJ (SR)   Coulomb (SR)      Potential    Kinetic En.
    5.69877e+00    0.00000e+00    0.00000e+00    5.69877e+00    7.58298e-01
   Total Energy  Conserved En.    Temperature Pressure (bar)
    6.45707e+00    3.60648e+01    6.08015e+01   -2.15819e+01

           Step           Time
          81300       40.65000

   Energies (kJ/mol)
           Bond        LJ (SR)   Coulomb (SR)      Potential    Kinetic En.
    3.44786e+00    0.00000e+00    0.00000e+00    3.44786e+00    1.70605e+00
   Total Energy  Conserved En.    Temperature Pressure (bar)
    5.15390e+00    3.56436e+01    1.36793e+02    1.58211e+01

           Step           Time
          81400       40.70000

   Energies (kJ/mol)
           Bond        LJ (SR)   Coulomb (SR)      Potential    Kinetic En.
    2.79544e+00    0.00000e+00    0.00000e+00    2.79544e+00    7.52290e-01
   Total Energy  Conserved En.    Temperature Pressure (bar)
    3.54773e+00    3.58908e+01    6.03198e+01   -1.48705e+01

           Step           Time
          81500       40.75000

   Energies (kJ/mol)
           Bond        LJ (SR)   Coulomb (SR)      Potential    Kinetic En.
    2.16409e+00    0.00000e+00    0.00000e+00    2.16409e+00    1.25990e+00
   Total Energy  Conserved En.    Temperature Pressure (bar)
    3.42399e+00    3.57453e+01    1.01021e+02    1.26166e+01

           Step           Time
          81600       40.80000

   Energies (kJ/mol)
           Bond        LJ (SR)   Coulomb (SR)      Potential    Kinetic En.
    1.94355e+00    0.00000e+00    0.00000e+00    1.94355e+00    1.27507e+00
   Total Energy  Conserved En.    Temperature Pressure (bar)
    3.21863e+00    3.57852e+01    1.02237e+02   -1.22203e+01

           Step           Time
          81700       40.85000

   Energies (kJ/mol)
           Bond        LJ (SR)   Coulomb (SR)      Potential    Kinetic En.
    3.29252e+00    0.00000e+00    0.00000e+00    3.29252e+00    1.23023e+00
   Total Energy  Conserved En.    Temperature Pressure (bar)
    4.52276e+00    3.60442e+01    9.86419e+01    1.53983e+01

           Step           Time
          81800       40.90000

   Energies (kJ/mol)
           Bond        LJ (SR)   Coulomb (SR)      Potential    Kinetic En.
    4.21386e+00    0.00000e+00    0.00000e+00    4.21386e+00    8.80540e-01
   Total Energy  Conserved En.    Temperature Pressure (bar)
    5.09440e+00    3.63077e+01    7.06031e+01   -1.84001e+01

           Step           Time
          81900       40.95000

   Energies (kJ/mol)
           Bond        LJ (SR)   Coulomb (SR)      Potential    Kinetic En.
    1.11346e+01    0.00000e+00    0.00000e+00    1.11346e+01    5.31480e-01
   Total Energy  Conserved En.    Temperature Pressure (bar)
    1.16661e+01    3.75554e+01    4.26149e+01    2.71388e+01

           Step           Time
          82000       41.00000

   Energies (kJ/mol)
           Bond        LJ (SR)   Coulomb (SR)      Potential    Kinetic En.
    1.30707e+01    0.00000e+00    0.00000e+00    1.30707e+01    2.71641e-01
   Total Energy  Conserved En.    Temperature Pressure (bar)
    1.33424e+01    3.84488e+01    2.17806e+01   -3.36048e+01

           Step           Time
          82100       41.05000

   Energies (kJ/mol)
           Bond        LJ (SR)   Coulomb (SR)      Potential    Kinetic En.
    9.93731e+00    0.00000e+00    0.00000e+00    9.93731e+00    1.85028e+00
   Total Energy  Conserved En.    Temperature Pressure (bar)
    1.17876e+01    3.75708e+01    1.48358e+02    2.59720e+01

           Step           Time
          82200       41.10000

   Energies (kJ/mol)
           Bond        LJ (SR)   Coulomb (SR)      Potential    Kinetic En.
    8.74148e+00    0.00000e+00    0.00000e+00    8.74148e+00    7.47301e-01
   Total Energy  Conserved En.    Temperature Pressure (bar)
    9.48878e+00    3.81416e+01    5.99198e+01   -2.70540e+01

           Step           Time
          82300       41.15000

   Energies (kJ/mol)
           Bond        LJ (SR)   Coulomb (SR)      Potential    Kinetic En.
    9.43877e+00    0.00000e+00    0.00000e+00    9.43877e+00    2.70301e+00
   Total Energy  Conserved En.    Temperature Pressure (bar)
    1.21418e+01    3.77156e+01    2.16732e+02    2.55103e+01

           Step           Time
          82400       41.20000

   Energies (kJ/mol)
           Bond        LJ (SR)   Coulomb (SR)      Potential    Kinetic En.
    9.96132e+00    0.00000e+00    0.00000e+00    9.96132e+00    5.59067e+00
   Total Energy  Conserved En.    Temperature Pressure (bar)
    1.55520e+01    3.74096e+01    4.48268e+02   -2.81599e+01

           Step           Time
          82500       41.25000

   Energies (kJ/mol)
           Bond        LJ (SR)   Coulomb (SR)      Potential    Kinetic En.
    9.38805e+00    0.00000e+00    0.00000e+00    9.38805e+00    3.37958e+00
   Total Energy  Conserved En.    Temperature Pressure (bar)
    1.27676e+01    3.80651e+01    2.70980e+02    2.55644e+01

           Step           Time
          82600       41.30000

   Energies (kJ/mol)
           Bond        LJ (SR)   Coulomb (SR)      Potential    Kinetic En.
    6.65113e+00    0.00000e+00    0.00000e+00    6.65113e+00    2.11384e+00
   Total Energy  Conserved En.    Temperature Pressure (bar)
    8.76496e+00    3.83386e+01    1.69491e+02   -2.31773e+01

           Step           Time
          82700       41.35000

   Energies (kJ/mol)
           Bond        LJ (SR)   Coulomb (SR)      Potential    Kinetic En.
    5.75350e+00    0.00000e+00    0.00000e+00    5.75350e+00    5.95642e+00
   Total Energy  Conserved En.    Temperature Pressure (bar)
    1.17099e+01    3.77051e+01    4.77595e+02    2.08618e+01

           Step           Time
          82800       41.40000

   Energies (kJ/mol)
           Bond        LJ (SR)   Coulomb (SR)      Potential    Kinetic En.
    8.16274e-01    0.00000e+00    0.00000e+00    8.16274e-01    4.99497e+00
   Total Energy  Conserved En.    Temperature Pressure (bar)
    5.81124e+00    3.65797e+01    4.00504e+02   -7.12181e+00

           Step           Time
          82900       41.45000

   Energies (kJ/mol)
           Bond        LJ (SR)   Coulomb (SR)      Potential    Kinetic En.
    5.62830e-01    0.00000e+00    0.00000e+00    5.62830e-01    6.50543e+00
   Total Energy  Conserved En.    Temperature Pressure (bar)
    7.06826e+00    3.65638e+01    5.21615e+02    7.54183e+00

           Step           Time
          83000       41.50000

   Energies (kJ/mol)
           Bond        LJ (SR)   Coulomb (SR)      Potential    Kinetic En.
    9.17081e-02    0.00000e+00    0.00000e+00    9.17081e-02    3.56936e+00
   Total Energy  Conserved En.    Temperature Pressure (bar)
    3.66107e+00    3.64762e+01    2.86197e+02   -2.02787e+00

           Step           Time
          83100       41.55000

   Energies (kJ/mol)
           Bond        LJ (SR)   Coulomb (SR)      Potential    Kinetic En.
    1.63113e-02    0.00000e+00    0.00000e+00    1.63113e-02    5.94402e+00
   Total Energy  Conserved En.    Temperature Pressure (bar)
    5.96033e+00    3.62547e+01    4.76601e+02   -8.35823e-02

           Step           Time
          83200       41.60000

   Energies (kJ/mol)
           Bond        LJ (SR)   Coulomb (SR)      Potential    Kinetic En.
    2.46919e-02    0.00000e+00    0.00000e+00    2.46919e-02    4.84395e+00
   Total Energy  Conserved En.    Temperature Pressure (bar)
    4.86864e+00    3.65956e+01    3.88395e+02   -5.30767e-01

           Step           Time
          83300       41.65000

   Energies (kJ/mol)
           Bond        LJ (SR)   Coulomb (SR)      Potential    Kinetic En.
    9.41438e-02    0.00000e+00    0.00000e+00    9.41438e-02    3.90743e+00
   Total Energy  Conserved En.    Temperature Pressure (bar)
    4.00157e+00    3.67593e+01    3.13304e+02    3.32369e+00

           Step           Time
          83400       41.70000

   Energies (kJ/mol)
           Bond        LJ (SR)   Coulomb (SR)      Potential    Kinetic En.
    1.18954e-02    0.00000e+00    0.00000e+00    1.18954e-02    3.50609e+00
   Total Energy  Conserved En.    Temperature Pressure (bar)
    3.51799e+00    3.67379e+01    2.81124e+02   -3.42583e-01

           Step           Time
          83500       41.75000

   Energies (kJ/mol)
           Bond        LJ (SR)   Coulomb (SR)      Potential    Kinetic En.
    2.17863e-01    0.00000e+00    0.00000e+00    2.17863e-01    5.94374e+00
   Total Energy  Conserved En.    Temperature Pressure (bar)
    6.16160e+00    3.70088e+01    4.76579e+02    5.04313e+00

           Step           Time
          83600       41.80000

   Energies (kJ/mol)
           Bond        LJ (SR)   Coulomb (SR)      Potential    Kinetic En.
    2.49500e-01    0.00000e+00    0.00000e+00    2.49500e-01    5.29143e+00
   Total Energy  Conserved En.    Temperature Pressure (bar)
    5.54093e+00    3.63539e+01    4.24276e+02    5.20911e+00

           Step           Time
          83700       41.85000

   Energies (kJ/mol)
           Bond        LJ (SR)   Coulomb (SR)      Potential    Kinetic En.
    8.59053e-01    0.00000e+00    0.00000e+00    8.59053e-01    2.59058e+00
   Total Energy  Conserved En.    Temperature Pressure (bar)
    3.44963e+00    3.61301e+01    2.07717e+02   -7.74805e+00

           Step           Time
          83800       41.90000

   Energies (kJ/mol)
           Bond        LJ (SR)   Coulomb (SR)      Potential    Kinetic En.
    1.24424e+00    0.00000e+00    0.00000e+00    1.24424e+00    4.38862e+00
   Total Energy  Conserved En.    Temperature Pressure (bar)
    5.63286e+00    3.62928e+01    3.51886e+02    1.02290e+01

           Step           Time
          83900       41.95000

   Energies (kJ/mol)
           Bond        LJ (SR)   Coulomb (SR)      Potential    Kinetic En.
    1.34955e+00    0.00000e+00    0.00000e+00    1.34955e+00    2.32329e+00
   Total Energy  Conserved En.    Temperature Pressure (bar)
    3.67284e+00    3.61981e+01    1.86285e+02   -9.91827e+00

           Step           Time
          84000       42.00000

   Energies (kJ/mol)
           Bond        LJ (SR)   Coulomb (SR)      Potential    Kinetic En.
    1.37320e+00    0.00000e+00    0.00000e+00    1.37320e+00    4.55844e+00
   Total Energy  Conserved En.    Temperature Pressure (bar)
    5.93164e+00    3.65345e+01    3.65503e+02    1.07256e+01

           Step           Time
          84100       42.05000

   Energies (kJ/mol)
           Bond        LJ (SR)   Coulomb (SR)      Potential    Kinetic En.
    3.98581e+00    0.00000e+00    0.00000e+00    3.98581e+00    6.77480e+00
   Total Energy  Conserved En.    Temperature Pressure (bar)
    1.07606e+01    3.63589e+01    5.43214e+02   -1.68521e+01

           Step           Time
          84200       42.10000

   Energies (kJ/mol)
           Bond        LJ (SR)   Coulomb (SR)      Potential    Kinetic En.
    3.29834e+00    0.00000e+00    0.00000e+00    3.29834e+00    4.13357e+00
   Total Energy  Conserved En.    Temperature Pressure (bar)
    7.43191e+00    3.62642e+01    3.31436e+02    1.59134e+01

           Step           Time
          84300       42.15000

   Energies (kJ/mol)
           Bond        LJ (SR)   Coulomb (SR)      Potential    Kinetic En.
    5.12161e-01    0.00000e+00    0.00000e+00    5.12161e-01    2.28565e+00
   Total Energy  Conserved En.    Temperature Pressure (bar)
    2.79781e+00    3.63110e+01    1.83267e+02   -5.90702e+00

           Step           Time
          84400       42.20000

   Energies (kJ/mol)
           Bond        LJ (SR)   Coulomb (SR)      Potential    Kinetic En.
    5.16562e-01    0.00000e+00    0.00000e+00    5.16562e-01    4.47832e+00
   Total Energy  Conserved En.    Temperature Pressure (bar)
    4.99488e+00    3.65365e+01    3.59079e+02    6.92571e+00

           Step           Time
          84500       42.25000

   Energies (kJ/mol)
           Bond        LJ (SR)   Coulomb (SR)      Potential    Kinetic En.
    1.86131e-01    0.00000e+00    0.00000e+00    1.86131e-01    3.79187e+00
   Total Energy  Conserved En.    Temperature Pressure (bar)
    3.97801e+00    3.67092e+01    3.04038e+02   -3.12227e+00

           Step           Time
          84600       42.30000

   Energies (kJ/mol)
           Bond        LJ (SR)   Coulomb (SR)      Potential    Kinetic En.
    1.28166e+00    0.00000e+00    0.00000e+00    1.28166e+00    6.17310e+00
   Total Energy  Conserved En.    Temperature Pressure (bar)
    7.45476e+00    3.64953e+01    4.94969e+02    1.06758e+01

           Step           Time
          84700       42.35000

   Energies (kJ/mol)
           Bond        LJ (SR)   Coulomb (SR)      Potential    Kinetic En.
    4.87743e+00    0.00000e+00    0.00000e+00    4.87743e+00    1.03727e+01
   Total Energy  Conserved En.    Temperature Pressure (bar)
    1.52501e+01    3.62409e+01    8.31695e+02   -1.82251e+01

           Step           Time
          84800       42.40000

   Energies (kJ/mol)
           Bond        LJ (SR)   Coulomb (SR)      Potential    Kinetic En.
    5.42934e+00    0.00000e+00    0.00000e+00    5.42934e+00    1.11097e+01
   Total Energy  Conserved En.    Temperature Pressure (bar)
    1.65390e+01    3.65088e+01    8.90793e+02    2.12140e+01

           Step           Time
          84900       42.45000

   Energies (kJ/mol)
           Bond        LJ (SR)   Coulomb (SR)      Potential    Kinetic En.
    7.97744e+00    0.00000e+00    0.00000e+00    7.97744e+00    9.46483e+00
   Total Energy  Conserved En.    Temperature Pressure (bar)
    1.74423e+01    3.63139e+01    7.58905e+02   -2.42664e+01

           Step           Time
          85000       42.50000

   Energies (kJ/mol)
           Bond        LJ (SR)   Coulomb (SR)      Potential    Kinetic En.
    1.78386e+00    0.00000e+00    0.00000e+00    1.78386e+00    6.74999e+00
   Total Energy  Conserved En.    Temperature Pressure (bar)
    8.53385e+00    3.67575e+01    5.41225e+02    1.24557e+01

           Step           Time
          85100       42.55000

   Energies (kJ/mol)
           Bond        LJ (SR)   Coulomb (SR)      Potential    Kinetic En.
    1.33476e+00    0.00000e+00    0.00000e+00    1.33476e+00    5.96868e+00
   Total Energy  Conserved En.    Temperature Pressure (bar)
    7.30344e+00    3.69212e+01    4.78578e+02   -9.22973e+00

           Step           Time
          85200       42.60000

   Energies (kJ/mol)
           Bond        LJ (SR)   Coulomb (SR)      Potential    Kinetic En.
    1.01208e+00    0.00000e+00    0.00000e+00    1.01208e+00    2.51046e+00
   Total Energy  Conserved En.    Temperature Pressure (bar)
    3.52254e+00    3.68511e+01    2.01293e+02    8.99414e+00

           Step           Time
          85300       42.65000

   Energies (kJ/mol)
           Bond        LJ (SR)   Coulomb (SR)      Potential    Kinetic En.
    5.34980e-01    0.00000e+00    0.00000e+00    5.34980e-01    3.79929e+00
   Total Energy  Conserved En.    Temperature Pressure (bar)
    4.33427e+00    3.71459e+01    3.04633e+02   -5.78609e+00

           Step           Time
          85400       42.70000

   Energies (kJ/mol)
           Bond        LJ (SR)   Coulomb (SR)      Potential    Kinetic En.
    1.61417e+00    0.00000e+00    0.00000e+00    1.61417e+00    4.14369e+00
   Total Energy  Conserved En.    Temperature Pressure (bar)
    5.75786e+00    3.70190e+01    3.32248e+02    1.14689e+01

           Step           Time
          85500       42.75000

   Energies (kJ/mol)
           Bond        LJ (SR)   Coulomb (SR)      Potential    Kinetic En.
    1.74849e+00    0.00000e+00    0.00000e+00    1.74849e+00    3.18478e+00
   Total Energy  Conserved En.    Temperature Pressure (bar)
    4.93328e+00    3.70364e+01    2.55361e+02   -1.12327e+01

           Step           Time
          85600       42.80000

   Energies (kJ/mol)
           Bond        LJ (SR)   Coulomb (SR)      Potential    Kinetic En.
    6.87376e+00    0.00000e+00    0.00000e+00    6.87376e+00    5.80013e+00
   Total Energy  Conserved En.    Temperature Pressure (bar)
    1.26739e+01    3.67384e+01    4.65063e+02    2.25784e+01

           Step           Time
          85700       42.85000

   Energies (kJ/mol)
           Bond        LJ (SR)   Coulomb (SR)      Potential    Kinetic En.
    1.23724e+01    0.00000e+00    0.00000e+00    1.23724e+01    1.53949e+00
   Total Energy  Conserved En.    Temperature Pressure (bar)
    1.39119e+01    3.57931e+01    1.23439e+02   -3.24146e+01

           Step           Time
          85800       42.90000

   Energies (kJ/mol)
           Bond        LJ (SR)   Coulomb (SR)      Potential    Kinetic En.
    9.88744e+00    0.00000e+00    0.00000e+00    9.88744e+00    1.62857e+00
   Total Energy  Conserved En.    Temperature Pressure (bar)
    1.15160e+01    3.60682e+01    1.30581e+02    2.58735e+01

           Step           Time
          85900       42.95000

   Energies (kJ/mol)
           Bond        LJ (SR)   Coulomb (SR)      Potential    Kinetic En.
    5.02867e+00    0.00000e+00    0.00000e+00    5.02867e+00    1.08192e-01
   Total Energy  Conserved En.    Temperature Pressure (bar)
    5.13686e+00    3.53216e+01    8.67500e+00   -2.03218e+01

           Step           Time
          86000       43.00000

   Energies (kJ/mol)
           Bond        LJ (SR)   Coulomb (SR)      Potential    Kinetic En.
    5.00859e+00    0.00000e+00    0.00000e+00    5.00859e+00    1.11719e-01
   Total Energy  Conserved En.    Temperature Pressure (bar)
    5.12031e+00    3.54276e+01    8.95781e+00    1.85847e+01

           Step           Time
          86100       43.05000

   Energies (kJ/mol)
           Bond        LJ (SR)   Coulomb (SR)      Potential    Kinetic En.
    2.58305e+00    0.00000e+00    0.00000e+00    2.58305e+00    8.98749e-02
   Total Energy  Conserved En.    Temperature Pressure (bar)
    2.67293e+00    3.52812e+01    7.20631e+00   -1.43859e+01

           Step           Time
          86200       43.10000

   Energies (kJ/mol)
           Bond        LJ (SR)   Coulomb (SR)      Potential    Kinetic En.
    4.07850e-01    0.00000e+00    0.00000e+00    4.07850e-01    8.94872e-03
   Total Energy  Conserved En.    Temperature Pressure (bar)
    4.16799e-01    3.53152e+01    7.17523e-01    5.47603e+00

           Step           Time
          86300       43.15000

   Energies (kJ/mol)
           Bond        LJ (SR)   Coulomb (SR)      Potential    Kinetic En.
    1.12868e+00    0.00000e+00    0.00000e+00    1.12868e+00    8.41143e-02
   Total Energy  Conserved En.    Temperature Pressure (bar)
    1.21279e+00    3.53939e+01    6.74441e+00   -9.40510e+00

           Step           Time
          86400       43.20000

   Energies (kJ/mol)
           Bond        LJ (SR)   Coulomb (SR)      Potential    Kinetic En.
    3.82423e-01    0.00000e+00    0.00000e+00    3.82423e-01    5.48584e-01
   Total Energy  Conserved En.    Temperature Pressure (bar)
    9.31007e-01    3.56087e+01    4.39863e+01    5.39814e+00

           Step           Time
          86500       43.25000

   Energies (kJ/mol)
           Bond        LJ (SR)   Coulomb (SR)      Potential    Kinetic En.
    7.18920e-02    0.00000e+00    0.00000e+00    7.18920e-02    1.03025e+00
   Total Energy  Conserved En.    Temperature Pressure (bar)
    1.10214e+00    3.58993e+01    8.26069e+01    2.49383e+00

           Step           Time
          86600       43.30000

   Energies (kJ/mol)
           Bond        LJ (SR)   Coulomb (SR)      Potential    Kinetic En.
    6.86691e-01    0.00000e+00    0.00000e+00    6.86691e-01    4.08226e+00
   Total Energy  Conserved En.    Temperature Pressure (bar)
    4.76895e+00    3.62198e+01    3.27322e+02   -6.60770e+00

           Step           Time
          86700       43.35000

   Energies (kJ/mol)
           Bond        LJ (SR)   Coulomb (SR)      Potential    Kinetic En.
    2.31476e-01    0.00000e+00    0.00000e+00    2.31476e-01    3.87240e+00
   Total Energy  Conserved En.    Temperature Pressure (bar)
    4.10388e+00    3.62350e+01    3.10495e+02    4.80719e+00

           Step           Time
          86800       43.40000

   Energies (kJ/mol)
           Bond        LJ (SR)   Coulomb (SR)      Potential    Kinetic En.
    2.99904e-01    0.00000e+00    0.00000e+00    2.99904e-01    6.91501e+00
   Total Energy  Conserved En.    Temperature Pressure (bar)
    7.21491e+00    3.63076e+01    5.54456e+02   -3.61071e+00

           Step           Time
          86900       43.45000

   Energies (kJ/mol)
           Bond        LJ (SR)   Coulomb (SR)      Potential    Kinetic En.
    3.37826e-02    0.00000e+00    0.00000e+00    3.37826e-02    6.14035e+00
   Total Energy  Conserved En.    Temperature Pressure (bar)
    6.17413e+00    3.61798e+01    4.92343e+02    2.65215e+00

           Step           Time
          87000       43.50000

   Energies (kJ/mol)
           Bond        LJ (SR)   Coulomb (SR)      Potential    Kinetic En.
    2.08548e-02    0.00000e+00    0.00000e+00    2.08548e-02    1.05285e+01
   Total Energy  Conserved En.    Temperature Pressure (bar)
    1.05494e+01    3.62924e+01    8.44193e+02    5.63656e-01

           Step           Time
          87100       43.55000

   Energies (kJ/mol)
           Bond        LJ (SR)   Coulomb (SR)      Potential    Kinetic En.
    6.63619e-02    0.00000e+00    0.00000e+00    6.63619e-02    1.02161e+01
   Total Energy  Conserved En.    Temperature Pressure (bar)
    1.02824e+01    3.65531e+01    8.19141e+02    3.99235e+00

           Step           Time
          87200       43.60000

   Energies (kJ/mol)
           Bond        LJ (SR)   Coulomb (SR)      Potential    Kinetic En.
    5.73691e-01    0.00000e+00    0.00000e+00    5.73691e-01    7.41494e+00
   Total Energy  Conserved En.    Temperature Pressure (bar)
    7.98863e+00    3.71726e+01    5.94541e+02   -5.39313e+00

           Step           Time
          87300       43.65000

   Energies (kJ/mol)
           Bond        LJ (SR)   Coulomb (SR)      Potential    Kinetic En.
    8.13298e-01    0.00000e+00    0.00000e+00    8.13298e-01    7.03511e+00
   Total Energy  Conserved En.    Temperature Pressure (bar)
    7.84840e+00    3.74720e+01    5.64086e+02    8.90651e+00

           Step           Time
          87400       43.70000

   Energies (kJ/mol)
           Bond        LJ (SR)   Coulomb (SR)      Potential    Kinetic En.
    2.35342e-01    0.00000e+00    0.00000e+00    2.35342e-01    6.77735e+00
   Total Energy  Conserved En.    Temperature Pressure (bar)
    7.01269e+00    3.72780e+01    5.43419e+02   -3.08056e+00

           Step           Time
          87500       43.75000

   Energies (kJ/mol)
           Bond        LJ (SR)   Coulomb (SR)      Potential    Kinetic En.
    2.99974e-01    0.00000e+00    0.00000e+00    2.99974e-01    7.55205e+00
   Total Energy  Conserved En.    Temperature Pressure (bar)
    7.85202e+00    3.74552e+01    6.05535e+02    6.00991e+00

           Step           Time
          87600       43.80000

   Energies (kJ/mol)
           Bond        LJ (SR)   Coulomb (SR)      Potential    Kinetic En.
    1.61081e-02    0.00000e+00    0.00000e+00    1.61081e-02    7.91344e+00
   Total Energy  Conserved En.    Temperature Pressure (bar)
    7.92955e+00    3.72463e+01    6.34512e+02    2.64037e-01

           Step           Time
          87700       43.85000

   Energies (kJ/mol)
           Bond        LJ (SR)   Coulomb (SR)      Potential    Kinetic En.
    3.31215e-03    0.00000e+00    0.00000e+00    3.31215e-03    3.82368e+00
   Total Energy  Conserved En.    Temperature Pressure (bar)
    3.82699e+00    3.73649e+01    3.06588e+02    1.16052e+00

           Step           Time
          87800       43.90000

   Energies (kJ/mol)
           Bond        LJ (SR)   Coulomb (SR)      Potential    Kinetic En.
    3.87848e-01    0.00000e+00    0.00000e+00    3.87848e-01    5.19735e+00
   Total Energy  Conserved En.    Temperature Pressure (bar)
    5.58520e+00    3.71863e+01    4.16732e+02    6.23926e+00

           Step           Time
          87900       43.95000

   Energies (kJ/mol)
           Bond        LJ (SR)   Coulomb (SR)      Potential    Kinetic En.
    4.14248e+00    0.00000e+00    0.00000e+00    4.14248e+00    8.94852e+00
   Total Energy  Conserved En.    Temperature Pressure (bar)
    1.30910e+01    3.67055e+01    7.17507e+02   -1.68406e+01

           Step           Time
          88000       44.00000

   Energies (kJ/mol)
           Bond        LJ (SR)   Coulomb (SR)      Potential    Kinetic En.
    2.65684e+00    0.00000e+00    0.00000e+00    2.65684e+00    7.01906e+00
   Total Energy  Conserved En.    Temperature Pressure (bar)
    9.67589e+00    3.69409e+01    5.62799e+02    1.49071e+01

           Step           Time
          88100       44.05000

   Energies (kJ/mol)
           Bond        LJ (SR)   Coulomb (SR)      Potential    Kinetic En.
    6.44362e+00    0.00000e+00    0.00000e+00    6.44362e+00    6.23813e+00
   Total Energy  Conserved En.    Temperature Pressure (bar)
    1.26817e+01    3.65562e+01    5.00183e+02   -2.20759e+01

           Step           Time
          88200       44.10000

   Energies (kJ/mol)
           Bond        LJ (SR)   Coulomb (SR)      Potential    Kinetic En.
    3.43628e+00    0.00000e+00    0.00000e+00    3.43628e+00    6.37378e+00
   Total Energy  Conserved En.    Temperature Pressure (bar)
    9.81006e+00    3.70465e+01    5.11060e+02    1.66034e+01

           Step           Time
          88300       44.15000

   Energies (kJ/mol)
           Bond        LJ (SR)   Coulomb (SR)      Potential    Kinetic En.
    4.60038e+00    0.00000e+00    0.00000e+00    4.60038e+00    7.18204e+00
   Total Energy  Conserved En.    Temperature Pressure (bar)
    1.17824e+01    3.71911e+01    5.75867e+02   -1.81765e+01

           Step           Time
          88400       44.20000

   Energies (kJ/mol)
           Bond        LJ (SR)   Coulomb (SR)      Potential    Kinetic En.
    6.47266e+00    0.00000e+00    0.00000e+00    6.47266e+00    5.82834e+00
   Total Energy  Conserved En.    Temperature Pressure (bar)
    1.23010e+01    3.70194e+01    4.67325e+02    2.19785e+01

           Step           Time
          88500       44.25000

   Energies (kJ/mol)
           Bond        LJ (SR)   Coulomb (SR)      Potential    Kinetic En.
    5.45583e+00    0.00000e+00    0.00000e+00    5.45583e+00    1.15973e+01
   Total Energy  Conserved En.    Temperature Pressure (bar)
    1.70531e+01    3.81714e+01    9.29887e+02   -1.92185e+01

           Step           Time
          88600       44.30000

   Energies (kJ/mol)
           Bond        LJ (SR)   Coulomb (SR)      Potential    Kinetic En.
    3.07705e+00    0.00000e+00    0.00000e+00    3.07705e+00    8.98218e+00
   Total Energy  Conserved En.    Temperature Pressure (bar)
    1.20592e+01    3.84943e+01    7.20205e+02    1.62522e+01

           Step           Time
          88700       44.35000

   Energies (kJ/mol)
           Bond        LJ (SR)   Coulomb (SR)      Potential    Kinetic En.
    6.93553e-01    0.00000e+00    0.00000e+00    6.93553e-01    9.33706e+00
   Total Energy  Conserved En.    Temperature Pressure (bar)
    1.00306e+01    3.91855e+01    7.48660e+02   -5.73582e+00

           Step           Time
          88800       44.40000

   Energies (kJ/mol)
           Bond        LJ (SR)   Coulomb (SR)      Potential    Kinetic En.
    1.73203e+00    0.00000e+00    0.00000e+00    1.73203e+00    1.17507e+01
   Total Energy  Conserved En.    Temperature Pressure (bar)
    1.34827e+01    3.90861e+01    9.42189e+02    1.31599e+01

           Step           Time
          88900       44.45000

   Energies (kJ/mol)
           Bond        LJ (SR)   Coulomb (SR)      Potential    Kinetic En.
    1.61534e+00    0.00000e+00    0.00000e+00    1.61534e+00    1.27289e+01
   Total Energy  Conserved En.    Temperature Pressure (bar)
    1.43442e+01    3.94117e+01    1.02062e+03   -9.11302e+00

           Step           Time
          89000       44.50000

   Energies (kJ/mol)
           Bond        LJ (SR)   Coulomb (SR)      Potential    Kinetic En.
    2.24273e-01    0.00000e+00    0.00000e+00    2.24273e-01    8.21867e+00
   Total Energy  Conserved En.    Temperature Pressure (bar)
    8.44294e+00    4.06590e+01    6.58986e+02   -2.72909e+00

           Step           Time
          89100       44.55000

   Energies (kJ/mol)
           Bond        LJ (SR)   Coulomb (SR)      Potential    Kinetic En.
    9.44573e-02    0.00000e+00    0.00000e+00    9.44573e-02    4.33049e+00
   Total Energy  Conserved En.    Temperature Pressure (bar)
    4.42495e+00    4.02665e+01    3.47226e+02   -1.93581e+00

           Step           Time
          89200       44.60000

   Energies (kJ/mol)
           Bond        LJ (SR)   Coulomb (SR)      Potential    Kinetic En.
    1.94864e+00    0.00000e+00    0.00000e+00    1.94864e+00    1.83835e+00
   Total Energy  Conserved En.    Temperature Pressure (bar)
    3.78699e+00    3.95629e+01    1.47402e+02    1.21014e+01

           Step           Time
          89300       44.65000

   Energies (kJ/mol)
           Bond        LJ (SR)   Coulomb (SR)      Potential    Kinetic En.
    3.16070e+00    0.00000e+00    0.00000e+00    3.16070e+00    4.42273e+00
   Total Energy  Conserved En.    Temperature Pressure (bar)
    7.58343e+00    3.99131e+01    3.54621e+02   -1.52181e+01

           Step           Time
          89400       44.70000

   Energies (kJ/mol)
           Bond        LJ (SR)   Coulomb (SR)      Potential    Kinetic En.
    5.49060e-01    0.00000e+00    0.00000e+00    5.49060e-01    4.79796e+00
   Total Energy  Conserved En.    Temperature Pressure (bar)
    5.34702e+00    4.05558e+01    3.84708e+02    7.16869e+00

           Step           Time
          89500       44.75000

   Energies (kJ/mol)
           Bond        LJ (SR)   Coulomb (SR)      Potential    Kinetic En.
    2.29145e-01    0.00000e+00    0.00000e+00    2.29145e-01    3.38444e+00
   Total Energy  Conserved En.    Temperature Pressure (bar)
    3.61359e+00    4.10272e+01    2.71370e+02    4.70210e+00

           Step           Time
          89600       44.80000

   Energies (kJ/mol)
           Bond        LJ (SR)   Coulomb (SR)      Potential    Kinetic En.
    1.16345e-02    0.00000e+00    0.00000e+00    1.16345e-02    8.58804e-01
   Total Energy  Conserved En.    Temperature Pressure (bar)
    8.70438e-01    4.09425e+01    6.88602e+01    1.08308e+00

           Step           Time
          89700       44.85000

   Energies (kJ/mol)
           Bond        LJ (SR)   Coulomb (SR)      Potential    Kinetic En.
    4.79514e-01    0.00000e+00    0.00000e+00    4.79514e-01    1.73569e+00
   Total Energy  Conserved En.    Temperature Pressure (bar)
    2.21521e+00    4.08220e+01    1.39171e+02   -5.79521e+00

           Step           Time
          89800       44.90000

   Energies (kJ/mol)
           Bond        LJ (SR)   Coulomb (SR)      Potential    Kinetic En.
    9.29059e-02    0.00000e+00    0.00000e+00    9.29059e-02    3.84430e+00
   Total Energy  Conserved En.    Temperature Pressure (bar)
    3.93720e+00    4.13924e+01    3.08242e+02   -1.99763e+00

           Step           Time
          89900       44.95000

   Energies (kJ/mol)
           Bond        LJ (SR)   Coulomb (SR)      Potential    Kinetic En.
    2.69501e-01    0.00000e+00    0.00000e+00    2.69501e-01    2.96427e+00
   Total Energy  Conserved En.    Temperature Pressure (bar)
    3.23377e+00    4.16505e+01    2.37680e+02    4.97360e+00

           Step           Time
          90000       45.00000

   Energies (kJ/mol)
           Bond        LJ (SR)   Coulomb (SR)      Potential    Kinetic En.
    9.31330e-01    0.00000e+00    0.00000e+00    9.31330e-01    5.53649e+00
   Total Energy  Conserved En.    Temperature Pressure (bar)
    6.46782e+00    4.19276e+01    4.43924e+02   -7.58270e+00

           Step           Time
          90100       45.05000

   Energies (kJ/mol)
           Bond        LJ (SR)   Coulomb (SR)      Potential    Kinetic En.
    1.67488e-03    0.00000e+00    0.00000e+00    1.67488e-03    4.85847e+00
   Total Energy  Conserved En.    Temperature Pressure (bar)
    4.86014e+00    4.15253e+01    3.89559e+02    1.19543e+00

           Step           Time
          90200       45.10000

   Energies (kJ/mol)
           Bond        LJ (SR)   Coulomb (SR)      Potential    Kinetic En.
    1.17156e-04    0.00000e+00    0.00000e+00    1.17156e-04    7.09246e+00
   Total Energy  Conserved En.    Temperature Pressure (bar)
    7.09257e+00    4.16408e+01    5.68684e+02    1.32076e+00

           Step           Time
          90300       45.15000

   Energies (kJ/mol)
           Bond        LJ (SR)   Coulomb (SR)      Potential    Kinetic En.
    9.57345e-02    0.00000e+00    0.00000e+00    9.57345e-02    7.41996e+00
   Total Energy  Conserved En.    Temperature Pressure (bar)
    7.51569e+00    4.20275e+01    5.94944e+02    3.95340e+00

           Step           Time
          90400       45.20000

   Energies (kJ/mol)
           Bond        LJ (SR)   Coulomb (SR)      Potential    Kinetic En.
    6.79398e-01    0.00000e+00    0.00000e+00    6.79398e-01    5.62828e+00
   Total Energy  Conserved En.    Temperature Pressure (bar)
    6.30768e+00    4.25364e+01    4.51285e+02   -6.30074e+00

           Step           Time
          90500       45.25000

   Energies (kJ/mol)
           Bond        LJ (SR)   Coulomb (SR)      Potential    Kinetic En.
    7.08238e-01    0.00000e+00    0.00000e+00    7.08238e-01    3.72132e+00
   Total Energy  Conserved En.    Temperature Pressure (bar)
    4.42956e+00    4.27954e+01    2.98381e+02    7.82825e+00

           Step           Time
          90600       45.30000

   Energies (kJ/mol)
           Bond        LJ (SR)   Coulomb (SR)      Potential    Kinetic En.
    1.26241e-01    0.00000e+00    0.00000e+00    1.26241e-01    1.81659e+00
   Total Energy  Conserved En.    Temperature Pressure (bar)
    1.94283e+00    4.27561e+01    1.45657e+02   -2.79262e+00

           Step           Time
          90700       45.35000

   Energies (kJ/mol)
           Bond        LJ (SR)   Coulomb (SR)      Potential    Kinetic En.
    3.22742e+00    0.00000e+00    0.00000e+00    3.22742e+00    6.79369e+00
   Total Energy  Conserved En.    Temperature Pressure (bar)
    1.00211e+01    4.33094e+01    5.44728e+02    1.62153e+01

           Step           Time
          90800       45.40000

   Energies (kJ/mol)
           Bond        LJ (SR)   Coulomb (SR)      Potential    Kinetic En.
    1.69821e-01    0.00000e+00    0.00000e+00    1.69821e-01    3.40907e+00
   Total Energy  Conserved En.    Temperature Pressure (bar)
    3.57889e+00    4.24281e+01    2.73344e+02   -3.01776e+00

           Step           Time
          90900       45.45000

   Energies (kJ/mol)
           Bond        LJ (SR)   Coulomb (SR)      Potential    Kinetic En.
    1.99609e-01    0.00000e+00    0.00000e+00    1.99609e-01    5.36623e+00
   Total Energy  Conserved En.    Temperature Pressure (bar)
    5.56584e+00    4.24997e+01    4.30273e+02    4.77290e+00

           Step           Time
          91000       45.50000

   Energies (kJ/mol)
           Bond        LJ (SR)   Coulomb (SR)      Potential    Kinetic En.
    2.50796e-01    0.00000e+00    0.00000e+00    2.50796e-01    5.85576e+00
   Total Energy  Conserved En.    Temperature Pressure (bar)
    6.10655e+00    4.26459e+01    4.69524e+02   -3.37874e+00

           Step           Time
          91100       45.55000

   Energies (kJ/mol)
           Bond        LJ (SR)   Coulomb (SR)      Potential    Kinetic En.
    6.43889e-01    0.00000e+00    0.00000e+00    6.43889e-01    3.23420e+00
   Total Energy  Conserved En.    Temperature Pressure (bar)
    3.87809e+00    4.31173e+01    2.59323e+02    7.41527e+00

           Step           Time
          91200       45.60000

   Energies (kJ/mol)
           Bond        LJ (SR)   Coulomb (SR)      Potential    Kinetic En.
    1.85565e-01    0.00000e+00    0.00000e+00    1.85565e-01    4.58680e+00
   Total Energy  Conserved En.    Temperature Pressure (bar)
    4.77236e+00    4.30094e+01    3.67777e+02   -2.97897e+00

           Step           Time
          91300       45.65000

   Energies (kJ/mol)
           Bond        LJ (SR)   Coulomb (SR)      Potential    Kinetic En.
    1.15828e+00    0.00000e+00    0.00000e+00    1.15828e+00    1.67830e+00
   Total Energy  Conserved En.    Temperature Pressure (bar)
    2.83658e+00    4.36376e+01    1.34569e+02    9.43453e+00

           Step           Time
          91400       45.70000

   Energies (kJ/mol)
           Bond        LJ (SR)   Coulomb (SR)      Potential    Kinetic En.
    5.96233e-01    0.00000e+00    0.00000e+00    5.96233e-01    4.52983e+00
   Total Energy  Conserved En.    Temperature Pressure (bar)
    5.12606e+00    4.33269e+01    3.63209e+02   -6.02404e+00

           Step           Time
          91500       45.75000

   Energies (kJ/mol)
           Bond        LJ (SR)   Coulomb (SR)      Potential    Kinetic En.
    3.87117e-01    0.00000e+00    0.00000e+00    3.87117e-01    3.67155e+00
   Total Energy  Conserved En.    Temperature Pressure (bar)
    4.05867e+00    4.33771e+01    2.94391e+02    5.97037e+00

           Step           Time
          91600       45.80000

   Energies (kJ/mol)
           Bond        LJ (SR)   Coulomb (SR)      Potential    Kinetic En.
    4.07438e-01    0.00000e+00    0.00000e+00    4.07438e-01    9.47534e+00
   Total Energy  Conserved En.    Temperature Pressure (bar)
    9.88278e+00    4.33777e+01    7.59748e+02   -3.97372e+00

           Step           Time
          91700       45.85000

   Energies (kJ/mol)
           Bond        LJ (SR)   Coulomb (SR)      Potential    Kinetic En.
    1.52640e-01    0.00000e+00    0.00000e+00    1.52640e-01    1.27692e+01
   Total Energy  Conserved En.    Temperature Pressure (bar)
    1.29219e+01    4.32960e+01    1.02386e+03    5.57458e+00

           Step           Time
          91800       45.90000

   Energies (kJ/mol)
           Bond        LJ (SR)   Coulomb (SR)      Potential    Kinetic En.
    6.77809e-02    0.00000e+00    0.00000e+00    6.77809e-02    8.09259e+00
   Total Energy  Conserved En.    Temperature Pressure (bar)
    8.16037e+00    4.29039e+01    6.48877e+02    3.64859e+00

           Step           Time
          91900       45.95000

   Energies (kJ/mol)
           Bond        LJ (SR)   Coulomb (SR)      Potential    Kinetic En.
    3.48607e-02    0.00000e+00    0.00000e+00    3.48607e-02    3.84813e+00
   Total Energy  Conserved En.    Temperature Pressure (bar)
    3.88299e+00    4.30729e+01    3.08549e+02   -9.61553e-01

           Step           Time
          92000       46.00000

   Energies (kJ/mol)
           Bond        LJ (SR)   Coulomb (SR)      Potential    Kinetic En.
    1.61417e+00    0.00000e+00    0.00000e+00    1.61417e+00    4.35317e+00
   Total Energy  Conserved En.    Temperature Pressure (bar)
    5.96734e+00    4.24883e+01    3.49044e+02    1.15051e+01

           Step           Time
          92100       46.05000

   Energies (kJ/mol)
           Bond        LJ (SR)   Coulomb (SR)      Potential    Kinetic En.
    2.43498e+00    0.00000e+00    0.00000e+00    2.43498e+00    3.49509e+00
   Total Energy  Conserved En.    Temperature Pressure (bar)
    5.93008e+00    4.24306e+01    2.80242e+02   -1.33655e+01

           Step           Time
          92200       46.10000

   Energies (kJ/mol)
           Bond        LJ (SR)   Coulomb (SR)      Potential    Kinetic En.
    7.76002e-01    0.00000e+00    0.00000e+00    7.76002e-01    3.77120e+00
   Total Energy  Conserved En.    Temperature Pressure (bar)
    4.54720e+00    4.27061e+01    3.02381e+02    8.16675e+00

           Step           Time
          92300       46.15000

   Energies (kJ/mol)
           Bond        LJ (SR)   Coulomb (SR)      Potential    Kinetic En.
    1.29665e+00    0.00000e+00    0.00000e+00    1.29665e+00    2.24353e+00
   Total Energy  Conserved En.    Temperature Pressure (bar)
    3.54018e+00    4.25597e+01    1.79890e+02   -9.72324e+00

           Step           Time
          92400       46.20000

   Energies (kJ/mol)
           Bond        LJ (SR)   Coulomb (SR)      Potential    Kinetic En.
    5.78822e-01    0.00000e+00    0.00000e+00    5.78822e-01    2.26725e+00
   Total Energy  Conserved En.    Temperature Pressure (bar)
    2.84607e+00    4.27242e+01    1.81791e+02    6.89786e+00

           Step           Time
          92500       46.25000

   Energies (kJ/mol)
           Bond        LJ (SR)   Coulomb (SR)      Potential    Kinetic En.
    1.19669e+00    0.00000e+00    0.00000e+00    1.19669e+00    2.35427e+00
   Total Energy  Conserved En.    Temperature Pressure (bar)
    3.55096e+00    4.27103e+01    1.88769e+02   -9.29802e+00

           Step           Time
          92600       46.30000

   Energies (kJ/mol)
           Bond        LJ (SR)   Coulomb (SR)      Potential    Kinetic En.
    1.25721e+00    0.00000e+00    0.00000e+00    1.25721e+00    3.43871e+00
   Total Energy  Conserved En.    Temperature Pressure (bar)
    4.69592e+00    4.28969e+01    2.75721e+02    1.01128e+01

           Step           Time
          92700       46.35000

   Energies (kJ/mol)
           Bond        LJ (SR)   Coulomb (SR)      Potential    Kinetic En.
    2.98693e+00    0.00000e+00    0.00000e+00    2.98693e+00    2.65909e+00
   Total Energy  Conserved En.    Temperature Pressure (bar)
    5.64602e+00    4.26177e+01    2.13210e+02   -1.50628e+01

           Step           Time
          92800       46.40000

   Energies (kJ/mol)
           Bond        LJ (SR)   Coulomb (SR)      Potential    Kinetic En.
    9.90674e+00    0.00000e+00    0.00000e+00    9.90674e+00    1.67708e+00
   Total Energy  Conserved En.    Temperature Pressure (bar)
    1.15838e+01    4.22352e+01    1.34471e+02    2.59052e+01

           Step           Time
          92900       46.45000

   Energies (kJ/mol)
           Bond        LJ (SR)   Coulomb (SR)      Potential    Kinetic En.
    7.35996e+00    0.00000e+00    0.00000e+00    7.35996e+00    7.85782e-01
   Total Energy  Conserved En.    Temperature Pressure (bar)
    8.14574e+00    4.20736e+01    6.30052e+01   -2.46926e+01

           Step           Time
          93000       46.50000

   Energies (kJ/mol)
           Bond        LJ (SR)   Coulomb (SR)      Potential    Kinetic En.
    4.17819e+00    0.00000e+00    0.00000e+00    4.17819e+00    1.13305e-01
   Total Energy  Conserved En.    Temperature Pressure (bar)
    4.29149e+00    4.17344e+01    9.08497e+00    1.70448e+01

           Step           Time
          93100       46.55000

   Energies (kJ/mol)
           Bond        LJ (SR)   Coulomb (SR)      Potential    Kinetic En.
    2.75073e+00    0.00000e+00    0.00000e+00    2.75073e+00    1.53043e-01
   Total Energy  Conserved En.    Temperature Pressure (bar)
    2.90377e+00    4.18992e+01    1.22712e+01   -1.48499e+01

           Step           Time
          93200       46.60000

   Energies (kJ/mol)
           Bond        LJ (SR)   Coulomb (SR)      Potential    Kinetic En.
    4.50408e+00    0.00000e+00    0.00000e+00    4.50408e+00    7.84564e-01
   Total Energy  Conserved En.    Temperature Pressure (bar)
    5.28864e+00    4.22172e+01    6.29076e+01    1.77837e+01

           Step           Time
          93300       46.65000

   Energies (kJ/mol)
           Bond        LJ (SR)   Coulomb (SR)      Potential    Kinetic En.
    6.07496e+00    0.00000e+00    0.00000e+00    6.07496e+00    7.94774e-01
   Total Energy  Conserved En.    Temperature Pressure (bar)
    6.86973e+00    4.22898e+01    6.37262e+01   -2.23139e+01

           Step           Time
          93400       46.70000

   Energies (kJ/mol)
           Bond        LJ (SR)   Coulomb (SR)      Potential    Kinetic En.
    1.18188e+01    0.00000e+00    0.00000e+00    1.18188e+01    2.78930e-01
   Total Energy  Conserved En.    Temperature Pressure (bar)
    1.20977e+01    4.19620e+01    2.23651e+01    2.78536e+01

           Step           Time
          93500       46.75000

   Energies (kJ/mol)
           Bond        LJ (SR)   Coulomb (SR)      Potential    Kinetic En.
    2.18389e+01    0.00000e+00    0.00000e+00    2.18389e+01    4.42081e-01
   Total Energy  Conserved En.    Temperature Pressure (bar)
    2.22810e+01    4.20018e+01    3.54467e+01   -4.42770e+01

           Step           Time
          93600       46.80000

   Energies (kJ/mol)
           Bond        LJ (SR)   Coulomb (SR)      Potential    Kinetic En.
    1.81684e+01    0.00000e+00    0.00000e+00    1.81684e+01    3.67150e-01
   Total Energy  Conserved En.    Temperature Pressure (bar)
    1.85356e+01    4.24779e+01    2.94386e+01    3.39303e+01

           Step           Time
          93700       46.85000

   Energies (kJ/mol)
           Bond        LJ (SR)   Coulomb (SR)      Potential    Kinetic En.
    1.71082e+01    0.00000e+00    0.00000e+00    1.71082e+01    4.62578e-01
   Total Energy  Conserved En.    Temperature Pressure (bar)
    1.75708e+01    4.22209e+01    3.70903e+01   -3.87926e+01

           Step           Time
          93800       46.90000

   Energies (kJ/mol)
           Bond        LJ (SR)   Coulomb (SR)      Potential    Kinetic En.
    2.31509e+01    0.00000e+00    0.00000e+00    2.31509e+01    4.69797e-01
   Total Energy  Conserved En.    Temperature Pressure (bar)
    2.36207e+01    4.34039e+01    3.76691e+01    3.78538e+01

           Step           Time
          93900       46.95000

   Energies (kJ/mol)
           Bond        LJ (SR)   Coulomb (SR)      Potential    Kinetic En.
    1.71284e+01    0.00000e+00    0.00000e+00    1.71284e+01    5.62910e-01
   Total Energy  Conserved En.    Temperature Pressure (bar)
    1.76913e+01    4.41473e+01    4.51350e+01   -3.87999e+01

           Step           Time
          94000       47.00000

   Energies (kJ/mol)
           Bond        LJ (SR)   Coulomb (SR)      Potential    Kinetic En.
    1.20110e+01    0.00000e+00    0.00000e+00    1.20110e+01    1.19802e+00
   Total Energy  Conserved En.    Temperature Pressure (bar)
    1.32090e+01    4.49020e+01    9.60593e+01    2.82211e+01

           Step           Time
          94100       47.05000

   Energies (kJ/mol)
           Bond        LJ (SR)   Coulomb (SR)      Potential    Kinetic En.
    1.29205e+01    0.00000e+00    0.00000e+00    1.29205e+01    3.88868e-01
   Total Energy  Conserved En.    Temperature Pressure (bar)
    1.33094e+01    4.45395e+01    3.11800e+01   -3.33776e+01

           Step           Time
          94200       47.10000

   Energies (kJ/mol)
           Bond        LJ (SR)   Coulomb (SR)      Potential    Kinetic En.
    8.85919e+00    0.00000e+00    0.00000e+00    8.85919e+00    6.43762e-01
   Total Energy  Conserved En.    Temperature Pressure (bar)
    9.50295e+00    4.49501e+01    5.16179e+01    2.44224e+01

           Step           Time
          94300       47.15000

   Energies (kJ/mol)
           Bond        LJ (SR)   Coulomb (SR)      Potential    Kinetic En.
    8.57795e+00    0.00000e+00    0.00000e+00    8.57795e+00    3.60986e-01
   Total Energy  Conserved En.    Temperature Pressure (bar)
    8.93894e+00    4.49801e+01    2.89444e+01   -2.68513e+01

           Step           Time
          94400       47.20000

   Energies (kJ/mol)
           Bond        LJ (SR)   Coulomb (SR)      Potential    Kinetic En.
    1.48932e+01    0.00000e+00    0.00000e+00    1.48932e+01    3.27085e-01
   Total Energy  Conserved En.    Temperature Pressure (bar)
    1.52203e+01    4.50524e+01    2.62262e+01    3.09884e+01

           Step           Time
          94500       47.25000

   Energies (kJ/mol)
           Bond        LJ (SR)   Coulomb (SR)      Potential    Kinetic En.
    1.00909e+01    0.00000e+00    0.00000e+00    1.00909e+01    3.97274e-01
   Total Energy  Conserved En.    Temperature Pressure (bar)
    1.04882e+01    4.44851e+01    3.18540e+01   -2.92584e+01

           Step           Time
          94600       47.30000

   Energies (kJ/mol)
           Bond        LJ (SR)   Coulomb (SR)      Potential    Kinetic En.
    7.84865e+00    0.00000e+00    0.00000e+00    7.84865e+00    3.74124e-01
   Total Energy  Conserved En.    Temperature Pressure (bar)
    8.22278e+00    4.54176e+01    2.99979e+01    2.30320e+01

           Step           Time
          94700       47.35000

   Energies (kJ/mol)
           Bond        LJ (SR)   Coulomb (SR)      Potential    Kinetic En.
    3.67036e+00    0.00000e+00    0.00000e+00    3.67036e+00    2.43654e-01
   Total Energy  Conserved En.    Temperature Pressure (bar)
    3.91401e+00    4.54407e+01    1.95366e+01   -1.72271e+01

           Step           Time
          94800       47.40000

   Energies (kJ/mol)
           Bond        LJ (SR)   Coulomb (SR)      Potential    Kinetic En.
    5.56700e+00    0.00000e+00    0.00000e+00    5.56700e+00    1.14861e-01
   Total Energy  Conserved En.    Temperature Pressure (bar)
    5.68186e+00    4.53577e+01    9.20971e+00    1.95433e+01

           Step           Time
          94900       47.45000

   Energies (kJ/mol)
           Bond        LJ (SR)   Coulomb (SR)      Potential    Kinetic En.
    6.83540e+00    0.00000e+00    0.00000e+00    6.83540e+00    2.89146e-01
   Total Energy  Conserved En.    Temperature Pressure (bar)
    7.12454e+00    4.57564e+01    2.31842e+01   -2.38328e+01

           Step           Time
          95000       47.50000

   Energies (kJ/mol)
           Bond        LJ (SR)   Coulomb (SR)      Potential    Kinetic En.
    7.57445e+00    0.00000e+00    0.00000e+00    7.57445e+00    1.56370e-01
   Total Energy  Conserved En.    Temperature Pressure (bar)
    7.73082e+00    4.55735e+01    1.25380e+01    2.26131e+01

           Step           Time
          95100       47.55000

   Energies (kJ/mol)
           Bond        LJ (SR)   Coulomb (SR)      Potential    Kinetic En.
    4.46053e+00    0.00000e+00    0.00000e+00    4.46053e+00    1.88358e-01
   Total Energy  Conserved En.    Temperature Pressure (bar)
    4.64889e+00    4.53362e+01    1.51029e+01   -1.90768e+01

           Step           Time
          95200       47.60000

   Energies (kJ/mol)
           Bond        LJ (SR)   Coulomb (SR)      Potential    Kinetic En.
    6.15000e+00    0.00000e+00    0.00000e+00    6.15000e+00    1.08688e+00
   Total Energy  Conserved En.    Temperature Pressure (bar)
    7.23688e+00    4.51921e+01    8.71475e+01    2.06566e+01

           Step           Time
          95300       47.65000

   Energies (kJ/mol)
           Bond        LJ (SR)   Coulomb (SR)      Potential    Kinetic En.
    8.53896e+00    0.00000e+00    0.00000e+00    8.53896e+00    1.48133e+00
   Total Energy  Conserved En.    Temperature Pressure (bar)
    1.00203e+01    4.56015e+01    1.18776e+02   -2.65928e+01

           Step           Time
          95400       47.70000

   Energies (kJ/mol)
           Bond        LJ (SR)   Coulomb (SR)      Potential    Kinetic En.
    1.34233e+01    0.00000e+00    0.00000e+00    1.34233e+01    1.55358e+00
   Total Energy  Conserved En.    Temperature Pressure (bar)
    1.49769e+01    4.63288e+01    1.24569e+02    2.97584e+01

           Step           Time
          95500       47.75000

   Energies (kJ/mol)
           Bond        LJ (SR)   Coulomb (SR)      Potential    Kinetic En.
    8.37409e+00    0.00000e+00    0.00000e+00    8.37409e+00    1.92083e+00
   Total Energy  Conserved En.    Temperature Pressure (bar)
    1.02949e+01    4.58101e+01    1.54015e+02   -2.62422e+01

           Step           Time
          95600       47.80000

   Energies (kJ/mol)
           Bond        LJ (SR)   Coulomb (SR)      Potential    Kinetic En.
    1.13876e+01    0.00000e+00    0.00000e+00    1.13876e+01    5.02672e+00
   Total Energy  Conserved En.    Temperature Pressure (bar)
    1.64143e+01    4.56787e+01    4.03051e+02    2.81999e+01

           Step           Time
          95700       47.85000

   Energies (kJ/mol)
           Bond        LJ (SR)   Coulomb (SR)      Potential    Kinetic En.
    7.62821e+00    0.00000e+00    0.00000e+00    7.62821e+00    2.25100e+00
   Total Energy  Conserved En.    Temperature Pressure (bar)
    9.87921e+00    4.60997e+01    1.80489e+02   -2.49110e+01

           Step           Time
          95800       47.90000

   Energies (kJ/mol)
           Bond        LJ (SR)   Coulomb (SR)      Potential    Kinetic En.
    8.56181e+00    0.00000e+00    0.00000e+00    8.56181e+00    2.42263e+00
   Total Energy  Conserved En.    Temperature Pressure (bar)
    1.09844e+01    4.63308e+01    1.94250e+02    2.43441e+01

           Step           Time
          95900       47.95000

   Energies (kJ/mol)
           Bond        LJ (SR)   Coulomb (SR)      Potential    Kinetic En.
    5.96809e+00    0.00000e+00    0.00000e+00    5.96809e+00    2.21867e+00
   Total Energy  Conserved En.    Temperature Pressure (bar)
    8.18676e+00    4.61886e+01    1.77897e+02   -2.18600e+01

           Step           Time
          96000       48.00000

   Energies (kJ/mol)
           Bond        LJ (SR)   Coulomb (SR)      Potential    Kinetic En.
    5.20843e+00    0.00000e+00    0.00000e+00    5.20843e+00    2.59481e+00
   Total Energy  Conserved En.    Temperature Pressure (bar)
    7.80324e+00    4.61722e+01    2.08056e+02    1.93635e+01

           Step           Time
          96100       48.05000

   Energies (kJ/mol)
           Bond        LJ (SR)   Coulomb (SR)      Potential    Kinetic En.
    9.12695e+00    0.00000e+00    0.00000e+00    9.12695e+00    3.59498e+00
   Total Energy  Conserved En.    Temperature Pressure (bar)
    1.27219e+01    4.66569e+01    2.88251e+02   -2.71879e+01

           Step           Time
          96200       48.10000

   Energies (kJ/mol)
           Bond        LJ (SR)   Coulomb (SR)      Potential    Kinetic En.
    4.69638e+00    0.00000e+00    0.00000e+00    4.69638e+00    6.19108e+00
   Total Energy  Conserved En.    Temperature Pressure (bar)
    1.08875e+01    4.55895e+01    4.96411e+02    1.90749e+01

           Step           Time
          96300       48.15000

   Energies (kJ/mol)
           Bond        LJ (SR)   Coulomb (SR)      Potential    Kinetic En.
    8.11215e+00    0.00000e+00    0.00000e+00    8.11215e+00    3.91401e+00
   Total Energy  Conserved En.    Temperature Pressure (bar)
    1.20262e+01    4.65647e+01    3.13831e+02   -2.54560e+01

           Step           Time
          96400       48.20000

   Energies (kJ/mol)
           Bond        LJ (SR)   Coulomb (SR)      Potential    Kinetic En.
    6.88678e+00    0.00000e+00    0.00000e+00    6.88678e+00    5.75252e+00
   Total Energy  Conserved En.    Temperature Pressure (bar)
    1.26393e+01    4.62840e+01    4.61246e+02    2.25895e+01

           Step           Time
          96500       48.25000

   Energies (kJ/mol)
           Bond        LJ (SR)   Coulomb (SR)      Potential    Kinetic En.
    8.70876e+00    0.00000e+00    0.00000e+00    8.70876e+00    9.33127e+00
   Total Energy  Conserved En.    Temperature Pressure (bar)
    1.80400e+01    4.63602e+01    7.48196e+02   -2.55155e+01

           Step           Time
          96600       48.30000

   Energies (kJ/mol)
           Bond        LJ (SR)   Coulomb (SR)      Potential    Kinetic En.
    7.82225e+00    0.00000e+00    0.00000e+00    7.82225e+00    1.00066e+01
   Total Energy  Conserved En.    Temperature Pressure (bar)
    1.78288e+01    4.64680e+01    8.02344e+02    2.46618e+01

           Step           Time
          96700       48.35000

   Energies (kJ/mol)
           Bond        LJ (SR)   Coulomb (SR)      Potential    Kinetic En.
    6.32031e+00    0.00000e+00    0.00000e+00    6.32031e+00    3.36062e+00
   Total Energy  Conserved En.    Temperature Pressure (bar)
    9.68093e+00    4.75807e+01    2.69460e+02   -2.23404e+01

           Step           Time
          96800       48.40000

   Energies (kJ/mol)
           Bond        LJ (SR)   Coulomb (SR)      Potential    Kinetic En.
    7.07842e+00    0.00000e+00    0.00000e+00    7.07842e+00    2.91517e+00
   Total Energy  Conserved En.    Temperature Pressure (bar)
    9.99358e+00    4.79498e+01    2.33743e+02    2.23804e+01

           Step           Time
          96900       48.45000

   Energies (kJ/mol)
           Bond        LJ (SR)   Coulomb (SR)      Potential    Kinetic En.
    7.24631e+00    0.00000e+00    0.00000e+00    7.24631e+00    2.55414e+00
   Total Energy  Conserved En.    Temperature Pressure (bar)
    9.80045e+00    4.82212e+01    2.04795e+02   -2.41845e+01

           Step           Time
          97000       48.50000

   Energies (kJ/mol)
           Bond        LJ (SR)   Coulomb (SR)      Potential    Kinetic En.
    4.28878e+00    0.00000e+00    0.00000e+00    4.28878e+00    6.13564e+00
   Total Energy  Conserved En.    Temperature Pressure (bar)
    1.04244e+01    4.73347e+01    4.91965e+02    1.83007e+01

           Step           Time
          97100       48.55000

   Energies (kJ/mol)
           Bond        LJ (SR)   Coulomb (SR)      Potential    Kinetic En.
    6.53928e+00    0.00000e+00    0.00000e+00    6.53928e+00    5.22203e+00
   Total Energy  Conserved En.    Temperature Pressure (bar)
    1.17613e+01    4.79354e+01    4.18711e+02   -2.24312e+01

           Step           Time
          97200       48.60000

   Energies (kJ/mol)
           Bond        LJ (SR)   Coulomb (SR)      Potential    Kinetic En.
    1.12341e+01    0.00000e+00    0.00000e+00    1.12341e+01    2.70765e+00
   Total Energy  Conserved En.    Temperature Pressure (bar)
    1.39418e+01    4.92606e+01    2.17104e+02    2.76272e+01

           Step           Time
          97300       48.65000

   Energies (kJ/mol)
           Bond        LJ (SR)   Coulomb (SR)      Potential    Kinetic En.
    7.14961e+00    0.00000e+00    0.00000e+00    7.14961e+00    6.55894e+00
   Total Energy  Conserved En.    Temperature Pressure (bar)
    1.37086e+01    4.81740e+01    5.25906e+02   -2.33186e+01

           Step           Time
          97400       48.70000

   Energies (kJ/mol)
           Bond        LJ (SR)   Coulomb (SR)      Potential    Kinetic En.
    5.42278e+00    0.00000e+00    0.00000e+00    5.42278e+00    4.02329e+00
   Total Energy  Conserved En.    Temperature Pressure (bar)
    9.44606e+00    4.85567e+01    3.22593e+02    1.99772e+01

           Step           Time
          97500       48.75000

   Energies (kJ/mol)
           Bond        LJ (SR)   Coulomb (SR)      Potential    Kinetic En.
    7.59765e+00    0.00000e+00    0.00000e+00    7.59765e+00    4.09121e+00
   Total Energy  Conserved En.    Temperature Pressure (bar)
    1.16889e+01    4.90433e+01    3.28040e+02   -2.45394e+01

           Step           Time
          97600       48.80000

   Energies (kJ/mol)
           Bond        LJ (SR)   Coulomb (SR)      Potential    Kinetic En.
    3.96646e+00    0.00000e+00    0.00000e+00    3.96646e+00    5.16237e+00
   Total Energy  Conserved En.    Temperature Pressure (bar)
    9.12883e+00    4.83564e+01    4.13927e+02    1.74993e+01

           Step           Time
          97700       48.85000

   Energies (kJ/mol)
           Bond        LJ (SR)   Coulomb (SR)      Potential    Kinetic En.
    1.13367e+00    0.00000e+00    0.00000e+00    1.13367e+00    9.07872e+00
   Total Energy  Conserved En.    Temperature Pressure (bar)
    1.02124e+01    4.72929e+01    7.27946e+02   -7.87052e+00

           Step           Time
          97800       48.90000

   Energies (kJ/mol)
           Bond        LJ (SR)   Coulomb (SR)      Potential    Kinetic En.
    2.14062e-01    0.00000e+00    0.00000e+00    2.14062e-01    8.18966e+00
   Total Energy  Conserved En.    Temperature Pressure (bar)
    8.40372e+00    4.69104e+01    6.56659e+02    5.39677e+00

           Step           Time
          97900       48.95000

   Energies (kJ/mol)
           Bond        LJ (SR)   Coulomb (SR)      Potential    Kinetic En.
    6.79708e-01    0.00000e+00    0.00000e+00    6.79708e-01    5.45564e+00
   Total Energy  Conserved En.    Temperature Pressure (bar)
    6.13535e+00    4.74820e+01    4.37442e+02   -6.33229e+00

           Step           Time
          98000       49.00000

   Energies (kJ/mol)
           Bond        LJ (SR)   Coulomb (SR)      Potential    Kinetic En.
    5.61247e-01    0.00000e+00    0.00000e+00    5.61247e-01    7.79517e+00
   Total Energy  Conserved En.    Temperature Pressure (bar)
    8.35642e+00    4.74856e+01    6.25029e+02    7.75602e+00

           Step           Time
          98100       49.05000

   Energies (kJ/mol)
           Bond        LJ (SR)   Coulomb (SR)      Potential    Kinetic En.
    1.06839e-01    0.00000e+00    0.00000e+00    1.06839e-01    8.82478e+00
   Total Energy  Conserved En.    Temperature Pressure (bar)
    8.93162e+00    4.72589e+01    7.07585e+02   -1.33008e+00

           Step           Time
          98200       49.10000

   Energies (kJ/mol)
           Bond        LJ (SR)   Coulomb (SR)      Potential    Kinetic En.
    3.55970e-05    0.00000e+00    0.00000e+00    3.55970e-05    3.94720e+00
   Total Energy  Conserved En.    Temperature Pressure (bar)
    3.94724e+00    4.72629e+01    3.16493e+02    6.30949e-01

           Step           Time
          98300       49.15000

   Energies (kJ/mol)
           Bond        LJ (SR)   Coulomb (SR)      Potential    Kinetic En.
    3.83243e-01    0.00000e+00    0.00000e+00    3.83243e-01    5.08890e+00
   Total Energy  Conserved En.    Temperature Pressure (bar)
    5.47214e+00    4.70132e+01    4.08036e+02    6.18911e+00

           Step           Time
          98400       49.20000

   Energies (kJ/mol)
           Bond        LJ (SR)   Coulomb (SR)      Potential    Kinetic En.
    1.62702e-01    0.00000e+00    0.00000e+00    1.62702e-01    3.68518e+00
   Total Energy  Conserved En.    Temperature Pressure (bar)
    3.84789e+00    4.71272e+01    2.95484e+02   -2.89298e+00

           Step           Time
          98500       49.25000

   Energies (kJ/mol)
           Bond        LJ (SR)   Coulomb (SR)      Potential    Kinetic En.
    1.02594e+00    0.00000e+00    0.00000e+00    1.02594e+00    3.27515e+00
   Total Energy  Conserved En.    Temperature Pressure (bar)
    4.30109e+00    4.68945e+01    2.62607e+02    9.18361e+00

           Step           Time
          98600       49.30000

   Energies (kJ/mol)
           Bond        LJ (SR)   Coulomb (SR)      Potential    Kinetic En.
    2.16105e+00    0.00000e+00    0.00000e+00    2.16105e+00    5.40559e+00
   Total Energy  Conserved En.    Temperature Pressure (bar)
    7.56664e+00    4.69911e+01    4.33429e+02   -1.22028e+01

           Step           Time
          98700       49.35000

   Energies (kJ/mol)
           Bond        LJ (SR)   Coulomb (SR)      Potential    Kinetic En.
    1.62146e+00    0.00000e+00    0.00000e+00    1.62146e+00    8.19119e+00
   Total Energy  Conserved En.    Temperature Pressure (bar)
    9.81265e+00    4.75024e+01    6.56782e+02    1.21926e+01

           Step           Time
          98800       49.40000

   Energies (kJ/mol)
           Bond        LJ (SR)   Coulomb (SR)      Potential    Kinetic En.
    1.57834e+00    0.00000e+00    0.00000e+00    1.57834e+00    5.06739e+00
   Total Energy  Conserved En.    Temperature Pressure (bar)
    6.64573e+00    4.74747e+01    4.06311e+02   -1.03047e+01

           Step           Time
          98900       49.45000

   Energies (kJ/mol)
           Bond        LJ (SR)   Coulomb (SR)      Potential    Kinetic En.
    1.51640e+00    0.00000e+00    0.00000e+00    1.51640e+00    3.64435e+00
   Total Energy  Conserved En.    Temperature Pressure (bar)
    5.16075e+00    4.74857e+01    2.92210e+02    1.10601e+01

           Step           Time
          99000       49.50000

   Energies (kJ/mol)
           Bond        LJ (SR)   Coulomb (SR)      Potential    Kinetic En.
    1.04640e+01    0.00000e+00    0.00000e+00    1.04640e+01    1.58497e+00
   Total Energy  Conserved En.    Temperature Pressure (bar)
    1.20490e+01    4.63091e+01    1.27085e+02   -2.96227e+01

           Step           Time
          99100       49.55000

   Energies (kJ/mol)
           Bond        LJ (SR)   Coulomb (SR)      Potential    Kinetic En.
    1.08591e+01    0.00000e+00    0.00000e+00    1.08591e+01    1.40127e+00
   Total Energy  Conserved En.    Temperature Pressure (bar)
    1.22604e+01    4.65022e+01    1.12356e+02    2.69762e+01

           Step           Time
          99200       49.60000

   Energies (kJ/mol)
           Bond        LJ (SR)   Coulomb (SR)      Potential    Kinetic En.
    9.57817e+00    0.00000e+00    0.00000e+00    9.57817e+00    4.93479e-01
   Total Energy  Conserved En.    Temperature Pressure (bar)
    1.00717e+01    4.61885e+01    3.95679e+01   -2.84431e+01

           Step           Time
          99300       49.65000

   Energies (kJ/mol)
           Bond        LJ (SR)   Coulomb (SR)      Potential    Kinetic En.
    6.88752e+00    0.00000e+00    0.00000e+00    6.88752e+00    1.20854e+00
   Total Energy  Conserved En.    Temperature Pressure (bar)
    8.09606e+00    4.68361e+01    9.69024e+01    2.18046e+01

           Step           Time
          99400       49.70000

   Energies (kJ/mol)
           Bond        LJ (SR)   Coulomb (SR)      Potential    Kinetic En.
    5.96717e+00    0.00000e+00    0.00000e+00    5.96717e+00    2.32216e-01
   Total Energy  Conserved En.    Temperature Pressure (bar)
    6.19938e+00    4.65195e+01    1.86194e+01   -2.22019e+01

           Step           Time
          99500       49.75000

   Energies (kJ/mol)
           Bond        LJ (SR)   Coulomb (SR)      Potential    Kinetic En.
    6.62978e+00    0.00000e+00    0.00000e+00    6.62978e+00    1.43047e-01
   Total Energy  Conserved En.    Temperature Pressure (bar)
    6.77283e+00    4.65235e+01    1.14698e+01    2.12345e+01

           Step           Time
          99600       49.80000

   Energies (kJ/mol)
           Bond        LJ (SR)   Coulomb (SR)      Potential    Kinetic En.
    1.02405e+01    0.00000e+00    0.00000e+00    1.02405e+01    7.38380e-01
   Total Energy  Conserved En.    Temperature Pressure (bar)
    1.09789e+01    4.61831e+01    5.92045e+01   -2.94289e+01

           Step           Time
          99700       49.85000

   Energies (kJ/mol)
           Bond        LJ (SR)   Coulomb (SR)      Potential    Kinetic En.
    1.01312e+01    0.00000e+00    0.00000e+00    1.01312e+01    1.07314e+00
   Total Energy  Conserved En.    Temperature Pressure (bar)
    1.12044e+01    4.62246e+01    8.60460e+01    2.60698e+01

           Step           Time
          99800       49.90000

   Energies (kJ/mol)
           Bond        LJ (SR)   Coulomb (SR)      Potential    Kinetic En.
    1.02802e+01    0.00000e+00    0.00000e+00    1.02802e+01    3.94098e-01
   Total Energy  Conserved En.    Temperature Pressure (bar)
    1.06743e+01    4.69057e+01    3.15994e+01   -2.95491e+01

           Step           Time
          99900       49.95000

   Energies (kJ/mol)
           Bond        LJ (SR)   Coulomb (SR)      Potential    Kinetic En.
    7.64507e+00    0.00000e+00    0.00000e+00    7.64507e+00    1.68268e-01
   Total Energy  Conserved En.    Temperature Pressure (bar)
    7.81334e+00    4.75005e+01    1.34920e+01    2.27141e+01

           Step           Time
         100000       50.00000

   Energies (kJ/mol)
           Bond        LJ (SR)   Coulomb (SR)      Potential    Kinetic En.
    9.78848e+00    0.00000e+00    0.00000e+00    9.78848e+00    4.06538e-01
   Total Energy  Conserved En.    Temperature Pressure (bar)
    1.01950e+01    4.79924e+01    3.25969e+01   -2.87879e+01

           Step           Time
         100100       50.05000

   Energies (kJ/mol)
           Bond        LJ (SR)   Coulomb (SR)      Potential    Kinetic En.
    9.43939e+00    0.00000e+00    0.00000e+00    9.43939e+00    5.32949e-01
   Total Energy  Conserved En.    Temperature Pressure (bar)
    9.97233e+00    4.82946e+01    4.27327e+01    2.51357e+01

           Step           Time
         100200       50.10000

   Energies (kJ/mol)
           Bond        LJ (SR)   Coulomb (SR)      Potential    Kinetic En.
    9.42022e+00    0.00000e+00    0.00000e+00    9.42022e+00    2.11103e-01
   Total Energy  Conserved En.    Temperature Pressure (bar)
    9.63132e+00    4.80942e+01    1.69266e+01   -2.82422e+01

           Step           Time
         100300       50.15000

   Energies (kJ/mol)
           Bond        LJ (SR)   Coulomb (SR)      Potential    Kinetic En.
    7.67205e+00    0.00000e+00    0.00000e+00    7.67205e+00    7.22283e-01
   Total Energy  Conserved En.    Temperature Pressure (bar)
    8.39434e+00    4.88268e+01    5.79138e+01    2.28476e+01

           Step           Time
         100400       50.20000

   Energies (kJ/mol)
           Bond        LJ (SR)   Coulomb (SR)      Potential    Kinetic En.
    4.69102e+00    0.00000e+00    0.00000e+00    4.69102e+00    6.23948e-01
   Total Energy  Conserved En.    Temperature Pressure (bar)
    5.31497e+00    4.89850e+01    5.00291e+01   -1.95091e+01

           Step           Time
         100500       50.25000

   Energies (kJ/mol)
           Bond        LJ (SR)   Coulomb (SR)      Potential    Kinetic En.
    4.41912e+00    0.00000e+00    0.00000e+00    4.41912e+00    2.33592e-01
   Total Energy  Conserved En.    Temperature Pressure (bar)
    4.65271e+00    4.88593e+01    1.87298e+01    1.75285e+01

           Step           Time
         100600       50.30000

   Energies (kJ/mol)
           Bond        LJ (SR)   Coulomb (SR)      Potential    Kinetic En.
    3.66353e+00    0.00000e+00    0.00000e+00    3.66353e+00    5.06918e-01
   Total Energy  Conserved En.    Temperature Pressure (bar)
    4.17045e+00    4.91111e+01    4.06455e+01   -1.71650e+01

           Step           Time
         100700       50.35000

   Energies (kJ/mol)
           Bond        LJ (SR)   Coulomb (SR)      Potential    Kinetic En.
    4.37692e+00    0.00000e+00    0.00000e+00    4.37692e+00    9.18686e-02
   Total Energy  Conserved En.    Temperature Pressure (bar)
    4.46879e+00    4.89015e+01    7.36617e+00    1.74239e+01

           Step           Time
         100800       50.40000

   Energies (kJ/mol)
           Bond        LJ (SR)   Coulomb (SR)      Potential    Kinetic En.
    3.75718e+00    0.00000e+00    0.00000e+00    3.75718e+00    1.03157e-01
   Total Energy  Conserved En.    Temperature Pressure (bar)
    3.86034e+00    4.90239e+01    8.27125e+00   -1.74620e+01

           Step           Time
         100900       50.45000

   Energies (kJ/mol)
           Bond        LJ (SR)   Coulomb (SR)      Potential    Kinetic En.
    4.43690e+00    0.00000e+00    0.00000e+00    4.43690e+00    3.94132e-01
   Total Energy  Conserved En.    Temperature Pressure (bar)
    4.83103e+00    4.93477e+01    3.16021e+01    1.75899e+01

           Step           Time
         101000       50.50000

   Energies (kJ/mol)
           Bond        LJ (SR)   Coulomb (SR)      Potential    Kinetic En.
    2.94362e+00    0.00000e+00    0.00000e+00    2.94362e+00    6.30619e-02
   Total Energy  Conserved En.    Temperature Pressure (bar)
    3.00668e+00    4.90915e+01    5.05640e+00   -1.53951e+01

           Step           Time
         101100       50.55000

   Energies (kJ/mol)
           Bond        LJ (SR)   Coulomb (SR)      Potential    Kinetic En.
    5.15592e+00    0.00000e+00    0.00000e+00    5.15592e+00    1.02586e-01
   Total Energy  Conserved En.    Temperature Pressure (bar)
    5.25850e+00    4.91774e+01    8.22547e+00    1.88414e+01

           Step           Time
         101200       50.60000

   Energies (kJ/mol)
           Bond        LJ (SR)   Coulomb (SR)      Potential    Kinetic En.
    4.81338e+00    0.00000e+00    0.00000e+00    4.81338e+00    1.94884e+00
   Total Energy  Conserved En.    Temperature Pressure (bar)
    6.76222e+00    4.85537e+01    1.56261e+02   -1.95448e+01

           Step           Time
         101300       50.65000

   Energies (kJ/mol)
           Bond        LJ (SR)   Coulomb (SR)      Potential    Kinetic En.
    2.57714e+00    0.00000e+00    0.00000e+00    2.57714e+00    1.46885e+00
   Total Energy  Conserved En.    Temperature Pressure (bar)
    4.04599e+00    4.83931e+01    1.17775e+02    1.37470e+01

           Step           Time
         101400       50.70000

   Energies (kJ/mol)
           Bond        LJ (SR)   Coulomb (SR)      Potential    Kinetic En.
    4.26992e+00    0.00000e+00    0.00000e+00    4.26992e+00    8.32378e-01
   Total Energy  Conserved En.    Temperature Pressure (bar)
    5.10230e+00    4.90073e+01    6.67414e+01   -1.85363e+01

           Step           Time
         101500       50.75000

   Energies (kJ/mol)
           Bond        LJ (SR)   Coulomb (SR)      Potential    Kinetic En.
    6.11670e-01    0.00000e+00    0.00000e+00    6.11670e-01    1.21323e+00
   Total Energy  Conserved En.    Temperature Pressure (bar)
    1.82490e+00    4.82933e+01    9.72788e+01    6.89472e+00

           Step           Time
         101600       50.80000

   Energies (kJ/mol)
           Bond        LJ (SR)   Coulomb (SR)      Potential    Kinetic En.
    9.56752e-03    0.00000e+00    0.00000e+00    9.56752e-03    3.47071e+00
   Total Energy  Conserved En.    Temperature Pressure (bar)
    3.48028e+00    4.79509e+01    2.78287e+02   -2.50602e-01

           Step           Time
         101700       50.85000

   Energies (kJ/mol)
           Bond        LJ (SR)   Coulomb (SR)      Potential    Kinetic En.
    4.31591e-02    0.00000e+00    0.00000e+00    4.31591e-02    3.69553e+00
   Total Energy  Conserved En.    Temperature Pressure (bar)
    3.73869e+00    4.80591e+01    2.96313e+02    2.43557e+00

           Step           Time
         101800       50.90000

   Energies (kJ/mol)
           Bond        LJ (SR)   Coulomb (SR)      Potential    Kinetic En.
    1.02032e+00    0.00000e+00    0.00000e+00    1.02032e+00    2.62361e+00
   Total Energy  Conserved En.    Temperature Pressure (bar)
    3.64393e+00    4.85944e+01    2.10365e+02   -8.49314e+00

           Step           Time
         101900       50.95000

   Energies (kJ/mol)
           Bond        LJ (SR)   Coulomb (SR)      Potential    Kinetic En.
    2.42304e+00    0.00000e+00    0.00000e+00    2.42304e+00    6.52494e-01
   Total Energy  Conserved En.    Temperature Pressure (bar)
    3.07554e+00    4.91934e+01    5.23180e+01    1.32093e+01

           Step           Time
         102000       51.00000

   Energies (kJ/mol)
           Bond        LJ (SR)   Coulomb (SR)      Potential    Kinetic En.
    5.70954e+00    0.00000e+00    0.00000e+00    5.70954e+00    2.90177e+00
   Total Energy  Conserved En.    Temperature Pressure (bar)
    8.61131e+00    4.91164e+01    2.32669e+02   -2.12326e+01

           Step           Time
         102100       51.05000

   Energies (kJ/mol)
           Bond        LJ (SR)   Coulomb (SR)      Potential    Kinetic En.
    5.30390e+00    0.00000e+00    0.00000e+00    5.30390e+00    4.45436e+00
   Total Energy  Conserved En.    Temperature Pressure (bar)
    9.75826e+00    4.89563e+01    3.57158e+02    1.98494e+01

           Step           Time
         102200       51.10000

   Energies (kJ/mol)
           Bond        LJ (SR)   Coulomb (SR)      Potential    Kinetic En.
    2.53172e+00    0.00000e+00    0.00000e+00    2.53172e+00    3.58747e+00
   Total Energy  Conserved En.    Temperature Pressure (bar)
    6.11918e+00    4.87385e+01    2.87649e+02   -1.36327e+01

           Step           Time
         102300       51.15000

   Energies (kJ/mol)
           Bond        LJ (SR)   Coulomb (SR)      Potential    Kinetic En.
    4.73728e+00    0.00000e+00    0.00000e+00    4.73728e+00    1.41292e+00
   Total Energy  Conserved En.    Temperature Pressure (bar)
    6.15020e+00    4.95533e+01    1.13290e+02    1.83231e+01

           Step           Time
         102400       51.20000

   Energies (kJ/mol)
           Bond        LJ (SR)   Coulomb (SR)      Potential    Kinetic En.
    2.05826e+00    0.00000e+00    0.00000e+00    2.05826e+00    7.70153e-01
   Total Energy  Conserved En.    Temperature Pressure (bar)
    2.82841e+00    4.94840e+01    6.17521e+01   -1.26795e+01

           Step           Time
         102500       51.25000

   Energies (kJ/mol)
           Bond        LJ (SR)   Coulomb (SR)      Potential    Kinetic En.
    6.16389e+00    0.00000e+00    0.00000e+00    6.16389e+00    4.58213e+00
   Total Energy  Conserved En.    Temperature Pressure (bar)
    1.07460e+01    4.95737e+01    3.67402e+02    2.12831e+01

           Step           Time
         102600       51.30000

   Energies (kJ/mol)
           Bond        LJ (SR)   Coulomb (SR)      Potential    Kinetic En.
    5.92368e+00    0.00000e+00    0.00000e+00    5.92368e+00    1.31354e+00
   Total Energy  Conserved En.    Temperature Pressure (bar)
    7.23722e+00    5.05009e+01    1.05322e+02   -2.19299e+01

           Step           Time
         102700       51.35000

   Energies (kJ/mol)
           Bond        LJ (SR)   Coulomb (SR)      Potential    Kinetic En.
    9.46760e+00    0.00000e+00    0.00000e+00    9.46760e+00    1.54742e+00
   Total Energy  Conserved En.    Temperature Pressure (bar)
    1.10150e+01    5.09874e+01    1.24074e+02    2.53462e+01

           Step           Time
         102800       51.40000

   Energies (kJ/mol)
           Bond        LJ (SR)   Coulomb (SR)      Potential    Kinetic En.
    6.85406e+00    0.00000e+00    0.00000e+00    6.85406e+00    2.50216e+00
   Total Energy  Conserved En.    Temperature Pressure (bar)
    9.35622e+00    5.05644e+01    2.00627e+02   -2.34842e+01

           Step           Time
         102900       51.45000

   Energies (kJ/mol)
           Bond        LJ (SR)   Coulomb (SR)      Potential    Kinetic En.
    4.40463e+00    0.00000e+00    0.00000e+00    4.40463e+00    5.25802e-01
   Total Energy  Conserved En.    Temperature Pressure (bar)
    4.93043e+00    5.10336e+01    4.21597e+01    1.75516e+01

           Step           Time
         103000       51.50000

   Energies (kJ/mol)
           Bond        LJ (SR)   Coulomb (SR)      Potential    Kinetic En.
    2.15471e+00    0.00000e+00    0.00000e+00    2.15471e+00    8.81002e-01
   Total Energy  Conserved En.    Temperature Pressure (bar)
    3.03571e+00    5.07053e+01    7.06402e+01   -1.29656e+01

           Step           Time
         103100       51.55000

   Energies (kJ/mol)
           Bond        LJ (SR)   Coulomb (SR)      Potential    Kinetic En.
    4.23428e+00    0.00000e+00    0.00000e+00    4.23428e+00    1.79565e+00
   Total Energy  Conserved En.    Temperature Pressure (bar)
    6.02993e+00    5.07914e+01    1.43978e+02    1.74449e+01

           Step           Time
         103200       51.60000

   Energies (kJ/mol)
           Bond        LJ (SR)   Coulomb (SR)      Potential    Kinetic En.
    7.54651e+00    0.00000e+00    0.00000e+00    7.54651e+00    1.94147e+00
   Total Energy  Conserved En.    Temperature Pressure (bar)
    9.48798e+00    5.14148e+01    1.55670e+02   -2.48216e+01

           Step           Time
         103300       51.65000

   Energies (kJ/mol)
           Bond        LJ (SR)   Coulomb (SR)      Potential    Kinetic En.
    4.20428e+00    0.00000e+00    0.00000e+00    4.20428e+00    3.75659e+00
   Total Energy  Conserved En.    Temperature Pressure (bar)
    7.96087e+00    5.06308e+01    3.01210e+02    1.77258e+01

           Step           Time
         103400       51.70000

   Energies (kJ/mol)
           Bond        LJ (SR)   Coulomb (SR)      Potential    Kinetic En.
    2.63643e+00    0.00000e+00    0.00000e+00    2.63643e+00    4.76570e-01
   Total Energy  Conserved En.    Temperature Pressure (bar)
    3.11300e+00    5.12881e+01    3.82121e+01   -1.44717e+01

           Step           Time
         103500       51.75000

   Energies (kJ/mol)
           Bond        LJ (SR)   Coulomb (SR)      Potential    Kinetic En.
    2.12594e+00    0.00000e+00    0.00000e+00    2.12594e+00    1.00927e+00
   Total Energy  Conserved En.    Temperature Pressure (bar)
    3.13521e+00    5.12174e+01    8.09250e+01    1.24667e+01

           Step           Time
         103600       51.80000

   Energies (kJ/mol)
           Bond        LJ (SR)   Coulomb (SR)      Potential    Kinetic En.
    9.29881e-01    0.00000e+00    0.00000e+00    9.29881e-01    1.28838e+00
   Total Energy  Conserved En.    Temperature Pressure (bar)
    2.21826e+00    5.10376e+01    1.03304e+02   -8.31073e+00

           Step           Time
         103700       51.85000

   Energies (kJ/mol)
           Bond        LJ (SR)   Coulomb (SR)      Potential    Kinetic En.
    5.05607e-01    0.00000e+00    0.00000e+00    5.05607e-01    3.29807e+00
   Total Energy  Conserved En.    Temperature Pressure (bar)
    3.80368e+00    5.08838e+01    2.64445e+02    6.65693e+00

           Step           Time
         103800       51.90000

   Energies (kJ/mol)
           Bond        LJ (SR)   Coulomb (SR)      Potential    Kinetic En.
    1.10369e+00    0.00000e+00    0.00000e+00    1.10369e+00    2.20138e+00
   Total Energy  Conserved En.    Temperature Pressure (bar)
    3.30507e+00    5.12153e+01    1.76510e+02   -8.93186e+00

           Step           Time
         103900       51.95000

   Energies (kJ/mol)
           Bond        LJ (SR)   Coulomb (SR)      Potential    Kinetic En.
    7.09937e-01    0.00000e+00    0.00000e+00    7.09937e-01    5.74298e+00
   Total Energy  Conserved En.    Temperature Pressure (bar)
    6.45292e+00    5.10246e+01    4.60481e+02    8.18641e+00

           Step           Time
         104000       52.00000

   Energies (kJ/mol)
           Bond        LJ (SR)   Coulomb (SR)      Potential    Kinetic En.
    2.17542e+00    0.00000e+00    0.00000e+00    2.17542e+00    4.98661e+00
   Total Energy  Conserved En.    Temperature Pressure (bar)
    7.16204e+00    5.16322e+01    3.99835e+02   -1.23201e+01

           Step           Time
         104100       52.05000

   Energies (kJ/mol)
           Bond        LJ (SR)   Coulomb (SR)      Potential    Kinetic En.
    5.41614e+00    0.00000e+00    0.00000e+00    5.41614e+00    5.55602e+00
   Total Energy  Conserved En.    Temperature Pressure (bar)
    1.09722e+01    5.21969e+01    4.45490e+02    2.02311e+01

           Step           Time
         104200       52.10000

   Energies (kJ/mol)
           Bond        LJ (SR)   Coulomb (SR)      Potential    Kinetic En.
    3.02861e+00    0.00000e+00    0.00000e+00    3.02861e+00    4.14488e+00
   Total Energy  Conserved En.    Temperature Pressure (bar)
    7.17349e+00    5.20474e+01    3.32343e+02   -1.49173e+01

           Step           Time
         104300       52.15000

   Energies (kJ/mol)
           Bond        LJ (SR)   Coulomb (SR)      Potential    Kinetic En.
    2.82778e+00    0.00000e+00    0.00000e+00    2.82778e+00    6.29925e+00
   Total Energy  Conserved En.    Temperature Pressure (bar)
    9.12703e+00    5.19214e+01    5.05083e+02    1.52013e+01

           Step           Time
         104400       52.20000

   Energies (kJ/mol)
           Bond        LJ (SR)   Coulomb (SR)      Potential    Kinetic En.
    1.50791e+00    0.00000e+00    0.00000e+00    1.50791e+00    7.99525e+00
   Total Energy  Conserved En.    Temperature Pressure (bar)
    9.50317e+00    5.15605e+01    6.41072e+02   -9.53994e+00

           Step           Time
         104500       52.25000

   Energies (kJ/mol)
           Bond        LJ (SR)   Coulomb (SR)      Potential    Kinetic En.
    1.13107e-01    0.00000e+00    0.00000e+00    1.13107e-01    6.78180e+00
   Total Energy  Conserved En.    Temperature Pressure (bar)
    6.89491e+00    5.09332e+01    5.43775e+02    4.07361e+00

           Step           Time
         104600       52.30000

   Energies (kJ/mol)
           Bond        LJ (SR)   Coulomb (SR)      Potential    Kinetic En.
    7.38503e-01    0.00000e+00    0.00000e+00    7.38503e-01    2.08040e+00
   Total Energy  Conserved En.    Temperature Pressure (bar)
    2.81891e+00    5.16142e+01    1.66810e+02   -7.22946e+00

           Step           Time
         104700       52.35000

   Energies (kJ/mol)
           Bond        LJ (SR)   Coulomb (SR)      Potential    Kinetic En.
    3.44541e-01    0.00000e+00    0.00000e+00    3.44541e-01    1.20472e+00
   Total Energy  Conserved En.    Temperature Pressure (bar)
    1.54926e+00    5.16173e+01    9.65966e+01    5.24532e+00

           Step           Time
         104800       52.40000

   Energies (kJ/mol)
           Bond        LJ (SR)   Coulomb (SR)      Potential    Kinetic En.
    1.43679e-02    0.00000e+00    0.00000e+00    1.43679e-02    1.49295e+00
   Total Energy  Conserved En.    Temperature Pressure (bar)
    1.50731e+00    5.15018e+01    1.19707e+02   -7.85007e-01

           Step           Time
         104900       52.45000

   Energies (kJ/mol)
           Bond        LJ (SR)   Coulomb (SR)      Potential    Kinetic En.
    6.23796e-01    0.00000e+00    0.00000e+00    6.23796e-01    4.18085e+00
   Total Energy  Conserved En.    Temperature Pressure (bar)
    4.80465e+00    5.12012e+01    3.35227e+02   -6.24238e+00

           Step           Time
         105000       52.50000

   Energies (kJ/mol)
           Bond        LJ (SR)   Coulomb (SR)      Potential    Kinetic En.
    8.57477e-01    0.00000e+00    0.00000e+00    8.57477e-01    3.97725e+00
   Total Energy  Conserved En.    Temperature Pressure (bar)
    4.83473e+00    5.13743e+01    3.18902e+02    8.57980e+00

           Step           Time
         105100       52.55000

   Energies (kJ/mol)
           Bond        LJ (SR)   Coulomb (SR)      Potential    Kinetic En.
    1.08230e+00    0.00000e+00    0.00000e+00    1.08230e+00    2.03087e+00
   Total Energy  Conserved En.    Temperature Pressure (bar)
    3.11317e+00    5.12565e+01    1.62839e+02   -8.86881e+00

           Step           Time
         105200       52.60000

   Energies (kJ/mol)
           Bond        LJ (SR)   Coulomb (SR)      Potential    Kinetic En.
    1.29321e+00    0.00000e+00    0.00000e+00    1.29321e+00    3.89227e+00
   Total Energy  Conserved En.    Temperature Pressure (bar)
    5.18547e+00    5.14927e+01    3.12088e+02    1.03234e+01

           Step           Time
         105300       52.65000

   Energies (kJ/mol)
           Bond        LJ (SR)   Coulomb (SR)      Potential    Kinetic En.
    2.16353e+00    0.00000e+00    0.00000e+00    2.16353e+00    8.69344e+00
   Total Energy  Conserved En.    Temperature Pressure (bar)
    1.08570e+01    5.18477e+01    6.97054e+02   -1.16418e+01

           Step           Time
         105400       52.70000

   Energies (kJ/mol)
           Bond        LJ (SR)   Coulomb (SR)      Potential    Kinetic En.
    2.50349e+00    0.00000e+00    0.00000e+00    2.50349e+00    6.87238e+00
   Total Energy  Conserved En.    Temperature Pressure (bar)
    9.37587e+00    5.19157e+01    5.51038e+02    1.44938e+01

           Step           Time
         105500       52.75000

   Energies (kJ/mol)
           Bond        LJ (SR)   Coulomb (SR)      Potential    Kinetic En.
    2.47499e+00    0.00000e+00    0.00000e+00    2.47499e+00    2.38351e+00
   Total Energy  Conserved En.    Temperature Pressure (bar)
    4.85850e+00    5.16556e+01    1.91114e+02   -1.36755e+01

           Step           Time
         105600       52.80000

   Energies (kJ/mol)
           Bond        LJ (SR)   Coulomb (SR)      Potential    Kinetic En.
    2.80405e+00    0.00000e+00    0.00000e+00    2.80405e+00    1.55934e-01
   Total Energy  Conserved En.    Temperature Pressure (bar)
    2.95999e+00    5.12208e+01    1.25031e+01    1.40814e+01

           Step           Time
         105700       52.85000

   Energies (kJ/mol)
           Bond        LJ (SR)   Coulomb (SR)      Potential    Kinetic En.
    4.27264e+00    0.00000e+00    0.00000e+00    4.27264e+00    9.85151e-02
   Total Energy  Conserved En.    Temperature Pressure (bar)
    4.37115e+00    5.11731e+01    7.89910e+00   -1.86694e+01

           Step           Time
         105800       52.90000

   Energies (kJ/mol)
           Bond        LJ (SR)   Coulomb (SR)      Potential    Kinetic En.
    2.46217e+00    0.00000e+00    0.00000e+00    2.46217e+00    7.46080e-02
   Total Energy  Conserved En.    Temperature Pressure (bar)
    2.53678e+00    5.12609e+01    5.98219e+00    1.32113e+01

           Step           Time
         105900       52.95000

   Energies (kJ/mol)
           Bond        LJ (SR)   Coulomb (SR)      Potential    Kinetic En.
    2.35163e+00    0.00000e+00    0.00000e+00    2.35163e+00    5.94703e-01
   Total Energy  Conserved En.    Temperature Pressure (bar)
    2.94634e+00    5.16271e+01    4.76842e+01   -1.36188e+01

           Step           Time
         106000       53.00000

   Energies (kJ/mol)
           Bond        LJ (SR)   Coulomb (SR)      Potential    Kinetic En.
    1.42336e+00    0.00000e+00    0.00000e+00    1.42336e+00    1.21077e-01
   Total Energy  Conserved En.    Temperature Pressure (bar)
    1.54444e+00    5.13295e+01    9.70815e+00    1.01336e+01

           Step           Time
         106100       53.05000

   Energies (kJ/mol)
           Bond        LJ (SR)   Coulomb (SR)      Potential    Kinetic En.
    2.63887e+00    0.00000e+00    0.00000e+00    2.63887e+00    5.24769e-02
   Total Energy  Conserved En.    Temperature Pressure (bar)
    2.69135e+00    5.16249e+01    4.20768e+00   -1.45521e+01

           Step           Time
         106200       53.10000

   Energies (kJ/mol)
           Bond        LJ (SR)   Coulomb (SR)      Potential    Kinetic En.
    3.63589e+00    0.00000e+00    0.00000e+00    3.63589e+00    1.49880e-01
   Total Energy  Conserved En.    Temperature Pressure (bar)
    3.78577e+00    5.18332e+01    1.20176e+01    1.59532e+01

           Step           Time
         106300       53.15000

   Energies (kJ/mol)
           Bond        LJ (SR)   Coulomb (SR)      Potential    Kinetic En.
    6.62163e+00    0.00000e+00    0.00000e+00    6.62163e+00    2.88940e-01
   Total Energy  Conserved En.    Temperature Pressure (bar)
    6.91057e+00    5.19926e+01    2.31677e+01   -2.34381e+01

           Step           Time
         106400       53.20000

   Energies (kJ/mol)
           Bond        LJ (SR)   Coulomb (SR)      Potential    Kinetic En.
    4.03501e+00    0.00000e+00    0.00000e+00    4.03501e+00    2.24967e-01
   Total Energy  Conserved En.    Temperature Pressure (bar)
    4.25998e+00    5.20023e+01    1.80382e+01    1.67822e+01

           Step           Time
         106500       53.25000

   Energies (kJ/mol)
           Bond        LJ (SR)   Coulomb (SR)      Potential    Kinetic En.
    4.31465e+00    0.00000e+00    0.00000e+00    4.31465e+00    7.49800e-01
   Total Energy  Conserved En.    Temperature Pressure (bar)
    5.06445e+00    5.23533e+01    6.01202e+01   -1.86520e+01

           Step           Time
         106600       53.30000

   Energies (kJ/mol)
           Bond        LJ (SR)   Coulomb (SR)      Potential    Kinetic En.
    7.13512e+00    0.00000e+00    0.00000e+00    7.13512e+00    3.77258e-01
   Total Energy  Conserved En.    Temperature Pressure (bar)
    7.51238e+00    5.22648e+01    3.02492e+01    2.20240e+01

           Step           Time
         106700       53.35000

   Energies (kJ/mol)
           Bond        LJ (SR)   Coulomb (SR)      Potential    Kinetic En.
    1.51137e+00    0.00000e+00    0.00000e+00    1.51137e+00    2.34288e-01
   Total Energy  Conserved En.    Temperature Pressure (bar)
    1.74566e+00    5.19575e+01    1.87856e+01   -1.08952e+01

           Step           Time
         106800       53.40000

   Energies (kJ/mol)
           Bond        LJ (SR)   Coulomb (SR)      Potential    Kinetic En.
    2.84109e+00    0.00000e+00    0.00000e+00    2.84109e+00    3.61253e-01
   Total Energy  Conserved En.    Temperature Pressure (bar)
    3.20235e+00    5.20046e+01    2.89658e+01    1.42062e+01

           Step           Time
         106900       53.45000

   Energies (kJ/mol)
           Bond        LJ (SR)   Coulomb (SR)      Potential    Kinetic En.
    5.35153e+00    0.00000e+00    0.00000e+00    5.35153e+00    4.88266e-01
   Total Energy  Conserved En.    Temperature Pressure (bar)
    5.83980e+00    5.20769e+01    3.91500e+01   -2.09272e+01

           Step           Time
         107000       53.50000

   Energies (kJ/mol)
           Bond        LJ (SR)   Coulomb (SR)      Potential    Kinetic En.
    9.65494e-01    0.00000e+00    0.00000e+00    9.65494e-01    3.00024e-01
   Total Energy  Conserved En.    Temperature Pressure (bar)
    1.26552e+00    5.20977e+01    2.40564e+01    8.41646e+00

           Step           Time
         107100       53.55000

   Energies (kJ/mol)
           Bond        LJ (SR)   Coulomb (SR)      Potential    Kinetic En.
    3.52262e+00    0.00000e+00    0.00000e+00    3.52262e+00    1.36292e-01
   Total Energy  Conserved En.    Temperature Pressure (bar)
    3.65891e+00    5.18287e+01    1.09281e+01   -1.68819e+01

           Step           Time
         107200       53.60000

   Energies (kJ/mol)
           Bond        LJ (SR)   Coulomb (SR)      Potential    Kinetic En.
    2.43674e+00    0.00000e+00    0.00000e+00    2.43674e+00    6.00708e-02
   Total Energy  Conserved En.    Temperature Pressure (bar)
    2.49681e+00    5.16599e+01    4.81658e+00    1.31426e+01

           Step           Time
         107300       53.65000

   Energies (kJ/mol)
           Bond        LJ (SR)   Coulomb (SR)      Potential    Kinetic En.
    2.23312e+00    0.00000e+00    0.00000e+00    2.23312e+00    5.05010e-02
   Total Energy  Conserved En.    Temperature Pressure (bar)
    2.28362e+00    5.17786e+01    4.04925e+00   -1.33526e+01

           Step           Time
         107400       53.70000

   Energies (kJ/mol)
           Bond        LJ (SR)   Coulomb (SR)      Potential    Kinetic En.
    2.80718e+00    0.00000e+00    0.00000e+00    2.80718e+00    5.55015e-02
   Total Energy  Conserved En.    Temperature Pressure (bar)
    2.86268e+00    5.18669e+01    4.45020e+00    1.40716e+01

           Step           Time
         107500       53.75000

   Energies (kJ/mol)
           Bond        LJ (SR)   Coulomb (SR)      Potential    Kinetic En.
    2.83291e+00    0.00000e+00    0.00000e+00    2.83291e+00    6.46444e-02
   Total Energy  Conserved En.    Temperature Pressure (bar)
    2.89756e+00    5.19696e+01    5.18329e+00   -1.50929e+01

           Step           Time
         107600       53.80000

   Energies (kJ/mol)
           Bond        LJ (SR)   Coulomb (SR)      Potential    Kinetic En.
    2.76962e+00    0.00000e+00    0.00000e+00    2.76962e+00    8.74391e-02
   Total Energy  Conserved En.    Temperature Pressure (bar)
    2.85706e+00    5.22332e+01    7.01100e+00    1.39859e+01

           Step           Time
         107700       53.85000

   Energies (kJ/mol)
           Bond        LJ (SR)   Coulomb (SR)      Potential    Kinetic En.
    4.74443e+00    0.00000e+00    0.00000e+00    4.74443e+00    4.88028e-01
   Total Energy  Conserved En.    Temperature Pressure (bar)
    5.23246e+00    5.25557e+01    3.91308e+01   -1.96486e+01

           Step           Time
         107800       53.90000

   Energies (kJ/mol)
           Bond        LJ (SR)   Coulomb (SR)      Potential    Kinetic En.
    7.67657e+00    0.00000e+00    0.00000e+00    7.67657e+00    1.07158e+00
   Total Energy  Conserved En.    Temperature Pressure (bar)
    8.74816e+00    5.28569e+01    8.59212e+01    2.29143e+01

           Step           Time
         107900       53.95000

   Energies (kJ/mol)
           Bond        LJ (SR)   Coulomb (SR)      Potential    Kinetic En.
    5.10304e+00    0.00000e+00    0.00000e+00    5.10304e+00    1.23663e-01
   Total Energy  Conserved En.    Temperature Pressure (bar)
    5.22670e+00    5.21256e+01    9.91547e+00   -2.04754e+01

           Step           Time
         108000       54.00000

   Energies (kJ/mol)
           Bond        LJ (SR)   Coulomb (SR)      Potential    Kinetic En.
    2.22429e+00    0.00000e+00    0.00000e+00    2.22429e+00    4.40128e-02
   Total Energy  Conserved En.    Temperature Pressure (bar)
    2.26830e+00    5.22563e+01    3.52902e+00    1.25723e+01

           Step           Time
         108100       54.05000

   Energies (kJ/mol)
           Bond        LJ (SR)   Coulomb (SR)      Potential    Kinetic En.
    3.28165e+00    0.00000e+00    0.00000e+00    3.28165e+00    2.93885e-01
   Total Energy  Conserved En.    Temperature Pressure (bar)
    3.57554e+00    5.25473e+01    2.35641e+01   -1.62458e+01

           Step           Time
         108200       54.10000

   Energies (kJ/mol)
           Bond        LJ (SR)   Coulomb (SR)      Potential    Kinetic En.
    4.34103e+00    0.00000e+00    0.00000e+00    4.34103e+00    6.24533e-01
   Total Energy  Conserved En.    Temperature Pressure (bar)
    4.96557e+00    5.27402e+01    5.00760e+01    1.74476e+01

           Step           Time
         108300       54.15000

   Energies (kJ/mol)
           Bond        LJ (SR)   Coulomb (SR)      Potential    Kinetic En.
    6.08376e+00    0.00000e+00    0.00000e+00    6.08376e+00    5.17277e-01
   Total Energy  Conserved En.    Temperature Pressure (bar)
    6.60103e+00    5.27635e+01    4.14761e+01   -2.23790e+01

           Step           Time
         108400       54.20000

   Energies (kJ/mol)
           Bond        LJ (SR)   Coulomb (SR)      Potential    Kinetic En.
    7.52448e+00    0.00000e+00    0.00000e+00    7.52448e+00    7.26216e-01
   Total Energy  Conserved En.    Temperature Pressure (bar)
    8.25069e+00    5.30406e+01    5.82292e+01    2.26414e+01

           Step           Time
         108500       54.25000

   Energies (kJ/mol)
           Bond        LJ (SR)   Coulomb (SR)      Potential    Kinetic En.
    6.24174e+00    0.00000e+00    0.00000e+00    6.24174e+00    1.23617e-01
   Total Energy  Conserved En.    Temperature Pressure (bar)
    6.36536e+00    5.26498e+01    9.91180e+00   -2.27506e+01

           Step           Time
         108600       54.30000

   Energies (kJ/mol)
           Bond        LJ (SR)   Coulomb (SR)      Potential    Kinetic En.
    2.43182e+00    0.00000e+00    0.00000e+00    2.43182e+00    1.95797e-01
   Total Energy  Conserved En.    Temperature Pressure (bar)
    2.62761e+00    5.28670e+01    1.56993e+01    1.31532e+01

           Step           Time
         108700       54.35000

   Energies (kJ/mol)
           Bond        LJ (SR)   Coulomb (SR)      Potential    Kinetic En.
    7.51817e+00    0.00000e+00    0.00000e+00    7.51817e+00    3.92884e-01
   Total Energy  Conserved En.    Temperature Pressure (bar)
    7.91105e+00    5.28350e+01    3.15020e+01   -2.50398e+01

           Step           Time
         108800       54.40000

   Energies (kJ/mol)
           Bond        LJ (SR)   Coulomb (SR)      Potential    Kinetic En.
    8.11857e+00    0.00000e+00    0.00000e+00    8.11857e+00    1.97375e-01
   Total Energy  Conserved En.    Temperature Pressure (bar)
    8.31594e+00    5.24726e+01    1.58258e+01    2.33695e+01

           Step           Time
         108900       54.45000

   Energies (kJ/mol)
           Bond        LJ (SR)   Coulomb (SR)      Potential    Kinetic En.
    7.78560e+00    0.00000e+00    0.00000e+00    7.78560e+00    3.33924e-01
   Total Energy  Conserved En.    Temperature Pressure (bar)
    8.11952e+00    5.31436e+01    2.67745e+01   -2.55160e+01

           Step           Time
         109000       54.50000

   Energies (kJ/mol)
           Bond        LJ (SR)   Coulomb (SR)      Potential    Kinetic En.
    6.26186e+00    0.00000e+00    0.00000e+00    6.26186e+00    1.23790e-01
   Total Energy  Conserved En.    Temperature Pressure (bar)
    6.38565e+00    5.29217e+01    9.92569e+00    2.06656e+01

           Step           Time
         109100       54.55000

   Energies (kJ/mol)
           Bond        LJ (SR)   Coulomb (SR)      Potential    Kinetic En.
    8.01779e+00    0.00000e+00    0.00000e+00    8.01779e+00    1.40945e+00
   Total Energy  Conserved En.    Temperature Pressure (bar)
    9.42724e+00    5.23845e+01    1.13012e+02   -2.57286e+01

           Step           Time
         109200       54.60000

   Energies (kJ/mol)
           Bond        LJ (SR)   Coulomb (SR)      Potential    Kinetic En.
    7.99266e+00    0.00000e+00    0.00000e+00    7.99266e+00    2.98756e+00
   Total Energy  Conserved En.    Temperature Pressure (bar)
    1.09802e+01    5.21696e+01    2.39547e+02    2.36813e+01

           Step           Time
         109300       54.65000

   Energies (kJ/mol)
           Bond        LJ (SR)   Coulomb (SR)      Potential    Kinetic En.
    8.01354e+00    0.00000e+00    0.00000e+00    8.01354e+00    4.74878e+00
   Total Energy  Conserved En.    Temperature Pressure (bar)
    1.27623e+01    5.20428e+01    3.80764e+02   -2.51438e+01

           Step           Time
         109400       54.70000

   Energies (kJ/mol)
           Bond        LJ (SR)   Coulomb (SR)      Potential    Kinetic En.
    3.89877e+00    0.00000e+00    0.00000e+00    3.89877e+00    5.39250e+00
   Total Energy  Conserved En.    Temperature Pressure (bar)
    9.29127e+00    5.12910e+01    4.32379e+02    1.74026e+01

           Step           Time
         109500       54.75000

   Energies (kJ/mol)
           Bond        LJ (SR)   Coulomb (SR)      Potential    Kinetic En.
    7.29187e+00    0.00000e+00    0.00000e+00    7.29187e+00    7.49773e+00
   Total Energy  Conserved En.    Temperature Pressure (bar)
    1.47896e+01    5.18001e+01    6.01179e+02   -2.34107e+01

           Step           Time
         109600       54.80000

   Energies (kJ/mol)
           Bond        LJ (SR)   Coulomb (SR)      Potential    Kinetic En.
    7.82868e+00    0.00000e+00    0.00000e+00    7.82868e+00    4.34501e+00
   Total Energy  Conserved En.    Temperature Pressure (bar)
    1.21737e+01    5.26520e+01    3.48389e+02    2.36914e+01

           Step           Time
         109700       54.85000

   Energies (kJ/mol)
           Bond        LJ (SR)   Coulomb (SR)      Potential    Kinetic En.
    8.36486e+00    0.00000e+00    0.00000e+00    8.36486e+00    4.50437e+00
   Total Energy  Conserved En.    Temperature Pressure (bar)
    1.28692e+01    5.30467e+01    3.61168e+02   -2.57799e+01

           Step           Time
         109800       54.90000

   Energies (kJ/mol)
           Bond        LJ (SR)   Coulomb (SR)      Potential    Kinetic En.
    4.72472e+00    0.00000e+00    0.00000e+00    4.72472e+00    4.50245e+00
   Total Energy  Conserved En.    Temperature Pressure (bar)
    9.22717e+00    5.26737e+01    3.61013e+02    1.88346e+01

           Step           Time
         109900       54.95000

   Energies (kJ/mol)
           Bond        LJ (SR)   Coulomb (SR)      Potential    Kinetic En.
    5.58729e+00    0.00000e+00    0.00000e+00    5.58729e+00    5.33397e+00
   Total Energy  Conserved En.    Temperature Pressure (bar)
    1.09213e+01    5.29432e+01    4.27686e+02   -2.05675e+01

           Step           Time
         110000       55.00000

   Energies (kJ/mol)
           Bond        LJ (SR)   Coulomb (SR)      Potential    Kinetic En.
    9.09041e+00    0.00000e+00    0.00000e+00    9.09041e+00    4.98159e+00
   Total Energy  Conserved En.    Temperature Pressure (bar)
    1.40720e+01    5.36940e+01    3.99432e+02    2.54678e+01

           Step           Time
         110100       55.05000

   Energies (kJ/mol)
           Bond        LJ (SR)   Coulomb (SR)      Potential    Kinetic En.
    5.52533e+00    0.00000e+00    0.00000e+00    5.52533e+00    9.00813e+00
   Total Energy  Conserved En.    Temperature Pressure (bar)
    1.45335e+01    5.27084e+01    7.22286e+02   -1.98071e+01

           Step           Time
         110200       55.10000

   Energies (kJ/mol)
           Bond        LJ (SR)   Coulomb (SR)      Potential    Kinetic En.
    1.95568e+00    0.00000e+00    0.00000e+00    1.95568e+00    1.02289e+01
   Total Energy  Conserved En.    Temperature Pressure (bar)
    1.21845e+01    5.17881e+01    8.20166e+02    1.35734e+01

           Step           Time
         110300       55.15000

   Energies (kJ/mol)
           Bond        LJ (SR)   Coulomb (SR)      Potential    Kinetic En.
    2.85082e-01    0.00000e+00    0.00000e+00    2.85082e-01    6.71721e+00
   Total Energy  Conserved En.    Temperature Pressure (bar)
    7.00229e+00    5.15095e+01    5.38596e+02   -3.52336e+00

           Step           Time
         110400       55.20000

   Energies (kJ/mol)
           Bond        LJ (SR)   Coulomb (SR)      Potential    Kinetic En.
    2.37100e-02    0.00000e+00    0.00000e+00    2.37100e-02    1.19109e+01
   Total Energy  Conserved En.    Temperature Pressure (bar)
    1.19346e+01    5.13289e+01    9.55037e+02    3.39313e+00

           Step           Time
         110500       55.25000

   Energies (kJ/mol)
           Bond        LJ (SR)   Coulomb (SR)      Potential    Kinetic En.
    1.71940e-01    0.00000e+00    0.00000e+00    1.71940e-01    9.02711e+00
   Total Energy  Conserved En.    Temperature Pressure (bar)
    9.19905e+00    5.09907e+01    7.23808e+02    5.13204e+00

           Step           Time
         110600       55.30000

   Energies (kJ/mol)
           Bond        LJ (SR)   Coulomb (SR)      Potential    Kinetic En.
    1.04666e+00    0.00000e+00    0.00000e+00    1.04666e+00    6.75054e+00
   Total Energy  Conserved En.    Temperature Pressure (bar)
    7.79720e+00    5.07101e+01    5.41269e+02   -7.89633e+00

           Step           Time
         110700       55.35000

   Energies (kJ/mol)
           Bond        LJ (SR)   Coulomb (SR)      Potential    Kinetic En.
    1.26364e+00    0.00000e+00    0.00000e+00    1.26364e+00    9.59919e+00
   Total Energy  Conserved En.    Temperature Pressure (bar)
    1.08628e+01    5.09738e+01    7.69678e+02    1.12022e+01

           Step           Time
         110800       55.40000

   Energies (kJ/mol)
           Bond        LJ (SR)   Coulomb (SR)      Potential    Kinetic En.
    1.66269e+00    0.00000e+00    0.00000e+00    1.66269e+00    1.29672e+01
   Total Energy  Conserved En.    Temperature Pressure (bar)
    1.46299e+01    5.12787e+01    1.03973e+03   -9.24054e+00

           Step           Time
         110900       55.45000

   Energies (kJ/mol)
           Bond        LJ (SR)   Coulomb (SR)      Potential    Kinetic En.
    1.24235e+00    0.00000e+00    0.00000e+00    1.24235e+00    1.07905e+01
   Total Energy  Conserved En.    Temperature Pressure (bar)
    1.20328e+01    5.15187e+01    8.65198e+02    1.13293e+01

           Step           Time
         111000       55.50000

   Energies (kJ/mol)
           Bond        LJ (SR)   Coulomb (SR)      Potential    Kinetic En.
    3.80061e+00    0.00000e+00    0.00000e+00    3.80061e+00    1.74519e+01
   Total Energy  Conserved En.    Temperature Pressure (bar)
    2.12525e+01    5.13450e+01    1.39932e+03   -1.45657e+01

           Step           Time
         111100       55.55000

   Energies (kJ/mol)
           Bond        LJ (SR)   Coulomb (SR)      Potential    Kinetic En.
    1.59965e+00    0.00000e+00    0.00000e+00    1.59965e+00    1.55565e+01
   Total Energy  Conserved En.    Temperature Pressure (bar)
    1.71561e+01    5.20497e+01    1.24734e+03    1.33958e+01

           Step           Time
         111200       55.60000

   Energies (kJ/mol)
           Bond        LJ (SR)   Coulomb (SR)      Potential    Kinetic En.
    1.98512e+00    0.00000e+00    0.00000e+00    1.98512e+00    6.91717e+00
   Total Energy  Conserved En.    Temperature Pressure (bar)
    8.90230e+00    5.17323e+01    5.54630e+02   -1.13803e+01

           Step           Time
         111300       55.65000

   Energies (kJ/mol)
           Bond        LJ (SR)   Coulomb (SR)      Potential    Kinetic En.
    1.78651e+00    0.00000e+00    0.00000e+00    1.78651e+00    1.27231e+01
   Total Energy  Conserved En.    Temperature Pressure (bar)
    1.45096e+01    5.24196e+01    1.02016e+03    1.34970e+01

           Step           Time
         111400       55.70000

   Energies (kJ/mol)
           Bond        LJ (SR)   Coulomb (SR)      Potential    Kinetic En.
    1.17522e+00    0.00000e+00    0.00000e+00    1.17522e+00    8.41626e+00
   Total Energy  Conserved En.    Temperature Pressure (bar)
    9.59148e+00    5.26008e+01    6.74829e+02   -8.16019e+00

           Step           Time
         111500       55.75000

   Energies (kJ/mol)
           Bond        LJ (SR)   Coulomb (SR)      Potential    Kinetic En.
    1.10220e+00    0.00000e+00    0.00000e+00    1.10220e+00    5.38783e+00
   Total Energy  Conserved En.    Temperature Pressure (bar)
    6.49003e+00    5.25946e+01    4.32005e+02    9.85687e+00

           Step           Time
         111600       55.80000

   Energies (kJ/mol)
           Bond        LJ (SR)   Coulomb (SR)      Potential    Kinetic En.
    2.92111e+00    0.00000e+00    0.00000e+00    2.92111e+00    5.13519e+00
   Total Energy  Conserved En.    Temperature Pressure (bar)
    8.05630e+00    5.23722e+01    4.11747e+02   -1.44568e+01

           Step           Time
         111700       55.85000

   Energies (kJ/mol)
           Bond        LJ (SR)   Coulomb (SR)      Potential    Kinetic En.
    3.12067e+00    0.00000e+00    0.00000e+00    3.12067e+00    5.65598e+00
   Total Energy  Conserved En.    Temperature Pressure (bar)
    8.77666e+00    5.25464e+01    4.53506e+02    1.57769e+01

           Step           Time
         111800       55.90000

   Energies (kJ/mol)
           Bond        LJ (SR)   Coulomb (SR)      Potential    Kinetic En.
    3.75064e+00    0.00000e+00    0.00000e+00    3.75064e+00    7.61250e+00
   Total Energy  Conserved En.    Temperature Pressure (bar)
    1.13631e+01    5.28334e+01    6.10382e+02   -1.61474e+01

           Step           Time
         111900       55.95000

   Energies (kJ/mol)
           Bond        LJ (SR)   Coulomb (SR)      Potential    Kinetic En.
    2.98158e+00    0.00000e+00    0.00000e+00    2.98158e+00    8.64699e+00
   Total Energy  Conserved En.    Temperature Pressure (bar)
    1.16286e+01    5.32705e+01    6.93329e+02    1.59726e+01

           Step           Time
         112000       56.00000

   Energies (kJ/mol)
           Bond        LJ (SR)   Coulomb (SR)      Potential    Kinetic En.
    3.26399e+00    0.00000e+00    0.00000e+00    3.26399e+00    7.04081e+00
   Total Energy  Conserved En.    Temperature Pressure (bar)
    1.03048e+01    5.32749e+01    5.64544e+02   -1.50333e+01

           Step           Time
         112100       56.05000

   Energies (kJ/mol)
           Bond        LJ (SR)   Coulomb (SR)      Potential    Kinetic En.
    8.64718e-01    0.00000e+00    0.00000e+00    8.64718e-01    5.74647e+00
   Total Energy  Conserved En.    Temperature Pressure (bar)
    6.61119e+00    5.37182e+01    4.60761e+02    8.91845e+00

           Step           Time
         112200       56.10000

   Energies (kJ/mol)
           Bond        LJ (SR)   Coulomb (SR)      Potential    Kinetic En.
    8.44845e-01    0.00000e+00    0.00000e+00    8.44845e-01    5.83439e+00
   Total Energy  Conserved En.    Temperature Pressure (bar)
    6.67923e+00    5.38385e+01    4.67810e+02   -7.11768e+00

           Step           Time
         112300       56.15000

   Energies (kJ/mol)
           Bond        LJ (SR)   Coulomb (SR)      Potential    Kinetic En.
    1.46703e+00    0.00000e+00    0.00000e+00    1.46703e+00    6.35896e+00
   Total Energy  Conserved En.    Temperature Pressure (bar)
    7.82599e+00    5.38277e+01    5.09871e+02    1.13627e+01

           Step           Time
         112400       56.20000

   Energies (kJ/mol)
           Bond        LJ (SR)   Coulomb (SR)      Potential    Kinetic En.
    1.62706e+00    0.00000e+00    0.00000e+00    1.62706e+00    4.15575e+00
   Total Energy  Conserved En.    Temperature Pressure (bar)
    5.78281e+00    5.38815e+01    3.33215e+02   -1.06379e+01

           Step           Time
         112500       56.25000

   Energies (kJ/mol)
           Bond        LJ (SR)   Coulomb (SR)      Potential    Kinetic En.
    1.72649e+00    0.00000e+00    0.00000e+00    1.72649e+00    6.11109e+00
   Total Energy  Conserved En.    Temperature Pressure (bar)
    7.83758e+00    5.42399e+01    4.89997e+02    1.21671e+01

           Step           Time
         112600       56.30000

   Energies (kJ/mol)
           Bond        LJ (SR)   Coulomb (SR)      Potential    Kinetic En.
    2.55657e+00    0.00000e+00    0.00000e+00    2.55657e+00    3.64483e+00
   Total Energy  Conserved En.    Temperature Pressure (bar)
    6.20141e+00    5.40311e+01    2.92249e+02   -1.36947e+01

           Step           Time
         112700       56.35000

   Energies (kJ/mol)
           Bond        LJ (SR)   Coulomb (SR)      Potential    Kinetic En.
    2.85436e+00    0.00000e+00    0.00000e+00    2.85436e+00    4.79234e+00
   Total Energy  Conserved En.    Temperature Pressure (bar)
    7.64669e+00    5.42459e+01    3.84257e+02    1.50045e+01

           Step           Time
         112800       56.40000

   Energies (kJ/mol)
           Bond        LJ (SR)   Coulomb (SR)      Potential    Kinetic En.
    5.12639e+00    0.00000e+00    0.00000e+00    5.12639e+00    6.50599e+00
   Total Energy  Conserved En.    Temperature Pressure (bar)
    1.16324e+01    5.43835e+01    5.21660e+02   -1.94203e+01

           Step           Time
         112900       56.45000

   Energies (kJ/mol)
           Bond        LJ (SR)   Coulomb (SR)      Potential    Kinetic En.
    3.88486e+00    0.00000e+00    0.00000e+00    3.88486e+00    6.48107e+00
   Total Energy  Conserved En.    Temperature Pressure (bar)
    1.03659e+01    5.47118e+01    5.19662e+02    1.75627e+01

           Step           Time
         113000       56.50000

   Energies (kJ/mol)
           Bond        LJ (SR)   Coulomb (SR)      Potential    Kinetic En.
    3.69197e+00    0.00000e+00    0.00000e+00    3.69197e+00    4.05818e+00
   Total Energy  Conserved En.    Temperature Pressure (bar)
    7.75015e+00    5.45991e+01    3.25392e+02   -1.66200e+01

           Step           Time
         113100       56.55000

   Energies (kJ/mol)
           Bond        LJ (SR)   Coulomb (SR)      Potential    Kinetic En.
    1.39693e+00    0.00000e+00    0.00000e+00    1.39693e+00    2.52025e+00
   Total Energy  Conserved En.    Temperature Pressure (bar)
    3.91718e+00    5.46366e+01    2.02078e+02    1.04565e+01

           Step           Time
         113200       56.60000

   Energies (kJ/mol)
           Bond        LJ (SR)   Coulomb (SR)      Potential    Kinetic En.
    3.21837e+00    0.00000e+00    0.00000e+00    3.21837e+00    6.38816e-02
   Total Energy  Conserved En.    Temperature Pressure (bar)
    3.28225e+00    5.40909e+01    5.12213e+00   -1.61222e+01

           Step           Time
         113300       56.65000

   Energies (kJ/mol)
           Bond        LJ (SR)   Coulomb (SR)      Potential    Kinetic En.
    4.41868e+00    0.00000e+00    0.00000e+00    4.41868e+00    1.01048e-01
   Total Energy  Conserved En.    Temperature Pressure (bar)
    4.51972e+00    5.42220e+01    8.10219e+00    1.75047e+01

           Step           Time
         113400       56.70000

   Energies (kJ/mol)
           Bond        LJ (SR)   Coulomb (SR)      Potential    Kinetic En.
    6.51577e+00    0.00000e+00    0.00000e+00    6.51577e+00    1.40770e-01
   Total Energy  Conserved En.    Temperature Pressure (bar)
    6.65654e+00    5.42383e+01    1.12872e+01   -2.32662e+01

           Step           Time
         113500       56.75000

   Energies (kJ/mol)
           Bond        LJ (SR)   Coulomb (SR)      Potential    Kinetic En.
    8.67182e+00    0.00000e+00    0.00000e+00    8.67182e+00    2.52828e-01
   Total Energy  Conserved En.    Temperature Pressure (bar)
    8.92465e+00    5.47045e+01    2.02721e+01    2.41125e+01

           Step           Time
         113600       56.80000

   Energies (kJ/mol)
           Bond        LJ (SR)   Coulomb (SR)      Potential    Kinetic En.
    7.00180e+00    0.00000e+00    0.00000e+00    7.00180e+00    7.24003e-01
   Total Energy  Conserved En.    Temperature Pressure (bar)
    7.72580e+00    5.52776e+01    5.80517e+01   -2.40611e+01

           Step           Time
         113700       56.85000

   Energies (kJ/mol)
           Bond        LJ (SR)   Coulomb (SR)      Potential    Kinetic En.
    6.23339e+00    0.00000e+00    0.00000e+00    6.23339e+00    2.02861e+00
   Total Energy  Conserved En.    Temperature Pressure (bar)
    8.26200e+00    5.59175e+01    1.62657e+02    2.09505e+01

           Step           Time
         113800       56.90000

   Energies (kJ/mol)
           Bond        LJ (SR)   Coulomb (SR)      Potential    Kinetic En.
    4.08461e+00    0.00000e+00    0.00000e+00    4.08461e+00    2.14821e-01
   Total Energy  Conserved En.    Temperature Pressure (bar)
    4.29943e+00    5.54091e+01    1.72247e+01   -1.82174e+01

           Step           Time
         113900       56.95000

   Energies (kJ/mol)
           Bond        LJ (SR)   Coulomb (SR)      Potential    Kinetic En.
    7.15507e+00    0.00000e+00    0.00000e+00    7.15507e+00    1.41446e-01
   Total Energy  Conserved En.    Temperature Pressure (bar)
    7.29652e+00    5.53094e+01    1.13414e+01    2.20121e+01

           Step           Time
         114000       57.00000

   Energies (kJ/mol)
           Bond        LJ (SR)   Coulomb (SR)      Potential    Kinetic En.
    2.55747e+00    0.00000e+00    0.00000e+00    2.55747e+00    1.50690e-01
   Total Energy  Conserved En.    Temperature Pressure (bar)
    2.70816e+00    5.48656e+01    1.20825e+01   -1.43017e+01

           Step           Time
         114100       57.05000

   Energies (kJ/mol)
           Bond        LJ (SR)   Coulomb (SR)      Potential    Kinetic En.
    4.93354e+00    0.00000e+00    0.00000e+00    4.93354e+00    1.67909e+00
   Total Energy  Conserved En.    Temperature Pressure (bar)
    6.61262e+00    5.47674e+01    1.34632e+02    1.87227e+01

           Step           Time
         114200       57.10000

   Energies (kJ/mol)
           Bond        LJ (SR)   Coulomb (SR)      Potential    Kinetic En.
    2.99570e+00    0.00000e+00    0.00000e+00    2.99570e+00    3.15065e+00
   Total Energy  Conserved En.    Temperature Pressure (bar)
    6.14635e+00    5.42716e+01    2.52624e+02   -1.50013e+01

           Step           Time
         114300       57.15000

   Energies (kJ/mol)
           Bond        LJ (SR)   Coulomb (SR)      Potential    Kinetic En.
    2.34256e+00    0.00000e+00    0.00000e+00    2.34256e+00    2.90823e+00
   Total Energy  Conserved En.    Temperature Pressure (bar)
    5.25078e+00    5.42996e+01    2.33186e+02    1.33870e+01

           Step           Time
         114400       57.20000

   Energies (kJ/mol)
           Bond        LJ (SR)   Coulomb (SR)      Potential    Kinetic En.
    2.01409e-02    0.00000e+00    0.00000e+00    2.01409e-02    3.58614e+00
   Total Energy  Conserved En.    Temperature Pressure (bar)
    3.60629e+00    5.33296e+01    2.87543e+02   -6.15414e-01

           Step           Time
         114500       57.25000

   Energies (kJ/mol)
           Bond        LJ (SR)   Coulomb (SR)      Potential    Kinetic En.
    5.10516e-02    0.00000e+00    0.00000e+00    5.10516e-02    4.12722e+00
   Total Energy  Conserved En.    Temperature Pressure (bar)
    4.17827e+00    5.34312e+01    3.30927e+02    2.66688e+00

           Step           Time
         114600       57.30000

   Energies (kJ/mol)
           Bond        LJ (SR)   Coulomb (SR)      Potential    Kinetic En.
    4.40214e-02    0.00000e+00    0.00000e+00    4.40214e-02    3.31575e+00
   Total Energy  Conserved En.    Temperature Pressure (bar)
    3.35977e+00    5.35049e+01    2.65862e+02   -1.25582e+00

           Step           Time
         114700       57.35000

   Energies (kJ/mol)
           Bond        LJ (SR)   Coulomb (SR)      Potential    Kinetic En.
    5.26016e-01    0.00000e+00    0.00000e+00    5.26016e-01    4.56998e+00
   Total Energy  Conserved En.    Temperature Pressure (bar)
    5.09600e+00    5.38035e+01    3.66428e+02    6.99678e+00

           Step           Time
         114800       57.40000

   Energies (kJ/mol)
           Bond        LJ (SR)   Coulomb (SR)      Potential    Kinetic En.
    9.03488e-02    0.00000e+00    0.00000e+00    9.03488e-02    7.56692e+00
   Total Energy  Conserved En.    Temperature Pressure (bar)
    7.65727e+00    5.35448e+01    6.06727e+02   -1.31661e+00

           Step           Time
         114900       57.45000

   Energies (kJ/mol)
           Bond        LJ (SR)   Coulomb (SR)      Potential    Kinetic En.
    3.52144e-01    0.00000e+00    0.00000e+00    3.52144e-01    5.68053e+00
   Total Energy  Conserved En.    Temperature Pressure (bar)
    6.03268e+00    5.39252e+01    4.55474e+02    6.07412e+00

           Step           Time
         115000       57.50000

   Energies (kJ/mol)
           Bond        LJ (SR)   Coulomb (SR)      Potential    Kinetic En.
    7.28515e-03    0.00000e+00    0.00000e+00    7.28515e-03    6.91338e+00
   Total Energy  Conserved En.    Temperature Pressure (bar)
    6.92066e+00    5.36073e+01    5.54325e+02    4.53472e-01

           Step           Time
         115100       57.55000

   Energies (kJ/mol)
           Bond        LJ (SR)   Coulomb (SR)      Potential    Kinetic En.
    1.92958e-02    0.00000e+00    0.00000e+00    1.92958e-02    4.05122e+00
   Total Energy  Conserved En.    Temperature Pressure (bar)
    4.07052e+00    5.37774e+01    3.24833e+02    1.90352e+00

           Step           Time
         115200       57.60000

   Energies (kJ/mol)
           Bond        LJ (SR)   Coulomb (SR)      Potential    Kinetic En.
    9.55765e-01    0.00000e+00    0.00000e+00    9.55765e-01    3.13908e+00
   Total Energy  Conserved En.    Temperature Pressure (bar)
    4.09484e+00    5.43057e+01    2.51696e+02   -8.11082e+00

           Step           Time
         115300       57.65000

   Energies (kJ/mol)
           Bond        LJ (SR)   Coulomb (SR)      Potential    Kinetic En.
    8.29726e-02    0.00000e+00    0.00000e+00    8.29726e-02    4.34257e+00
   Total Energy  Conserved En.    Temperature Pressure (bar)
    4.42555e+00    5.38078e+01    3.48194e+02    3.23784e+00

           Step           Time
         115400       57.70000

   Energies (kJ/mol)
           Bond        LJ (SR)   Coulomb (SR)      Potential    Kinetic En.
    1.18428e-01    0.00000e+00    0.00000e+00    1.18428e-01    4.14003e+00
   Total Energy  Conserved En.    Temperature Pressure (bar)
    4.25846e+00    5.39629e+01    3.31954e+02   -2.29238e+00

           Step           Time
         115500       57.75000

   Energies (kJ/mol)
           Bond        LJ (SR)   Coulomb (SR)      Potential    Kinetic En.
    6.51073e-03    0.00000e+00    0.00000e+00    6.51073e-03    3.63689e+00
   Total Energy  Conserved En.    Temperature Pressure (bar)
    3.64340e+00    5.39014e+01    2.91612e+02    1.32856e+00

           Step           Time
         115600       57.80000

   Energies (kJ/mol)
           Bond        LJ (SR)   Coulomb (SR)      Potential    Kinetic En.
    1.04740e+00    0.00000e+00    0.00000e+00    1.04740e+00    4.01888e+00
   Total Energy  Conserved En.    Temperature Pressure (bar)
    5.06628e+00    5.33276e+01    3.22240e+02    9.40008e+00

           Step           Time
         115700       57.85000

   Energies (kJ/mol)
           Bond        LJ (SR)   Coulomb (SR)      Potential    Kinetic En.
    1.01918e+00    0.00000e+00    0.00000e+00    1.01918e+00    6.42425e+00
   Total Energy  Conserved En.    Temperature Pressure (bar)
    7.44343e+00    5.36379e+01    5.15106e+02   -7.83064e+00

           Step           Time
         115800       57.90000

   Energies (kJ/mol)
           Bond        LJ (SR)   Coulomb (SR)      Potential    Kinetic En.
    6.09662e-01    0.00000e+00    0.00000e+00    6.09662e-01    5.66618e+00
   Total Energy  Conserved En.    Temperature Pressure (bar)
    6.27585e+00    5.38261e+01    4.54324e+02    7.65415e+00

           Step           Time
         115900       57.95000

   Energies (kJ/mol)
           Bond        LJ (SR)   Coulomb (SR)      Potential    Kinetic En.
    1.00935e+00    0.00000e+00    0.00000e+00    1.00935e+00    5.16682e+00
   Total Energy  Conserved En.    Temperature Pressure (bar)
    6.17618e+00    5.37819e+01    4.14284e+02   -8.00408e+00

           Step           Time
         116000       58.00000

   Energies (kJ/mol)
           Bond        LJ (SR)   Coulomb (SR)      Potential    Kinetic En.
    6.52855e-01    0.00000e+00    0.00000e+00    6.52855e-01    4.36003e+00
   Total Energy  Conserved En.    Temperature Pressure (bar)
    5.01289e+00    5.40025e+01    3.49594e+02    7.65680e+00

           Step           Time
         116100       58.05000

   Energies (kJ/mol)
           Bond        LJ (SR)   Coulomb (SR)      Potential    Kinetic En.
    8.26312e-01    0.00000e+00    0.00000e+00    8.26312e-01    1.48036e+00
   Total Energy  Conserved En.    Temperature Pressure (bar)
    2.30667e+00    5.39118e+01    1.18698e+02   -7.77957e+00

           Step           Time
         116200       58.10000

   Energies (kJ/mol)
           Bond        LJ (SR)   Coulomb (SR)      Potential    Kinetic En.
    1.02723e-01    0.00000e+00    0.00000e+00    1.02723e-01    1.52007e+00
   Total Energy  Conserved En.    Temperature Pressure (bar)
    1.62279e+00    5.40810e+01    1.21881e+02    3.02799e+00

           Step           Time
         116300       58.15000

   Energies (kJ/mol)
           Bond        LJ (SR)   Coulomb (SR)      Potential    Kinetic En.
    2.14644e-01    0.00000e+00    0.00000e+00    2.14644e-01    3.51413e+00
   Total Energy  Conserved En.    Temperature Pressure (bar)
    3.72877e+00    5.43884e+01    2.81768e+02    4.59338e+00

           Step           Time
         116400       58.20000

   Energies (kJ/mol)
           Bond        LJ (SR)   Coulomb (SR)      Potential    Kinetic En.
    1.07639e-01    0.00000e+00    0.00000e+00    1.07639e-01    1.32245e+00
   Total Energy  Conserved En.    Temperature Pressure (bar)
    1.43009e+00    5.44847e+01    1.06036e+02   -2.63852e+00

           Step           Time
         116500       58.25000

   Energies (kJ/mol)
           Bond        LJ (SR)   Coulomb (SR)      Potential    Kinetic En.
    5.46568e-01    0.00000e+00    0.00000e+00    5.46568e-01    4.10206e+00
   Total Energy  Conserved En.    Temperature Pressure (bar)
    4.64863e+00    5.46039e+01    3.28910e+02    7.03413e+00

           Step           Time
         116600       58.30000

   Energies (kJ/mol)
           Bond        LJ (SR)   Coulomb (SR)      Potential    Kinetic En.
    1.77566e-01    0.00000e+00    0.00000e+00    1.77566e-01    3.45071e+00
   Total Energy  Conserved En.    Temperature Pressure (bar)
    3.62828e+00    5.45079e+01    2.76683e+02   -3.09259e+00

           Step           Time
         116700       58.35000

   Energies (kJ/mol)
           Bond        LJ (SR)   Coulomb (SR)      Potential    Kinetic En.
    2.10784e+00    0.00000e+00    0.00000e+00    2.10784e+00    2.74387e+00
   Total Energy  Conserved En.    Temperature Pressure (bar)
    4.85172e+00    5.35931e+01    2.20008e+02   -1.24959e+01

           Step           Time
         116800       58.40000

   Energies (kJ/mol)
           Bond        LJ (SR)   Coulomb (SR)      Potential    Kinetic En.
    1.28289e+00    0.00000e+00    0.00000e+00    1.28289e+00    2.83655e+00
   Total Energy  Conserved En.    Temperature Pressure (bar)
    4.11943e+00    5.39035e+01    2.27439e+02    1.01031e+01

           Step           Time
         116900       58.45000

   Energies (kJ/mol)
           Bond        LJ (SR)   Coulomb (SR)      Potential    Kinetic En.
    1.14088e+00    0.00000e+00    0.00000e+00    1.14088e+00    2.63662e+00
   Total Energy  Conserved En.    Temperature Pressure (bar)
    3.77750e+00    5.39842e+01    2.11408e+02   -9.01542e+00

           Step           Time
         117000       58.50000

   Energies (kJ/mol)
           Bond        LJ (SR)   Coulomb (SR)      Potential    Kinetic En.
    1.13932e+00    0.00000e+00    0.00000e+00    1.13932e+00    2.34646e+00
   Total Energy  Conserved En.    Temperature Pressure (bar)
    3.48578e+00    5.40636e+01    1.88143e+02    9.47662e+00

           Step           Time
         117100       58.55000

   Energies (kJ/mol)
           Bond        LJ (SR)   Coulomb (SR)      Potential    Kinetic En.
    1.04858e+00    0.00000e+00    0.00000e+00    1.04858e+00    2.84747e+00
   Total Energy  Conserved En.    Temperature Pressure (bar)
    3.89605e+00    5.42400e+01    2.28315e+02   -8.57992e+00

           Step           Time
         117200       58.60000

   Energies (kJ/mol)
           Bond        LJ (SR)   Coulomb (SR)      Potential    Kinetic En.
    3.07638e-01    0.00000e+00    0.00000e+00    3.07638e-01    3.41518e+00
   Total Energy  Conserved En.    Temperature Pressure (bar)
    3.72282e+00    5.44567e+01    2.73835e+02    5.35338e+00

           Step           Time
         117300       58.65000

   Energies (kJ/mol)
           Bond        LJ (SR)   Coulomb (SR)      Potential    Kinetic En.
    6.71837e-01    0.00000e+00    0.00000e+00    6.71837e-01    1.72709e+00
   Total Energy  Conserved En.    Temperature Pressure (bar)
    2.39893e+00    5.44144e+01    1.38481e+02   -6.93430e+00

           Step           Time
         117400       58.70000

   Energies (kJ/mol)
           Bond        LJ (SR)   Coulomb (SR)      Potential    Kinetic En.
    3.48771e+00    0.00000e+00    0.00000e+00    3.48771e+00    1.17884e+00
   Total Energy  Conserved En.    Temperature Pressure (bar)
    4.66655e+00    5.40384e+01    9.45209e+01    1.58159e+01

           Step           Time
         117500       58.75000

   Energies (kJ/mol)
           Bond        LJ (SR)   Coulomb (SR)      Potential    Kinetic En.
    4.78706e+00    0.00000e+00    0.00000e+00    4.78706e+00    9.46637e-02
   Total Energy  Conserved En.    Temperature Pressure (bar)
    4.88172e+00    5.35691e+01    7.59028e+00   -1.98088e+01

           Step           Time
         117600       58.80000

   Energies (kJ/mol)
           Bond        LJ (SR)   Coulomb (SR)      Potential    Kinetic En.
    4.11437e+00    0.00000e+00    0.00000e+00    4.11437e+00    1.85541e-01
   Total Energy  Conserved En.    Temperature Pressure (bar)
    4.29992e+00    5.34582e+01    1.48770e+01    1.69323e+01

           Step           Time
         117700       58.85000

   Energies (kJ/mol)
           Bond        LJ (SR)   Coulomb (SR)      Potential    Kinetic En.
    3.57780e+00    0.00000e+00    0.00000e+00    3.57780e+00    2.50998e+00
   Total Energy  Conserved En.    Temperature Pressure (bar)
    6.08778e+00    5.29884e+01    2.01254e+02   -1.66081e+01

           Step           Time
         117800       58.90000

   Energies (kJ/mol)
           Bond        LJ (SR)   Coulomb (SR)      Potential    Kinetic En.
    3.15711e+00    0.00000e+00    0.00000e+00    3.15711e+00    4.02309e-01
   Total Energy  Conserved En.    Temperature Pressure (bar)
    3.55942e+00    5.35992e+01    3.22578e+01    1.49511e+01

           Step           Time
         117900       58.95000

   Energies (kJ/mol)
           Bond        LJ (SR)   Coulomb (SR)      Potential    Kinetic En.
    2.82533e+00    0.00000e+00    0.00000e+00    2.82533e+00    1.06988e-01
   Total Energy  Conserved En.    Temperature Pressure (bar)
    2.93232e+00    5.38345e+01    8.57846e+00   -1.50647e+01

           Step           Time
         118000       59.00000

   Energies (kJ/mol)
           Bond        LJ (SR)   Coulomb (SR)      Potential    Kinetic En.
    2.18086e+00    0.00000e+00    0.00000e+00    2.18086e+00    1.74288e-01
   Total Energy  Conserved En.    Temperature Pressure (bar)
    2.35515e+00    5.42264e+01    1.39747e+01    1.24753e+01

           Step           Time
         118100       59.05000

   Energies (kJ/mol)
           Bond        LJ (SR)   Coulomb (SR)      Potential    Kinetic En.
    6.11760e+00    0.00000e+00    0.00000e+00    6.11760e+00    3.53064e-01
   Total Energy  Conserved En.    Temperature Pressure (bar)
    6.47067e+00    5.42427e+01    2.83092e+01   -2.24727e+01

           Step           Time
         118200       59.10000

   Energies (kJ/mol)
           Bond        LJ (SR)   Coulomb (SR)      Potential    Kinetic En.
    6.38422e+00    0.00000e+00    0.00000e+00    6.38422e+00    1.34434e-01
   Total Energy  Conserved En.    Temperature Pressure (bar)
    6.51865e+00    5.41029e+01    1.07791e+01    2.08575e+01

           Step           Time
         118300       59.15000

   Energies (kJ/mol)
           Bond        LJ (SR)   Coulomb (SR)      Potential    Kinetic En.
    1.04950e+01    0.00000e+00    0.00000e+00    1.04950e+01    7.17538e-01
   Total Energy  Conserved En.    Temperature Pressure (bar)
    1.12126e+01    5.47635e+01    5.75333e+01   -2.98197e+01

           Step           Time
         118400       59.20000

   Energies (kJ/mol)
           Bond        LJ (SR)   Coulomb (SR)      Potential    Kinetic En.
    1.51453e+01    0.00000e+00    0.00000e+00    1.51453e+01    4.55086e-01
   Total Energy  Conserved En.    Temperature Pressure (bar)
    1.56004e+01    5.49118e+01    3.64895e+01    3.12493e+01

           Step           Time
         118500       59.25000

   Energies (kJ/mol)
           Bond        LJ (SR)   Coulomb (SR)      Potential    Kinetic En.
    7.25541e+00    0.00000e+00    0.00000e+00    7.25541e+00    1.43667e-01
   Total Energy  Conserved En.    Temperature Pressure (bar)
    7.39908e+00    5.43152e+01    1.15194e+01   -2.46177e+01

           Step           Time
         118600       59.30000

   Energies (kJ/mol)
           Bond        LJ (SR)   Coulomb (SR)      Potential    Kinetic En.
    6.56688e+00    0.00000e+00    0.00000e+00    6.56688e+00    1.31548e-01
   Total Energy  Conserved En.    Temperature Pressure (bar)
    6.69843e+00    5.44273e+01    1.05478e+01    2.11370e+01

           Step           Time
         118700       59.35000

   Energies (kJ/mol)
           Bond        LJ (SR)   Coulomb (SR)      Potential    Kinetic En.
    4.14822e+00    0.00000e+00    0.00000e+00    4.14822e+00    5.46034e-01
   Total Energy  Conserved En.    Temperature Pressure (bar)
    4.69425e+00    5.41064e+01    4.37818e+01   -1.83072e+01

           Step           Time
         118800       59.40000

   Energies (kJ/mol)
           Bond        LJ (SR)   Coulomb (SR)      Potential    Kinetic En.
    4.86974e+00    0.00000e+00    0.00000e+00    4.86974e+00    3.14075e+00
   Total Energy  Conserved En.    Temperature Pressure (bar)
    8.01049e+00    5.37437e+01    2.51831e+02    1.88614e+01

           Step           Time
         118900       59.45000

   Energies (kJ/mol)
           Bond        LJ (SR)   Coulomb (SR)      Potential    Kinetic En.
    6.47558e+00    0.00000e+00    0.00000e+00    6.47558e+00    1.23368e+00
   Total Energy  Conserved En.    Temperature Pressure (bar)
    7.70926e+00    5.45829e+01    9.89183e+01   -2.30017e+01

           Step           Time
         119000       59.50000

   Energies (kJ/mol)
           Bond        LJ (SR)   Coulomb (SR)      Potential    Kinetic En.
    4.86472e+00    0.00000e+00    0.00000e+00    4.86472e+00    1.09843e+00
   Total Energy  Conserved En.    Temperature Pressure (bar)
    5.96315e+00    5.45868e+01    8.80741e+01    1.84991e+01

           Step           Time
         119100       59.55000

   Energies (kJ/mol)
           Bond        LJ (SR)   Coulomb (SR)      Potential    Kinetic En.
    5.07382e+00    0.00000e+00    0.00000e+00    5.07382e+00    3.06026e+00
   Total Energy  Conserved En.    Temperature Pressure (bar)
    8.13408e+00    5.43563e+01    2.45376e+02   -1.99062e+01

           Step           Time
         119200       59.60000

   Energies (kJ/mol)
           Bond        LJ (SR)   Coulomb (SR)      Potential    Kinetic En.
    2.51861e+00    0.00000e+00    0.00000e+00    2.51861e+00    2.73989e+00
   Total Energy  Conserved En.    Temperature Pressure (bar)
    5.25850e+00    5.40729e+01    2.19689e+02    1.38178e+01

           Step           Time
         119300       59.65000

   Energies (kJ/mol)
           Bond        LJ (SR)   Coulomb (SR)      Potential    Kinetic En.
    3.44623e+00    0.00000e+00    0.00000e+00    3.44623e+00    2.74055e+00
   Total Energy  Conserved En.    Temperature Pressure (bar)
    6.18677e+00    5.43692e+01    2.19741e+02   -1.62406e+01

           Step           Time
         119400       59.70000

   Energies (kJ/mol)
           Bond        LJ (SR)   Coulomb (SR)      Potential    Kinetic En.
    2.83761e+00    0.00000e+00    0.00000e+00    2.83761e+00    2.60578e+00
   Total Energy  Conserved En.    Temperature Pressure (bar)
    5.44339e+00    5.44084e+01    2.08935e+02    1.45861e+01

           Step           Time
         119500       59.75000

   Energies (kJ/mol)
           Bond        LJ (SR)   Coulomb (SR)      Potential    Kinetic En.
    2.09414e-01    0.00000e+00    0.00000e+00    2.09414e-01    5.19411e+00
   Total Energy  Conserved En.    Temperature Pressure (bar)
    5.40353e+00    5.32439e+01    4.16472e+02   -3.11113e+00

           Step           Time
         119600       59.80000

   Energies (kJ/mol)
           Bond        LJ (SR)   Coulomb (SR)      Potential    Kinetic En.
    1.73420e+00    0.00000e+00    0.00000e+00    1.73420e+00    8.84196e+00
   Total Energy  Conserved En.    Temperature Pressure (bar)
    1.05762e+01    5.37470e+01    7.08963e+02    1.26636e+01

           Step           Time
         119700       59.85000

   Energies (kJ/mol)
           Bond        LJ (SR)   Coulomb (SR)      Potential    Kinetic En.
    3.19331e-01    0.00000e+00    0.00000e+00    3.19331e-01    4.25004e+00
   Total Energy  Conserved En.    Temperature Pressure (bar)
    4.56937e+00    5.35520e+01    3.40775e+02   -4.22663e+00

           Step           Time
         119800       59.90000

   Energies (kJ/mol)
           Bond        LJ (SR)   Coulomb (SR)      Potential    Kinetic En.
    1.56130e+00    0.00000e+00    0.00000e+00    1.56130e+00    5.60639e+00
   Total Energy  Conserved En.    Temperature Pressure (bar)
    7.16769e+00    5.39917e+01    4.49529e+02    1.15489e+01

           Step           Time
         119900       59.95000

   Energies (kJ/mol)
           Bond        LJ (SR)   Coulomb (SR)      Potential    Kinetic En.
    2.91919e+00    0.00000e+00    0.00000e+00    2.91919e+00    3.65129e+00
   Total Energy  Conserved En.    Temperature Pressure (bar)
    6.57048e+00    5.45367e+01    2.92766e+02   -1.47083e+01

           Step           Time
         120000       60.00000

   Energies (kJ/mol)
           Bond        LJ (SR)   Coulomb (SR)      Potential    Kinetic En.
    3.27811e+00    0.00000e+00    0.00000e+00    3.27811e+00    1.57891e+00
   Total Energy  Conserved En.    Temperature Pressure (bar)
    4.85701e+00    5.50742e+01    1.26599e+02    1.54265e+01

           Step           Time
         120100       60.05000

   Energies (kJ/mol)
           Bond        LJ (SR)   Coulomb (SR)      Potential    Kinetic En.
    4.37020e+00    0.00000e+00    0.00000e+00    4.37020e+00    9.87509e-01
   Total Energy  Conserved En.    Temperature Pressure (bar)
    5.35771e+00    5.54787e+01    7.91800e+01   -1.87363e+01

           Step           Time
         120200       60.10000

   Energies (kJ/mol)
           Bond        LJ (SR)   Coulomb (SR)      Potential    Kinetic En.
    3.38885e+00    0.00000e+00    0.00000e+00    3.38885e+00    1.65282e+00
   Total Energy  Conserved En.    Temperature Pressure (bar)
    5.04167e+00    5.52855e+01    1.32526e+02    1.56835e+01

           Step           Time
         120300       60.15000

   Energies (kJ/mol)
           Bond        LJ (SR)   Coulomb (SR)      Potential    Kinetic En.
    4.12004e-01    0.00000e+00    0.00000e+00    4.12004e-01    2.69471e+00
   Total Energy  Conserved En.    Temperature Pressure (bar)
    3.10672e+00    5.42615e+01    2.16066e+02   -5.17836e+00

           Step           Time
         120400       60.20000

   Energies (kJ/mol)
           Bond        LJ (SR)   Coulomb (SR)      Potential    Kinetic En.
    7.27523e-01    0.00000e+00    0.00000e+00    7.27523e-01    4.46665e+00
   Total Energy  Conserved En.    Temperature Pressure (bar)
    5.19417e+00    5.43869e+01    3.58143e+02    8.05266e+00

           Step           Time
         120500       60.25000

   Energies (kJ/mol)
           Bond        LJ (SR)   Coulomb (SR)      Potential    Kinetic En.
    2.04116e-02    0.00000e+00    0.00000e+00    2.04116e-02    4.43488e+00
   Total Energy  Conserved En.    Temperature Pressure (bar)
    4.45529e+00    5.39614e+01    3.55596e+02   -4.76904e-01

           Step           Time
         120600       60.30000

   Energies (kJ/mol)
           Bond        LJ (SR)   Coulomb (SR)      Potential    Kinetic En.
    5.78887e-02    0.00000e+00    0.00000e+00    5.78887e-02    7.06975e+00
   Total Energy  Conserved En.    Temperature Pressure (bar)
    7.12763e+00    5.39632e+01    5.66863e+02   -8.76200e-01

           Step           Time
         120700       60.35000

   Energies (kJ/mol)
           Bond        LJ (SR)   Coulomb (SR)      Potential    Kinetic En.
    1.41130e-01    0.00000e+00    0.00000e+00    1.41130e-01    5.93848e+00
   Total Energy  Conserved En.    Temperature Pressure (bar)
    6.07961e+00    5.44448e+01    4.76157e+02   -2.25906e+00

           Step           Time
         120800       60.40000

   Energies (kJ/mol)
           Bond        LJ (SR)   Coulomb (SR)      Potential    Kinetic En.
    3.29219e-01    0.00000e+00    0.00000e+00    3.29219e-01    8.10191e+00
   Total Energy  Conserved En.    Temperature Pressure (bar)
    8.43113e+00    5.46835e+01    6.49624e+02    6.32638e+00

           Step           Time
         120900       60.45000

   Energies (kJ/mol)
           Bond        LJ (SR)   Coulomb (SR)      Potential    Kinetic En.
    6.63860e-01    0.00000e+00    0.00000e+00    6.63860e-01    1.53528e+01
   Total Energy  Conserved En.    Temperature Pressure (bar)
    1.60167e+01    5.50513e+01    1.23101e+03   -4.53365e+00

           Step           Time
         121000       60.50000

   Energies (kJ/mol)
           Bond        LJ (SR)   Coulomb (SR)      Potential    Kinetic En.
    2.24273e-01    0.00000e+00    0.00000e+00    2.24273e-01    1.19472e+01
   Total Energy  Conserved En.    Temperature Pressure (bar)
    1.21715e+01    5.50208e+01    9.57944e+02    6.13965e+00

           Step           Time
         121100       60.55000

   Energies (kJ/mol)
           Bond        LJ (SR)   Coulomb (SR)      Potential    Kinetic En.
    9.75986e-02    0.00000e+00    0.00000e+00    9.75986e-02    5.66670e+00
   Total Energy  Conserved En.    Temperature Pressure (bar)
    5.76430e+00    5.46127e+01    4.54365e+02    3.67584e+00

           Step           Time
         121200       60.60000

   Energies (kJ/mol)
           Bond        LJ (SR)   Coulomb (SR)      Potential    Kinetic En.
    1.56211e+00    0.00000e+00    0.00000e+00    1.56211e+00    4.04329e+00
   Total Energy  Conserved En.    Temperature Pressure (bar)
    5.60540e+00    5.40261e+01    3.24197e+02   -1.04228e+01

           Step           Time
         121300       60.65000

   Energies (kJ/mol)
           Bond        LJ (SR)   Coulomb (SR)      Potential    Kinetic En.
    2.00103e+00    0.00000e+00    0.00000e+00    2.00103e+00    4.13929e+00
   Total Energy  Conserved En.    Temperature Pressure (bar)
    6.14031e+00    5.40620e+01    3.31894e+02    1.26522e+01

           Step           Time
         121400       60.70000

   Energies (kJ/mol)
           Bond        LJ (SR)   Coulomb (SR)      Potential    Kinetic En.
    2.72247e+00    0.00000e+00    0.00000e+00    2.72247e+00    4.34506e+00
   Total Energy  Conserved En.    Temperature Pressure (bar)
    7.06753e+00    5.41105e+01    3.48394e+02   -1.40457e+01

           Step           Time
         121500       60.75000

   Energies (kJ/mol)
           Bond        LJ (SR)   Coulomb (SR)      Potential    Kinetic En.
    6.52826e-01    0.00000e+00    0.00000e+00    6.52826e-01    1.85937e+00
   Total Energy  Conserved En.    Temperature Pressure (bar)
    2.51220e+00    5.41307e+01    1.49087e+02    7.22410e+00

           Step           Time
         121600       60.80000

   Energies (kJ/mol)
           Bond        LJ (SR)   Coulomb (SR)      Potential    Kinetic En.
    8.69000e-01    0.00000e+00    0.00000e+00    8.69000e-01    1.21045e+00
   Total Energy  Conserved En.    Temperature Pressure (bar)
    2.07945e+00    5.40921e+01    9.70560e+01   -8.03494e+00

           Step           Time
         121700       60.85000

   Energies (kJ/mol)
           Bond        LJ (SR)   Coulomb (SR)      Potential    Kinetic En.
    3.86511e-01    0.00000e+00    0.00000e+00    3.86511e-01    2.84669e+00
   Total Energy  Conserved En.    Temperature Pressure (bar)
    3.23321e+00    5.43617e+01    2.28252e+02    5.82357e+00

           Step           Time
         121800       60.90000

   Energies (kJ/mol)
           Bond        LJ (SR)   Coulomb (SR)      Potential    Kinetic En.
    4.31880e-01    0.00000e+00    0.00000e+00    4.31880e-01    3.20460e+00
   Total Energy  Conserved En.    Temperature Pressure (bar)
    3.63648e+00    5.44454e+01    2.56950e+02   -5.22644e+00

           Step           Time
         121900       60.95000

   Energies (kJ/mol)
           Bond        LJ (SR)   Coulomb (SR)      Potential    Kinetic En.
    6.92820e-01    0.00000e+00    0.00000e+00    6.92820e-01    1.16765e+00
   Total Energy  Conserved En.    Temperature Pressure (bar)
    1.86047e+00    5.43118e+01    9.36242e+01    7.30923e+00

           Step           Time
         122000       61.00000

   Energies (kJ/mol)
           Bond        LJ (SR)   Coulomb (SR)      Potential    Kinetic En.
    2.57897e-01    0.00000e+00    0.00000e+00    2.57897e-01    2.14053e+00
   Total Energy  Conserved En.    Temperature Pressure (bar)
    2.39842e+00    5.45329e+01    1.71631e+02   -4.08373e+00

           Step           Time
         122100       61.05000

   Energies (kJ/mol)
           Bond        LJ (SR)   Coulomb (SR)      Potential    Kinetic En.
    6.19975e-01    0.00000e+00    0.00000e+00    6.19975e-01    5.64823e+00
   Total Energy  Conserved En.    Temperature Pressure (bar)
    6.26820e+00    5.46899e+01    4.52884e+02    7.70636e+00

           Step           Time
         122200       61.10000

   Energies (kJ/mol)
           Bond        LJ (SR)   Coulomb (SR)      Potential    Kinetic En.
    3.41449e-01    0.00000e+00    0.00000e+00    3.41449e-01    5.66354e+00
   Total Energy  Conserved En.    Temperature Pressure (bar)
    6.00499e+00    5.49221e+01    4.54111e+02   -4.15302e+00

           Step           Time
         122300       61.15000

   Energies (kJ/mol)
           Bond        LJ (SR)   Coulomb (SR)      Potential    Kinetic En.
    1.08152e+00    0.00000e+00    0.00000e+00    1.08152e+00    7.16202e+00
   Total Energy  Conserved En.    Temperature Pressure (bar)
    8.24353e+00    5.48269e+01    5.74262e+02    1.00814e+01

           Step           Time
         122400       61.20000

   Energies (kJ/mol)
           Bond        LJ (SR)   Coulomb (SR)      Potential    Kinetic En.
    3.71364e+00    0.00000e+00    0.00000e+00    3.71364e+00    4.79350e+00
   Total Energy  Conserved En.    Temperature Pressure (bar)
    8.50714e+00    5.41831e+01    3.84350e+02   -1.65454e+01

           Step           Time
         122500       61.25000

   Energies (kJ/mol)
           Bond        LJ (SR)   Coulomb (SR)      Potential    Kinetic En.
    3.32618e+00    0.00000e+00    0.00000e+00    3.32618e+00    4.65109e+00
   Total Energy  Conserved En.    Temperature Pressure (bar)
    7.97727e+00    5.44421e+01    3.72932e+02    1.60645e+01

           Step           Time
         122600       61.30000

   Energies (kJ/mol)
           Bond        LJ (SR)   Coulomb (SR)      Potential    Kinetic En.
    2.44085e+00    0.00000e+00    0.00000e+00    2.44085e+00    3.42372e+00
   Total Energy  Conserved En.    Temperature Pressure (bar)
    5.86456e+00    5.44921e+01    2.74519e+02   -1.33951e+01

           Step           Time
         122700       61.35000

   Energies (kJ/mol)
           Bond        LJ (SR)   Coulomb (SR)      Potential    Kinetic En.
    2.69014e+00    0.00000e+00    0.00000e+00    2.69014e+00    4.36138e+00
   Total Energy  Conserved En.    Temperature Pressure (bar)
    7.05152e+00    5.47006e+01    3.49702e+02    1.45301e+01

           Step           Time
         122800       61.40000

   Energies (kJ/mol)
           Bond        LJ (SR)   Coulomb (SR)      Potential    Kinetic En.
    4.90234e+00    0.00000e+00    0.00000e+00    4.90234e+00    5.09083e+00
   Total Energy  Conserved En.    Temperature Pressure (bar)
    9.99317e+00    5.46161e+01    4.08191e+02   -1.91919e+01

           Step           Time
         122900       61.45000

   Energies (kJ/mol)
           Bond        LJ (SR)   Coulomb (SR)      Potential    Kinetic En.
    2.84224e+00    0.00000e+00    0.00000e+00    2.84224e+00    5.63276e-01
   Total Energy  Conserved En.    Temperature Pressure (bar)
    3.40552e+00    5.39898e+01    4.51644e+01    1.42439e+01

           Step           Time
         123000       61.50000

   Energies (kJ/mol)
           Bond        LJ (SR)   Coulomb (SR)      Potential    Kinetic En.
    6.11853e+00    0.00000e+00    0.00000e+00    6.11853e+00    1.52322e+00
   Total Energy  Conserved En.    Temperature Pressure (bar)
    7.64176e+00    5.42208e+01    1.22135e+02   -2.22721e+01

           Step           Time
         123100       61.55000

   Energies (kJ/mol)
           Bond        LJ (SR)   Coulomb (SR)      Potential    Kinetic En.
    8.93005e+00    0.00000e+00    0.00000e+00    8.93005e+00    1.18448e+00
   Total Energy  Conserved En.    Temperature Pressure (bar)
    1.01145e+01    5.41920e+01    9.49732e+01    2.46069e+01

           Step           Time
         123200       61.60000

   Energies (kJ/mol)
           Bond        LJ (SR)   Coulomb (SR)      Potential    Kinetic En.
    8.79150e+00    0.00000e+00    0.00000e+00    8.79150e+00    1.73823e-01
   Total Energy  Conserved En.    Temperature Pressure (bar)
    8.96532e+00    5.36711e+01    1.39374e+01   -2.72352e+01

           Step           Time
         123300       61.65000

   Energies (kJ/mol)
           Bond        LJ (SR)   Coulomb (SR)      Potential    Kinetic En.
    3.85007e+00    0.00000e+00    0.00000e+00    3.85007e+00    1.27994e-01
   Total Energy  Conserved En.    Temperature Pressure (bar)
    3.97806e+00    5.33720e+01    1.02628e+01    1.63930e+01

           Step           Time
         123400       61.70000

   Energies (kJ/mol)
           Bond        LJ (SR)   Coulomb (SR)      Potential    Kinetic En.
    4.45459e+00    0.00000e+00    0.00000e+00    4.45459e+00    1.02760e-01
   Total Energy  Conserved En.    Temperature Pressure (bar)
    4.55735e+00    5.37096e+01    8.23950e+00   -1.90783e+01

           Step           Time
         123500       61.75000

   Energies (kJ/mol)
           Bond        LJ (SR)   Coulomb (SR)      Potential    Kinetic En.
    2.70397e+00    0.00000e+00    0.00000e+00    2.70397e+00    6.69366e-02
   Total Energy  Conserved En.    Temperature Pressure (bar)
    2.77091e+00    5.38966e+01    5.36708e+00    1.38215e+01

           Step           Time
         123600       61.80000

   Energies (kJ/mol)
           Bond        LJ (SR)   Coulomb (SR)      Potential    Kinetic En.
    2.93846e+00    0.00000e+00    0.00000e+00    2.93846e+00    1.09954e-01
   Total Energy  Conserved En.    Temperature Pressure (bar)
    3.04842e+00    5.38072e+01    8.81632e+00   -1.53731e+01

           Step           Time
         123700       61.85000

   Energies (kJ/mol)
           Bond        LJ (SR)   Coulomb (SR)      Potential    Kinetic En.
    5.64133e+00    0.00000e+00    0.00000e+00    5.64133e+00    1.48754e-01
   Total Energy  Conserved En.    Temperature Pressure (bar)
    5.79009e+00    5.40044e+01    1.19273e+01    1.96726e+01

           Step           Time
         123800       61.90000

   Energies (kJ/mol)
           Bond        LJ (SR)   Coulomb (SR)      Potential    Kinetic En.
    3.63627e+00    0.00000e+00    0.00000e+00    3.63627e+00    7.80510e-02
   Total Energy  Conserved En.    Temperature Pressure (bar)
    3.71432e+00    5.42892e+01    6.25825e+00   -1.71725e+01

           Step           Time
         123900       61.95000

   Energies (kJ/mol)
           Bond        LJ (SR)   Coulomb (SR)      Potential    Kinetic En.
    6.44406e+00    0.00000e+00    0.00000e+00    6.44406e+00    3.33897e-01
   Total Energy  Conserved En.    Temperature Pressure (bar)
    6.77796e+00    5.45531e+01    2.67724e+01    2.09842e+01

           Step           Time
         124000       62.00000

   Energies (kJ/mol)
           Bond        LJ (SR)   Coulomb (SR)      Potential    Kinetic En.
    1.12791e+01    0.00000e+00    0.00000e+00    1.12791e+01    3.63155e-01
   Total Energy  Conserved En.    Temperature Pressure (bar)
    1.16423e+01    5.46506e+01    2.91183e+01   -3.10484e+01

           Step           Time
         124100       62.05000

   Energies (kJ/mol)
           Bond        LJ (SR)   Coulomb (SR)      Potential    Kinetic En.
    1.14641e+01    0.00000e+00    0.00000e+00    1.14641e+01    2.48878e-01
   Total Energy  Conserved En.    Temperature Pressure (bar)
    1.17130e+01    5.43644e+01    1.99554e+01    2.74585e+01

           Step           Time
         124200       62.10000

   Energies (kJ/mol)
           Bond        LJ (SR)   Coulomb (SR)      Potential    Kinetic En.
    9.54625e+00    0.00000e+00    0.00000e+00    9.54625e+00    2.00502e-01
   Total Energy  Conserved En.    Temperature Pressure (bar)
    9.74675e+00    5.47132e+01    1.60765e+01   -2.84435e+01

           Step           Time
         124300       62.15000

   Energies (kJ/mol)
           Bond        LJ (SR)   Coulomb (SR)      Potential    Kinetic En.
    7.74676e+00    0.00000e+00    0.00000e+00    7.74676e+00    4.15032e-01
   Total Energy  Conserved En.    Temperature Pressure (bar)
    8.16179e+00    5.43222e+01    3.32780e+01    2.28983e+01

           Step           Time
         124400       62.20000

   Energies (kJ/mol)
           Bond        LJ (SR)   Coulomb (SR)      Potential    Kinetic En.
    3.30687e+00    0.00000e+00    0.00000e+00    3.30687e+00    1.15251e+00
   Total Energy  Conserved En.    Temperature Pressure (bar)
    4.45938e+00    5.35106e+01    9.24104e+01   -1.61619e+01

           Step           Time
         124500       62.25000

   Energies (kJ/mol)
           Bond        LJ (SR)   Coulomb (SR)      Potential    Kinetic En.
    3.80468e+00    0.00000e+00    0.00000e+00    3.80468e+00    3.71106e+00
   Total Energy  Conserved En.    Temperature Pressure (bar)
    7.51575e+00    5.32806e+01    2.97559e+02    1.69199e+01

           Step           Time
         124600       62.30000

   Energies (kJ/mol)
           Bond        LJ (SR)   Coulomb (SR)      Potential    Kinetic En.
    8.15284e+00    0.00000e+00    0.00000e+00    8.15284e+00    1.67675e+00
   Total Energy  Conserved En.    Temperature Pressure (bar)
    9.82959e+00    5.46827e+01    1.34444e+02   -2.59121e+01

           Step           Time
         124700       62.35000

   Energies (kJ/mol)
           Bond        LJ (SR)   Coulomb (SR)      Potential    Kinetic En.
    5.72199e+00    0.00000e+00    0.00000e+00    5.72199e+00    1.94255e+00
   Total Energy  Conserved En.    Temperature Pressure (bar)
    7.66454e+00    5.44378e+01    1.55756e+02    2.01158e+01

           Step           Time
         124800       62.40000

   Energies (kJ/mol)
           Bond        LJ (SR)   Coulomb (SR)      Potential    Kinetic En.
    1.34868e+00    0.00000e+00    0.00000e+00    1.34868e+00    1.74797e+00
   Total Energy  Conserved En.    Temperature Pressure (bar)
    3.09665e+00    5.36878e+01    1.40155e+02   -1.00144e+01

           Step           Time
         124900       62.45000

   Energies (kJ/mol)
           Bond        LJ (SR)   Coulomb (SR)      Potential    Kinetic En.
    1.62664e-01    0.00000e+00    0.00000e+00    1.62664e-01    5.13848e-01
   Total Energy  Conserved En.    Temperature Pressure (bar)
    6.76513e-01    5.35879e+01    4.12012e+01    3.56261e+00

           Step           Time
         125000       62.50000

   Energies (kJ/mol)
           Bond        LJ (SR)   Coulomb (SR)      Potential    Kinetic En.
    1.27155e+00    0.00000e+00    0.00000e+00    1.27155e+00    2.72821e-02
   Total Energy  Conserved En.    Temperature Pressure (bar)
    1.29883e+00    5.38595e+01    2.18752e+00   -1.00061e+01

           Step           Time
         125100       62.55000

   Energies (kJ/mol)
           Bond        LJ (SR)   Coulomb (SR)      Potential    Kinetic En.
    2.04445e+00    0.00000e+00    0.00000e+00    2.04445e+00    7.12759e-02
   Total Energy  Conserved En.    Temperature Pressure (bar)
    2.11572e+00    5.39660e+01    5.71501e+00    1.20736e+01

           Step           Time
         125200       62.60000

   Energies (kJ/mol)
           Bond        LJ (SR)   Coulomb (SR)      Potential    Kinetic En.
    2.60482e+00    0.00000e+00    0.00000e+00    2.60482e+00    1.36528e+00
   Total Energy  Conserved En.    Temperature Pressure (bar)
    3.97011e+00    5.36521e+01    1.09471e+02   -1.42278e+01

           Step           Time
         125300       62.65000

   Energies (kJ/mol)
           Bond        LJ (SR)   Coulomb (SR)      Potential    Kinetic En.
    2.15817e+00    0.00000e+00    0.00000e+00    2.15817e+00    1.67062e+00
   Total Energy  Conserved En.    Temperature Pressure (bar)
    3.82879e+00    5.36105e+01    1.33953e+02    1.26711e+01

           Step           Time
         125400       62.70000

   Energies (kJ/mol)
           Bond        LJ (SR)   Coulomb (SR)      Potential    Kinetic En.
    2.50609e+00    0.00000e+00    0.00000e+00    2.50609e+00    1.17359e+00
   Total Energy  Conserved En.    Temperature Pressure (bar)
    3.67968e+00    5.38755e+01    9.40999e+01   -1.39757e+01

           Step           Time
         125500       62.75000

   Energies (kJ/mol)
           Bond        LJ (SR)   Coulomb (SR)      Potential    Kinetic En.
    2.45353e+00    0.00000e+00    0.00000e+00    2.45353e+00    1.08158e+00
   Total Energy  Conserved En.    Temperature Pressure (bar)
    3.53510e+00    5.39807e+01    8.67225e+01    1.33630e+01

           Step           Time
         125600       62.80000

   Energies (kJ/mol)
           Bond        LJ (SR)   Coulomb (SR)      Potential    Kinetic En.
    8.67950e-01    0.00000e+00    0.00000e+00    8.67950e-01    1.73378e-01
   Total Energy  Conserved En.    Temperature Pressure (bar)
    1.04133e+00    5.40156e+01    1.39017e+01   -8.20928e+00

           Step           Time
         125700       62.85000

   Energies (kJ/mol)
           Bond        LJ (SR)   Coulomb (SR)      Potential    Kinetic En.
    2.30168e-01    0.00000e+00    0.00000e+00    2.30168e-01    3.45288e+00
   Total Energy  Conserved En.    Temperature Pressure (bar)
    3.68305e+00    5.36375e+01    2.76857e+02    4.72303e+00

           Step           Time
         125800       62.90000

   Energies (kJ/mol)
           Bond        LJ (SR)   Coulomb (SR)      Potential    Kinetic En.
    1.07392e-01    0.00000e+00    0.00000e+00    1.07392e-01    4.86928e+00
   Total Energy  Conserved En.    Temperature Pressure (bar)
    4.97667e+00    5.36279e+01    3.90427e+02   -2.02171e+00

           Step           Time
         125900       62.95000

   Energies (kJ/mol)
           Bond        LJ (SR)   Coulomb (SR)      Potential    Kinetic En.
    8.12949e-01    0.00000e+00    0.00000e+00    8.12949e-01    7.39217e+00
   Total Energy  Conserved En.    Temperature Pressure (bar)
    8.20512e+00    5.41072e+01    5.92716e+02    8.96665e+00

           Step           Time
         126000       63.00000

   Energies (kJ/mol)
           Bond        LJ (SR)   Coulomb (SR)      Potential    Kinetic En.
    2.62878e-01    0.00000e+00    0.00000e+00    2.62878e-01    9.63642e+00
   Total Energy  Conserved En.    Temperature Pressure (bar)
    9.89929e+00    5.38503e+01    7.72663e+02   -2.83039e+00

           Step           Time
         126100       63.05000

   Energies (kJ/mol)
           Bond        LJ (SR)   Coulomb (SR)      Potential    Kinetic En.
    5.53842e-02    0.00000e+00    0.00000e+00    5.53842e-02    5.64428e+00
   Total Energy  Conserved En.    Temperature Pressure (bar)
    5.69966e+00    5.39091e+01    4.52567e+02    3.01009e+00

           Step           Time
         126200       63.10000

   Energies (kJ/mol)
           Bond        LJ (SR)   Coulomb (SR)      Potential    Kinetic En.
    2.35069e-01    0.00000e+00    0.00000e+00    2.35069e-01    3.17633e+00
   Total Energy  Conserved En.    Temperature Pressure (bar)
    3.41140e+00    5.41642e+01    2.54683e+02   -3.70095e+00

           Step           Time
         126300       63.15000

   Energies (kJ/mol)
           Bond        LJ (SR)   Coulomb (SR)      Potential    Kinetic En.
    3.95056e-04    0.00000e+00    0.00000e+00    3.95056e-04    1.44024e+00
   Total Energy  Conserved En.    Temperature Pressure (bar)
    1.44063e+00    5.41053e+01    1.15480e+02    7.64761e-02

           Step           Time
         126400       63.20000

   Energies (kJ/mol)
           Bond        LJ (SR)   Coulomb (SR)      Potential    Kinetic En.
    2.49670e-01    0.00000e+00    0.00000e+00    2.49670e-01    1.44946e+00
   Total Energy  Conserved En.    Temperature Pressure (bar)
    1.69913e+00    5.43008e+01    1.16220e+02   -4.13094e+00

           Step           Time
         126500       63.25000

   Energies (kJ/mol)
           Bond        LJ (SR)   Coulomb (SR)      Potential    Kinetic En.
    1.64158e+00    0.00000e+00    0.00000e+00    1.64158e+00    5.78030e-01
   Total Energy  Conserved En.    Temperature Pressure (bar)
    2.21961e+00    5.45680e+01    4.63474e+01    1.09406e+01

           Step           Time
         126600       63.30000

   Energies (kJ/mol)
           Bond        LJ (SR)   Coulomb (SR)      Potential    Kinetic En.
    1.91513e+00    0.00000e+00    0.00000e+00    1.91513e+00    7.01177e-02
   Total Energy  Conserved En.    Temperature Pressure (bar)
    1.98525e+00    5.50745e+01    5.62215e+00   -1.23349e+01

           Step           Time
         126700       63.35000

   Energies (kJ/mol)
           Bond        LJ (SR)   Coulomb (SR)      Potential    Kinetic En.
    2.33538e+00    0.00000e+00    0.00000e+00    2.33538e+00    5.64084e-01
   Total Energy  Conserved En.    Temperature Pressure (bar)
    2.89946e+00    5.53624e+01    4.52291e+01    1.29624e+01

           Step           Time
         126800       63.40000

   Energies (kJ/mol)
           Bond        LJ (SR)   Coulomb (SR)      Potential    Kinetic En.
    1.66899e+00    0.00000e+00    0.00000e+00    1.66899e+00    1.66143e-01
   Total Energy  Conserved En.    Temperature Pressure (bar)
    1.83513e+00    5.52693e+01    1.33216e+01   -1.14771e+01

           Step           Time
         126900       63.45000

   Energies (kJ/mol)
           Bond        LJ (SR)   Coulomb (SR)      Potential    Kinetic En.
    1.37391e+00    0.00000e+00    0.00000e+00    1.37391e+00    5.16678e-02
   Total Energy  Conserved En.    Temperature Pressure (bar)
    1.42558e+00    5.51396e+01    4.14281e+00    9.94860e+00

           Step           Time
         127000       63.50000

   Energies (kJ/mol)
           Bond        LJ (SR)   Coulomb (SR)      Potential    Kinetic En.
    3.68404e+00    0.00000e+00    0.00000e+00    3.68404e+00    7.28673e-02
   Total Energy  Conserved En.    Temperature Pressure (bar)
    3.75691e+00    5.52066e+01    5.84261e+00   -1.72900e+01

           Step           Time
         127100       63.55000

   Energies (kJ/mol)
           Bond        LJ (SR)   Coulomb (SR)      Potential    Kinetic En.
    4.53848e+00    0.00000e+00    0.00000e+00    4.53848e+00    1.87588e-01
   Total Energy  Conserved En.    Temperature Pressure (bar)
    4.72607e+00    5.54810e+01    1.50411e+01    1.77447e+01

           Step           Time
         127200       63.60000

   Energies (kJ/mol)
           Bond        LJ (SR)   Coulomb (SR)      Potential    Kinetic En.
    5.37893e+00    0.00000e+00    0.00000e+00    5.37893e+00    2.37879e-01
   Total Energy  Conserved En.    Temperature Pressure (bar)
    5.61681e+00    5.56254e+01    1.90735e+01   -2.10266e+01

           Step           Time
         127300       63.65000

   Energies (kJ/mol)
           Bond        LJ (SR)   Coulomb (SR)      Potential    Kinetic En.
    3.54735e+00    0.00000e+00    0.00000e+00    3.54735e+00    4.32090e-01
   Total Energy  Conserved En.    Temperature Pressure (bar)
    3.97944e+00    5.51512e+01    3.46456e+01    1.58145e+01

           Step           Time
         127400       63.70000

   Energies (kJ/mol)
           Bond        LJ (SR)   Coulomb (SR)      Potential    Kinetic En.
    2.49719e+00    0.00000e+00    0.00000e+00    2.49719e+00    1.68849e+00
   Total Energy  Conserved En.    Temperature Pressure (bar)
    4.18568e+00    5.48006e+01    1.35386e+02   -1.38607e+01

           Step           Time
         127500       63.75000

   Energies (kJ/mol)
           Bond        LJ (SR)   Coulomb (SR)      Potential    Kinetic En.
    2.71241e+00    0.00000e+00    0.00000e+00    2.71241e+00    1.19197e+00
   Total Energy  Conserved En.    Temperature Pressure (bar)
    3.90438e+00    5.50331e+01    9.55741e+01    1.40369e+01

           Step           Time
         127600       63.80000

   Energies (kJ/mol)
           Bond        LJ (SR)   Coulomb (SR)      Potential    Kinetic En.
    1.52085e+00    0.00000e+00    0.00000e+00    1.52085e+00    1.24210e+00
   Total Energy  Conserved En.    Temperature Pressure (bar)
    2.76295e+00    5.49063e+01    9.95934e+01   -1.07559e+01

           Step           Time
         127700       63.85000

   Energies (kJ/mol)
           Bond        LJ (SR)   Coulomb (SR)      Potential    Kinetic En.
    6.18118e+00    0.00000e+00    0.00000e+00    6.18118e+00    1.07899e+00
   Total Energy  Conserved En.    Temperature Pressure (bar)
    7.26017e+00    5.55158e+01    8.65155e+01    2.07043e+01

           Step           Time
         127800       63.90000

   Energies (kJ/mol)
           Bond        LJ (SR)   Coulomb (SR)      Potential    Kinetic En.
    7.05206e+00    0.00000e+00    0.00000e+00    7.05206e+00    2.60859e+00
   Total Energy  Conserved En.    Temperature Pressure (bar)
    9.66065e+00    5.53339e+01    2.09161e+02   -2.38261e+01

           Step           Time
         127900       63.95000

   Energies (kJ/mol)
           Bond        LJ (SR)   Coulomb (SR)      Potential    Kinetic En.
    3.72102e+00    0.00000e+00    0.00000e+00    3.72102e+00    2.73453e+00
   Total Energy  Conserved En.    Temperature Pressure (bar)
    6.45555e+00    5.49239e+01    2.19259e+02    1.65782e+01

           Step           Time
         128000       64.00000

   Energies (kJ/mol)
           Bond        LJ (SR)   Coulomb (SR)      Potential    Kinetic En.
    4.49549e+00    0.00000e+00    0.00000e+00    4.49549e+00    2.37582e+00
   Total Energy  Conserved En.    Temperature Pressure (bar)
    6.87131e+00    5.52634e+01    1.90497e+02   -1.87761e+01

           Step           Time
         128100       64.05000

   Energies (kJ/mol)
           Bond        LJ (SR)   Coulomb (SR)      Potential    Kinetic En.
    1.76359e+00    0.00000e+00    0.00000e+00    1.76359e+00    9.35669e-01
   Total Energy  Conserved En.    Temperature Pressure (bar)
    2.69926e+00    5.52138e+01    7.50234e+01    1.13874e+01

           Step           Time
         128200       64.10000

   Energies (kJ/mol)
           Bond        LJ (SR)   Coulomb (SR)      Potential    Kinetic En.
    1.77191e+00    0.00000e+00    0.00000e+00    1.77191e+00    1.22655e+00
   Total Energy  Conserved En.    Temperature Pressure (bar)
    2.99845e+00    5.52295e+01    9.83465e+01   -1.16521e+01

           Step           Time
         128300       64.15000

   Energies (kJ/mol)
           Bond        LJ (SR)   Coulomb (SR)      Potential    Kinetic En.
    8.38773e-01    0.00000e+00    0.00000e+00    8.38773e-01    9.88233e-01
   Total Energy  Conserved En.    Temperature Pressure (bar)
    1.82701e+00    5.51707e+01    7.92381e+01    7.97785e+00

           Step           Time
         128400       64.20000

   Energies (kJ/mol)
           Bond        LJ (SR)   Coulomb (SR)      Potential    Kinetic En.
    2.79858e+00    0.00000e+00    0.00000e+00    2.79858e+00    1.71820e+00
   Total Energy  Conserved En.    Temperature Pressure (bar)
    4.51678e+00    5.52685e+01    1.37768e+02   -1.47121e+01

           Step           Time
         128500       64.25000

   Energies (kJ/mol)
           Bond        LJ (SR)   Coulomb (SR)      Potential    Kinetic En.
    5.07958e+00    0.00000e+00    0.00000e+00    5.07958e+00    2.03114e+00
   Total Energy  Conserved En.    Temperature Pressure (bar)
    7.11072e+00    5.55955e+01    1.62860e+02    1.90417e+01

           Step           Time
         128600       64.30000

   Energies (kJ/mol)
           Bond        LJ (SR)   Coulomb (SR)      Potential    Kinetic En.
    2.36345e+00    0.00000e+00    0.00000e+00    2.36345e+00    4.91642e+00
   Total Energy  Conserved En.    Temperature Pressure (bar)
    7.27987e+00    5.49145e+01    3.94206e+02   -1.29068e+01

           Step           Time
         128700       64.35000

   Energies (kJ/mol)
           Bond        LJ (SR)   Coulomb (SR)      Potential    Kinetic En.
    5.75817e-01    0.00000e+00    0.00000e+00    5.75817e-01    4.09466e+00
   Total Energy  Conserved En.    Temperature Pressure (bar)
    4.67047e+00    5.44583e+01    3.28316e+02    7.19731e+00

           Step           Time
         128800       64.40000

   Energies (kJ/mol)
           Bond        LJ (SR)   Coulomb (SR)      Potential    Kinetic En.
    3.81386e-01    0.00000e+00    0.00000e+00    3.81386e-01    2.83232e+00
   Total Energy  Conserved En.    Temperature Pressure (bar)
    3.21370e+00    5.45530e+01    2.27100e+02   -4.93817e+00

           Step           Time
         128900       64.45000

   Energies (kJ/mol)
           Bond        LJ (SR)   Coulomb (SR)      Potential    Kinetic En.
    1.34635e-01    0.00000e+00    0.00000e+00    1.34635e-01    3.61587e+00
   Total Energy  Conserved En.    Temperature Pressure (bar)
    3.75050e+00    5.44418e+01    2.89926e+02    3.78806e+00

           Step           Time
         129000       64.50000

   Energies (kJ/mol)
           Bond        LJ (SR)   Coulomb (SR)      Potential    Kinetic En.
    2.81339e-02    0.00000e+00    0.00000e+00    2.81339e-02    1.19813e+00
   Total Energy  Conserved En.    Temperature Pressure (bar)
    1.22627e+00    5.45071e+01    9.60682e+01   -1.25398e+00

           Step           Time
         129100       64.55000

   Energies (kJ/mol)
           Bond        LJ (SR)   Coulomb (SR)      Potential    Kinetic En.
    1.27512e-01    0.00000e+00    0.00000e+00    1.27512e-01    1.60768e+00
   Total Energy  Conserved En.    Temperature Pressure (bar)
    1.73519e+00    5.45870e+01    1.28906e+02    3.35651e+00

           Step           Time
         129200       64.60000

   Energies (kJ/mol)
           Bond        LJ (SR)   Coulomb (SR)      Potential    Kinetic En.
    7.37072e-01    0.00000e+00    0.00000e+00    7.37072e-01    2.79283e+00
   Total Energy  Conserved En.    Temperature Pressure (bar)
    3.52991e+00    5.39779e+01    2.23934e+02    7.80992e+00

           Step           Time
         129300       64.65000

   Energies (kJ/mol)
           Bond        LJ (SR)   Coulomb (SR)      Potential    Kinetic En.
    6.32575e-01    0.00000e+00    0.00000e+00    6.32575e-01    1.93383e+00
   Total Energy  Conserved En.    Temperature Pressure (bar)
    2.56641e+00    5.40558e+01    1.55058e+02   -6.68065e+00

           Step           Time
         129400       64.70000

   Energies (kJ/mol)
           Bond        LJ (SR)   Coulomb (SR)      Potential    Kinetic En.
    1.02537e+00    0.00000e+00    0.00000e+00    1.02537e+00    2.14040e+00
   Total Energy  Conserved En.    Temperature Pressure (bar)
    3.16577e+00    5.40609e+01    1.71621e+02    8.98498e+00

           Step           Time
         129500       64.75000

   Energies (kJ/mol)
           Bond        LJ (SR)   Coulomb (SR)      Potential    Kinetic En.
    2.06068e+00    0.00000e+00    0.00000e+00    2.06068e+00    3.03156e+00
   Total Energy  Conserved En.    Temperature Pressure (bar)
    5.09225e+00    5.40936e+01    2.43076e+02   -1.22961e+01

           Step           Time
         129600       64.80000

   Energies (kJ/mol)
           Bond        LJ (SR)   Coulomb (SR)      Potential    Kinetic En.
    3.82187e+00    0.00000e+00    0.00000e+00    3.82187e+00    6.33244e+00
   Total Energy  Conserved En.    Temperature Pressure (bar)
    1.01543e+01    5.43541e+01    5.07745e+02    1.74086e+01

           Step           Time
         129700       64.85000

   Energies (kJ/mol)
           Bond        LJ (SR)   Coulomb (SR)      Potential    Kinetic En.
    2.18207e+00    0.00000e+00    0.00000e+00    2.18207e+00    7.68016e+00
   Total Energy  Conserved En.    Temperature Pressure (bar)
    9.86223e+00    5.48718e+01    6.15807e+02   -1.18749e+01

           Step           Time
         129800       64.90000

   Energies (kJ/mol)
           Bond        LJ (SR)   Coulomb (SR)      Potential    Kinetic En.
    2.43643e+00    0.00000e+00    0.00000e+00    2.43643e+00    5.24731e+00
   Total Energy  Conserved En.    Temperature Pressure (bar)
    7.68374e+00    5.48365e+01    4.20737e+02    1.40391e+01

           Step           Time
         129900       64.95000

   Energies (kJ/mol)
           Bond        LJ (SR)   Coulomb (SR)      Potential    Kinetic En.
    4.73912e+00    0.00000e+00    0.00000e+00    4.73912e+00    6.17732e+00
   Total Energy  Conserved En.    Temperature Pressure (bar)
    1.09164e+01    5.48171e+01    4.95307e+02   -1.86530e+01

           Step           Time
         130000       65.00000

   Energies (kJ/mol)
           Bond        LJ (SR)   Coulomb (SR)      Potential    Kinetic En.
    6.75904e+00    0.00000e+00    0.00000e+00    6.75904e+00    4.58642e+00
   Total Energy  Conserved En.    Temperature Pressure (bar)
    1.13455e+01    5.46227e+01    3.67746e+02    2.21976e+01

           Step           Time
         130100       65.05000

   Energies (kJ/mol)
           Bond        LJ (SR)   Coulomb (SR)      Potential    Kinetic En.
    8.70100e+00    0.00000e+00    0.00000e+00    8.70100e+00    1.84141e+00
   Total Energy  Conserved En.    Temperature Pressure (bar)
    1.05424e+01    5.41630e+01    1.47647e+02   -2.67982e+01

           Step           Time
         130200       65.10000

   Energies (kJ/mol)
           Bond        LJ (SR)   Coulomb (SR)      Potential    Kinetic En.
    1.14913e+01    0.00000e+00    0.00000e+00    1.14913e+01    1.10729e+00
   Total Energy  Conserved En.    Temperature Pressure (bar)
    1.25986e+01    5.39856e+01    8.87846e+01    2.76372e+01

           Step           Time
         130300       65.15000

   Energies (kJ/mol)
           Bond        LJ (SR)   Coulomb (SR)      Potential    Kinetic En.
    8.73204e+00    0.00000e+00    0.00000e+00    8.73204e+00    2.77195e-01
   Total Energy  Conserved En.    Temperature Pressure (bar)
    9.00924e+00    5.36109e+01    2.22259e+01   -2.71198e+01

           Step           Time
         130400       65.20000

   Energies (kJ/mol)
           Bond        LJ (SR)   Coulomb (SR)      Potential    Kinetic En.
    9.26168e+00    0.00000e+00    0.00000e+00    9.26168e+00    2.87026e-01
   Total Energy  Conserved En.    Temperature Pressure (bar)
    9.54871e+00    5.32877e+01    2.30142e+01    2.48716e+01

           Step           Time
         130500       65.25000

   Energies (kJ/mol)
           Bond        LJ (SR)   Coulomb (SR)      Potential    Kinetic En.
    1.03435e+01    0.00000e+00    0.00000e+00    1.03435e+01    2.04507e-01
   Total Energy  Conserved En.    Temperature Pressure (bar)
    1.05480e+01    5.38040e+01    1.63977e+01   -2.96784e+01

           Step           Time
         130600       65.30000

   Energies (kJ/mol)
           Bond        LJ (SR)   Coulomb (SR)      Potential    Kinetic En.
    1.06572e+01    0.00000e+00    0.00000e+00    1.06572e+01    2.52365e-01
   Total Energy  Conserved En.    Temperature Pressure (bar)
    1.09096e+01    5.41864e+01    2.02350e+01    2.65452e+01

           Step           Time
         130700       65.35000

   Energies (kJ/mol)
           Bond        LJ (SR)   Coulomb (SR)      Potential    Kinetic En.
    1.14341e+01    0.00000e+00    0.00000e+00    1.14341e+01    2.53007e-01
   Total Energy  Conserved En.    Temperature Pressure (bar)
    1.16871e+01    5.43605e+01    2.02865e+01   -3.12939e+01

           Step           Time
         130800       65.40000

   Energies (kJ/mol)
           Bond        LJ (SR)   Coulomb (SR)      Potential    Kinetic En.
    1.16512e+01    0.00000e+00    0.00000e+00    1.16512e+01    2.38503e-01
   Total Energy  Conserved En.    Temperature Pressure (bar)
    1.18897e+01    5.45376e+01    1.91236e+01    2.76632e+01

           Step           Time
         130900       65.45000

   Energies (kJ/mol)
           Bond        LJ (SR)   Coulomb (SR)      Potential    Kinetic En.
    9.71052e+00    0.00000e+00    0.00000e+00    9.71052e+00    1.96059e-01
   Total Energy  Conserved En.    Temperature Pressure (bar)
    9.90657e+00    5.45336e+01    1.57203e+01   -2.87025e+01

           Step           Time
         131000       65.50000

   Energies (kJ/mol)
           Bond        LJ (SR)   Coulomb (SR)      Potential    Kinetic En.
    9.41258e+00    0.00000e+00    0.00000e+00    9.41258e+00    5.85925e-01
   Total Energy  Conserved En.    Temperature Pressure (bar)
    9.99851e+00    5.53504e+01    4.69804e+01    2.51116e+01

           Step           Time
         131100       65.55000

   Energies (kJ/mol)
           Bond        LJ (SR)   Coulomb (SR)      Potential    Kinetic En.
    1.20223e+01    0.00000e+00    0.00000e+00    1.20223e+01    5.08677e-01
   Total Energy  Conserved En.    Temperature Pressure (bar)
    1.25310e+01    5.54390e+01    4.07865e+01   -3.20972e+01

           Step           Time
         131200       65.60000

   Energies (kJ/mol)
           Bond        LJ (SR)   Coulomb (SR)      Potential    Kinetic En.
    1.22627e+01    0.00000e+00    0.00000e+00    1.22627e+01    5.53580e-01
   Total Energy  Conserved En.    Temperature Pressure (bar)
    1.28163e+01    5.57594e+01    4.43869e+01    2.83798e+01

           Step           Time
         131300       65.65000

   Energies (kJ/mol)
           Bond        LJ (SR)   Coulomb (SR)      Potential    Kinetic En.
    1.42068e+01    0.00000e+00    0.00000e+00    1.42068e+01    4.38857e-01
   Total Energy  Conserved En.    Temperature Pressure (bar)
    1.46457e+01    5.58621e+01    3.51883e+01   -3.51082e+01

           Step           Time
         131400       65.70000

   Energies (kJ/mol)
           Bond        LJ (SR)   Coulomb (SR)      Potential    Kinetic En.
    8.31180e+00    0.00000e+00    0.00000e+00    8.31180e+00    1.71711e-01
   Total Energy  Conserved En.    Temperature Pressure (bar)
    8.48351e+00    5.55321e+01    1.37680e+01    2.36243e+01

           Step           Time
         131500       65.75000

   Energies (kJ/mol)
           Bond        LJ (SR)   Coulomb (SR)      Potential    Kinetic En.
    9.69823e+00    0.00000e+00    0.00000e+00    9.69823e+00    4.48360e-01
   Total Energy  Conserved En.    Temperature Pressure (bar)
    1.01466e+01    5.60980e+01    3.59502e+01   -2.86396e+01

           Step           Time
         131600       65.80000

   Energies (kJ/mol)
           Bond        LJ (SR)   Coulomb (SR)      Potential    Kinetic En.
    9.03156e+00    0.00000e+00    0.00000e+00    9.03156e+00    1.84815e-01
   Total Energy  Conserved En.    Temperature Pressure (bar)
    9.21638e+00    5.57557e+01    1.48187e+01    2.45634e+01

           Step           Time
         131700       65.85000

   Energies (kJ/mol)
           Bond        LJ (SR)   Coulomb (SR)      Potential    Kinetic En.
    1.28726e+01    0.00000e+00    0.00000e+00    1.28726e+01    5.19706e-01
   Total Energy  Conserved En.    Temperature Pressure (bar)
    1.33923e+01    5.56446e+01    4.16708e+01   -3.32889e+01

           Step           Time
         131800       65.90000

   Energies (kJ/mol)
           Bond        LJ (SR)   Coulomb (SR)      Potential    Kinetic En.
    8.93072e+00    0.00000e+00    0.00000e+00    8.93072e+00    2.18285e+00
   Total Energy  Conserved En.    Temperature Pressure (bar)
    1.11136e+01    5.46753e+01    1.75024e+02    2.47804e+01

           Step           Time
         131900       65.95000

   Energies (kJ/mol)
           Bond        LJ (SR)   Coulomb (SR)      Potential    Kinetic En.
    3.45634e+00    0.00000e+00    0.00000e+00    3.45634e+00    3.21117e+00
   Total Energy  Conserved En.    Temperature Pressure (bar)
    6.66751e+00    5.39004e+01    2.57477e+02   -1.61846e+01

           Step           Time
         132000       66.00000

   Energies (kJ/mol)
           Bond        LJ (SR)   Coulomb (SR)      Potential    Kinetic En.
    8.45826e-01    0.00000e+00    0.00000e+00    8.45826e-01    3.55630e+00
   Total Energy  Conserved En.    Temperature Pressure (bar)
    4.40213e+00    5.34514e+01    2.85150e+02    8.45420e+00

           Step           Time
         132100       66.05000

   Energies (kJ/mol)
           Bond        LJ (SR)   Coulomb (SR)      Potential    Kinetic En.
    6.19947e-01    0.00000e+00    0.00000e+00    6.19947e-01    6.71537e+00
   Total Energy  Conserved En.    Temperature Pressure (bar)
    7.33532e+00    5.33835e+01    5.38449e+02   -5.78210e+00

           Step           Time
         132200       66.10000

   Energies (kJ/mol)
           Bond        LJ (SR)   Coulomb (SR)      Potential    Kinetic En.
    1.44055e+00    0.00000e+00    0.00000e+00    1.44055e+00    9.45104e+00
   Total Energy  Conserved En.    Temperature Pressure (bar)
    1.08916e+01    5.37059e+01    7.57799e+02    1.18068e+01

           Step           Time
         132300       66.15000

   Energies (kJ/mol)
           Bond        LJ (SR)   Coulomb (SR)      Potential    Kinetic En.
    4.63034e-03    0.00000e+00    0.00000e+00    4.63034e-03    3.55158e+00
   Total Energy  Conserved En.    Temperature Pressure (bar)
    3.55621e+00    5.31670e+01    2.84771e+02    2.26982e-02

           Step           Time
         132400       66.20000

   Energies (kJ/mol)
           Bond        LJ (SR)   Coulomb (SR)      Potential    Kinetic En.
    1.64701e-01    0.00000e+00    0.00000e+00    1.64701e-01    5.67488e+00
   Total Energy  Conserved En.    Temperature Pressure (bar)
    5.83958e+00    5.33922e+01    4.55021e+02    4.47683e+00

           Step           Time
         132500       66.25000

   Energies (kJ/mol)
           Bond        LJ (SR)   Coulomb (SR)      Potential    Kinetic En.
    7.30459e-01    0.00000e+00    0.00000e+00    7.30459e-01    7.28166e+00
   Total Energy  Conserved En.    Temperature Pressure (bar)
    8.01212e+00    5.37884e+01    5.83855e+02   -6.28763e+00

           Step           Time
         132600       66.30000

   Energies (kJ/mol)
           Bond        LJ (SR)   Coulomb (SR)      Potential    Kinetic En.
    5.83867e-01    0.00000e+00    0.00000e+00    5.83867e-01    4.86521e+00
   Total Energy  Conserved En.    Temperature Pressure (bar)
    5.44908e+00    5.39870e+01    3.90100e+02    7.37510e+00

           Step           Time
         132700       66.35000

   Energies (kJ/mol)
           Bond        LJ (SR)   Coulomb (SR)      Potential    Kinetic En.
    5.23374e-02    0.00000e+00    0.00000e+00    5.23374e-02    3.61644e+00
   Total Energy  Conserved En.    Temperature Pressure (bar)
    3.66878e+00    5.38866e+01    2.89972e+02   -1.36988e+00

           Step           Time
         132800       66.40000

   Energies (kJ/mol)
           Bond        LJ (SR)   Coulomb (SR)      Potential    Kinetic En.
    1.68744e-01    0.00000e+00    0.00000e+00    1.68744e-01    4.70806e+00
   Total Energy  Conserved En.    Temperature Pressure (bar)
    4.87680e+00    5.40270e+01    3.77500e+02    4.35189e+00

           Step           Time
         132900       66.45000

   Energies (kJ/mol)
           Bond        LJ (SR)   Coulomb (SR)      Potential    Kinetic En.
    6.62942e-01    0.00000e+00    0.00000e+00    6.62942e-01    5.88353e+00
   Total Energy  Conserved En.    Temperature Pressure (bar)
    6.54647e+00    5.43766e+01    4.71751e+02   -6.16653e+00

           Step           Time
         133000       66.50000

   Energies (kJ/mol)
           Bond        LJ (SR)   Coulomb (SR)      Potential    Kinetic En.
    5.43372e-03    0.00000e+00    0.00000e+00    5.43372e-03    7.44087e+00
   Total Energy  Conserved En.    Temperature Pressure (bar)
    7.44630e+00    5.38618e+01    5.96621e+02    1.92616e+00

           Step           Time
         133100       66.55000

   Energies (kJ/mol)
           Bond        LJ (SR)   Coulomb (SR)      Potential    Kinetic En.
    9.32599e-01    0.00000e+00    0.00000e+00    9.32599e-01    5.01950e+00
   Total Energy  Conserved En.    Temperature Pressure (bar)
    5.95210e+00    5.44849e+01    4.02472e+02   -7.67806e+00

           Step           Time
         133200       66.60000

   Energies (kJ/mol)
           Bond        LJ (SR)   Coulomb (SR)      Potential    Kinetic En.
    1.77244e+00    0.00000e+00    0.00000e+00    1.77244e+00    7.10878e+00
   Total Energy  Conserved En.    Temperature Pressure (bar)
    8.88122e+00    5.47712e+01    5.69993e+02    1.24826e+01

           Step           Time
         133300       66.65000

   Energies (kJ/mol)
           Bond        LJ (SR)   Coulomb (SR)      Potential    Kinetic En.
    2.60286e-01    0.00000e+00    0.00000e+00    2.60286e-01    7.05025e+00
   Total Energy  Conserved En.    Temperature Pressure (bar)
    7.31053e+00    5.44042e+01    5.65300e+02   -3.25527e+00

           Step           Time
         133400       66.70000

   Energies (kJ/mol)
           Bond        LJ (SR)   Coulomb (SR)      Potential    Kinetic En.
    1.26583e+00    0.00000e+00    0.00000e+00    1.26583e+00    1.39857e+01
   Total Energy  Conserved En.    Temperature Pressure (bar)
    1.52515e+01    5.49752e+01    1.12139e+03    1.19690e+01

           Step           Time
         133500       66.75000

   Energies (kJ/mol)
           Bond        LJ (SR)   Coulomb (SR)      Potential    Kinetic En.
    3.52539e-02    0.00000e+00    0.00000e+00    3.52539e-02    5.63249e+00
   Total Energy  Conserved En.    Temperature Pressure (bar)
    5.66775e+00    5.46136e+01    4.51622e+02   -6.62093e-01

           Step           Time
         133600       66.80000

   Energies (kJ/mol)
           Bond        LJ (SR)   Coulomb (SR)      Potential    Kinetic En.
    2.57820e-01    0.00000e+00    0.00000e+00    2.57820e-01    4.54455e+00
   Total Energy  Conserved En.    Temperature Pressure (bar)
    4.80237e+00    5.49347e+01    3.64389e+02    5.15020e+00

           Step           Time
         133700       66.85000

   Energies (kJ/mol)
           Bond        LJ (SR)   Coulomb (SR)      Potential    Kinetic En.
    1.64144e-01    0.00000e+00    0.00000e+00    1.64144e-01    7.26218e+00
   Total Energy  Conserved En.    Temperature Pressure (bar)
    7.42632e+00    5.49416e+01    5.82293e+02   -2.28998e+00

           Step           Time
         133800       66.90000

   Energies (kJ/mol)
           Bond        LJ (SR)   Coulomb (SR)      Potential    Kinetic En.
    1.19400e-03    0.00000e+00    0.00000e+00    1.19400e-03    7.11010e+00
   Total Energy  Conserved En.    Temperature Pressure (bar)
    7.11130e+00    5.47480e+01    5.70099e+02    9.29624e-01

           Step           Time
         133900       66.95000

   Energies (kJ/mol)
           Bond        LJ (SR)   Coulomb (SR)      Potential    Kinetic En.
    6.18470e-01    0.00000e+00    0.00000e+00    6.18470e-01    7.93223e+00
   Total Energy  Conserved En.    Temperature Pressure (bar)
    8.55070e+00    5.53262e+01    6.36019e+02   -5.56324e+00

           Step           Time
         134000       67.00000

   Energies (kJ/mol)
           Bond        LJ (SR)   Coulomb (SR)      Potential    Kinetic En.
    4.83332e-01    0.00000e+00    0.00000e+00    4.83332e-01    1.04717e+01
   Total Energy  Conserved En.    Temperature Pressure (bar)
    1.09551e+01    5.53310e+01    8.39639e+02    7.76410e+00

           Step           Time
         134100       67.05000

   Energies (kJ/mol)
           Bond        LJ (SR)   Coulomb (SR)      Potential    Kinetic En.
    8.47394e-02    0.00000e+00    0.00000e+00    8.47394e-02    1.24892e+01
   Total Energy  Conserved En.    Temperature Pressure (bar)
    1.25740e+01    5.50823e+01    1.00141e+03   -3.81888e-01

           Step           Time
         134200       67.10000

   Energies (kJ/mol)
           Bond        LJ (SR)   Coulomb (SR)      Potential    Kinetic En.
    2.38540e-01    0.00000e+00    0.00000e+00    2.38540e-01    1.67765e+01
   Total Energy  Conserved En.    Temperature Pressure (bar)
    1.70150e+01    5.44602e+01    1.34516e+03   -1.38006e+00

           Step           Time
         134300       67.15000

   Energies (kJ/mol)
           Bond        LJ (SR)   Coulomb (SR)      Potential    Kinetic En.
    1.22058e-01    0.00000e+00    0.00000e+00    1.22058e-01    1.66447e+01
   Total Energy  Conserved En.    Temperature Pressure (bar)
    1.67667e+01    5.49409e+01    1.33459e+03    5.89141e+00

           Step           Time
         134400       67.20000

   Energies (kJ/mol)
           Bond        LJ (SR)   Coulomb (SR)      Potential    Kinetic En.
    2.86015e+00    0.00000e+00    0.00000e+00    2.86015e+00    1.03436e+01
   Total Energy  Conserved En.    Temperature Pressure (bar)
    1.32037e+01    5.37999e+01    8.29362e+02   -1.33897e+01

           Step           Time
         134500       67.25000

   Energies (kJ/mol)
           Bond        LJ (SR)   Coulomb (SR)      Potential    Kinetic En.
    4.98375e-01    0.00000e+00    0.00000e+00    4.98375e-01    1.49338e+01
   Total Energy  Conserved En.    Temperature Pressure (bar)
    1.54321e+01    5.49741e+01    1.19741e+03    8.62652e+00

           Step           Time
         134600       67.30000

   Energies (kJ/mol)
           Bond        LJ (SR)   Coulomb (SR)      Potential    Kinetic En.
    3.84861e-02    0.00000e+00    0.00000e+00    3.84861e-02    7.66806e+00
   Total Energy  Conserved En.    Temperature Pressure (bar)
    7.70655e+00    5.58649e+01    6.14837e+02    3.02307e+00

           Step           Time
         134700       67.35000

   Energies (kJ/mol)
           Bond        LJ (SR)   Coulomb (SR)      Potential    Kinetic En.
    8.76605e-02    0.00000e+00    0.00000e+00    8.76605e-02    8.19199e+00
   Total Energy  Conserved En.    Temperature Pressure (bar)
    8.27965e+00    5.60568e+01    6.56846e+02   -1.16890e+00

           Step           Time
         134800       67.40000

   Energies (kJ/mol)
           Bond        LJ (SR)   Coulomb (SR)      Potential    Kinetic En.
    3.63408e-01    0.00000e+00    0.00000e+00    3.63408e-01    6.99001e+00
   Total Energy  Conserved En.    Temperature Pressure (bar)
    7.35342e+00    5.65029e+01    5.60470e+02    6.38043e+00

           Step           Time
         134900       67.45000

   Energies (kJ/mol)
           Bond        LJ (SR)   Coulomb (SR)      Potential    Kinetic En.
    3.51504e-01    0.00000e+00    0.00000e+00    3.51504e-01    3.62810e+00
   Total Energy  Conserved En.    Temperature Pressure (bar)
    3.97961e+00    5.67373e+01    2.90907e+02   -4.58100e+00

           Step           Time
         135000       67.50000

   Energies (kJ/mol)
           Bond        LJ (SR)   Coulomb (SR)      Potential    Kinetic En.
    6.36266e-01    0.00000e+00    0.00000e+00    6.36266e-01    5.67006e+00
   Total Energy  Conserved En.    Temperature Pressure (bar)
    6.30633e+00    5.69163e+01    4.54634e+02    7.79656e+00

           Step           Time
         135100       67.55000

   Energies (kJ/mol)
           Bond        LJ (SR)   Coulomb (SR)      Potential    Kinetic En.
    1.06549e-02    0.00000e+00    0.00000e+00    1.06549e-02    2.27391e+00
   Total Energy  Conserved En.    Temperature Pressure (bar)
    2.28457e+00    5.67695e+01    1.82326e+02   -5.04768e-01

           Step           Time
         135200       67.60000

   Energies (kJ/mol)
           Bond        LJ (SR)   Coulomb (SR)      Potential    Kinetic En.
    1.79072e-01    0.00000e+00    0.00000e+00    1.79072e-01    6.46500e-01
   Total Energy  Conserved En.    Temperature Pressure (bar)
    8.25572e-01    5.69514e+01    5.18374e+01    3.75509e+00

           Step           Time
         135300       67.65000

   Energies (kJ/mol)
           Bond        LJ (SR)   Coulomb (SR)      Potential    Kinetic En.
    1.97539e-03    0.00000e+00    0.00000e+00    1.97539e-03    1.30443e+00
   Total Energy  Conserved En.    Temperature Pressure (bar)
    1.30641e+00    5.68339e+01    1.04592e+02   -1.60614e-01

           Step           Time
         135400       67.70000

   Energies (kJ/mol)
           Bond        LJ (SR)   Coulomb (SR)      Potential    Kinetic En.
    2.44665e-01    0.00000e+00    0.00000e+00    2.44665e-01    2.15510e-02
   Total Energy  Conserved En.    Temperature Pressure (bar)
    2.66216e-01    5.69763e+01    1.72799e+00    4.25617e+00

           Step           Time
         135500       67.75000

   Energies (kJ/mol)
           Bond        LJ (SR)   Coulomb (SR)      Potential    Kinetic En.
    2.53719e-01    0.00000e+00    0.00000e+00    2.53719e-01    1.53571e-01
   Total Energy  Conserved En.    Temperature Pressure (bar)
    4.07291e-01    5.69988e+01    1.23136e+01   -4.39084e+00

           Step           Time
         135600       67.80000

   Energies (kJ/mol)
           Bond        LJ (SR)   Coulomb (SR)      Potential    Kinetic En.
    1.75181e-01    0.00000e+00    0.00000e+00    1.75181e-01    2.37535e+00
   Total Energy  Conserved En.    Temperature Pressure (bar)
    2.55054e+00    5.69138e+01    1.90460e+02    4.01467e+00

           Step           Time
         135700       67.85000

   Energies (kJ/mol)
           Bond        LJ (SR)   Coulomb (SR)      Potential    Kinetic En.
    6.44463e-03    0.00000e+00    0.00000e+00    6.44463e-03    5.80701e+00
   Total Energy  Conserved En.    Temperature Pressure (bar)
    5.81345e+00    5.67639e+01    4.65615e+02    3.06307e-01

           Step           Time
         135800       67.90000

   Energies (kJ/mol)
           Bond        LJ (SR)   Coulomb (SR)      Potential    Kinetic En.
    1.83646e+00    0.00000e+00    0.00000e+00    1.83646e+00    7.55993e+00
   Total Energy  Conserved En.    Temperature Pressure (bar)
    9.39639e+00    5.60609e+01    6.06167e+02   -1.07764e+01

           Step           Time
         135900       67.95000

   Energies (kJ/mol)
           Bond        LJ (SR)   Coulomb (SR)      Potential    Kinetic En.
    1.67189e+00    0.00000e+00    0.00000e+00    1.67189e+00    4.86163e+00
   Total Energy  Conserved En.    Temperature Pressure (bar)
    6.53351e+00    5.60243e+01    3.89813e+02    1.17786e+01

           Step           Time
         136000       68.00000

   Energies (kJ/mol)
           Bond        LJ (SR)   Coulomb (SR)      Potential    Kinetic En.
    1.73141e+00    0.00000e+00    0.00000e+00    1.73141e+00    4.16566e+00
   Total Energy  Conserved En.    Temperature Pressure (bar)
    5.89707e+00    5.60768e+01    3.34009e+02   -1.10039e+01

           Step           Time
         136100       68.05000

   Energies (kJ/mol)
           Bond        LJ (SR)   Coulomb (SR)      Potential    Kinetic En.
    9.07133e-01    0.00000e+00    0.00000e+00    9.07133e-01    2.46958e+00
   Total Energy  Conserved En.    Temperature Pressure (bar)
    3.37671e+00    5.61858e+01    1.98015e+02    8.53996e+00

           Step           Time
         136200       68.10000

   Energies (kJ/mol)
           Bond        LJ (SR)   Coulomb (SR)      Potential    Kinetic En.
    5.96233e-01    0.00000e+00    0.00000e+00    5.96233e-01    2.60976e+00
   Total Energy  Conserved En.    Temperature Pressure (bar)
    3.20599e+00    5.63394e+01    2.09254e+02   -6.35614e+00

           Step           Time
         136300       68.15000

   Energies (kJ/mol)
           Bond        LJ (SR)   Coulomb (SR)      Potential    Kinetic En.
    6.13966e-01    0.00000e+00    0.00000e+00    6.13966e-01    1.93132e+00
   Total Energy  Conserved En.    Temperature Pressure (bar)
    2.54529e+00    5.63430e+01    1.54856e+02    7.03127e+00

           Step           Time
         136400       68.20000

   Energies (kJ/mol)
           Bond        LJ (SR)   Coulomb (SR)      Potential    Kinetic En.
    4.36471e+00    0.00000e+00    0.00000e+00    4.36471e+00    9.42120e-02
   Total Energy  Conserved En.    Temperature Pressure (bar)
    4.45892e+00    5.55931e+01    7.55407e+00   -1.88785e+01

           Step           Time
         136500       68.25000

   Energies (kJ/mol)
           Bond        LJ (SR)   Coulomb (SR)      Potential    Kinetic En.
    6.70087e+00    0.00000e+00    0.00000e+00    6.70087e+00    4.15735e-01
   Total Energy  Conserved En.    Temperature Pressure (bar)
    7.11661e+00    5.55109e+01    3.33343e+01    2.13889e+01

           Step           Time
         136600       68.30000

   Energies (kJ/mol)
           Bond        LJ (SR)   Coulomb (SR)      Potential    Kinetic En.
    2.54967e+00    0.00000e+00    0.00000e+00    2.54967e+00    9.58374e-01
   Total Energy  Conserved En.    Temperature Pressure (bar)
    3.50805e+00    5.48436e+01    7.68439e+01   -1.41395e+01

           Step           Time
         136700       68.35000

   Energies (kJ/mol)
           Bond        LJ (SR)   Coulomb (SR)      Potential    Kinetic En.
    1.77774e+00    0.00000e+00    0.00000e+00    1.77774e+00    1.09836e+00
   Total Energy  Conserved En.    Temperature Pressure (bar)
    2.87610e+00    5.47600e+01    8.80682e+01    1.14593e+01

           Step           Time
         136800       68.40000

   Energies (kJ/mol)
           Bond        LJ (SR)   Coulomb (SR)      Potential    Kinetic En.
    1.31575e+00    0.00000e+00    0.00000e+00    1.31575e+00    9.10177e-01
   Total Energy  Conserved En.    Temperature Pressure (bar)
    2.22592e+00    5.47958e+01    7.29794e+01   -1.00297e+01

           Step           Time
         136900       68.45000

   Energies (kJ/mol)
           Bond        LJ (SR)   Coulomb (SR)      Potential    Kinetic En.
    3.84544e-01    0.00000e+00    0.00000e+00    3.84544e-01    3.16159e+00
   Total Energy  Conserved En.    Temperature Pressure (bar)
    3.54614e+00    5.44613e+01    2.53502e+02    5.86463e+00

           Step           Time
         137000       68.50000

   Energies (kJ/mol)
           Bond        LJ (SR)   Coulomb (SR)      Potential    Kinetic En.
    3.11110e-01    0.00000e+00    0.00000e+00    3.11110e-01    4.31313e+00
   Total Energy  Conserved En.    Temperature Pressure (bar)
    4.62424e+00    5.44772e+01    3.45834e+02   -4.15072e+00

           Step           Time
         137100       68.55000

   Energies (kJ/mol)
           Bond        LJ (SR)   Coulomb (SR)      Potential    Kinetic En.
    4.02554e-04    0.00000e+00    0.00000e+00    4.02554e-04    4.23196e+00
   Total Energy  Conserved En.    Temperature Pressure (bar)
    4.23236e+00    5.42600e+01    3.39325e+02    9.06151e-01

           Step           Time
         137200       68.60000

   Energies (kJ/mol)
           Bond        LJ (SR)   Coulomb (SR)      Potential    Kinetic En.
    1.07547e+00    0.00000e+00    0.00000e+00    1.07547e+00    3.60989e+00
   Total Energy  Conserved En.    Temperature Pressure (bar)
    4.68536e+00    5.49714e+01    2.89447e+02   -8.56597e+00

           Step           Time
         137300       68.65000

   Energies (kJ/mol)
           Bond        LJ (SR)   Coulomb (SR)      Potential    Kinetic En.
    1.27086e-02    0.00000e+00    0.00000e+00    1.27086e-02    2.13901e+00
   Total Energy  Conserved En.    Temperature Pressure (bar)
    2.15172e+00    5.45832e+01    1.71509e+02    1.34661e+00

           Step           Time
         137400       68.70000

   Energies (kJ/mol)
           Bond        LJ (SR)   Coulomb (SR)      Potential    Kinetic En.
    1.15758e+00    0.00000e+00    0.00000e+00    1.15758e+00    4.18967e+00
   Total Energy  Conserved En.    Temperature Pressure (bar)
    5.34725e+00    5.51607e+01    3.35934e+02   -8.81731e+00

           Step           Time
         137500       68.75000

   Energies (kJ/mol)
           Bond        LJ (SR)   Coulomb (SR)      Potential    Kinetic En.
    3.39698e+00    0.00000e+00    0.00000e+00    3.39698e+00    2.51457e+00
   Total Energy  Conserved En.    Temperature Pressure (bar)
    5.91155e+00    5.57409e+01    2.01622e+02    1.58503e+01

           Step           Time
         137600       68.80000

   Energies (kJ/mol)
           Bond        LJ (SR)   Coulomb (SR)      Potential    Kinetic En.
    2.40461e+00    0.00000e+00    0.00000e+00    2.40461e+00    1.73229e+00
   Total Energy  Conserved En.    Temperature Pressure (bar)
    4.13691e+00    5.58507e+01    1.38898e+02   -1.35804e+01

           Step           Time
         137700       68.85000

   Energies (kJ/mol)
           Bond        LJ (SR)   Coulomb (SR)      Potential    Kinetic En.
    1.11019e+00    0.00000e+00    0.00000e+00    1.11019e+00    1.11679e+00
   Total Energy  Conserved En.    Temperature Pressure (bar)
    2.22699e+00    5.58184e+01    8.95462e+01    9.14972e+00

           Step           Time
         137800       68.90000

   Energies (kJ/mol)
           Bond        LJ (SR)   Coulomb (SR)      Potential    Kinetic En.
    2.66393e+00    0.00000e+00    0.00000e+00    2.66393e+00    2.97759e-01
   Total Energy  Conserved En.    Temperature Pressure (bar)
    2.96169e+00    5.61921e+01    2.38748e+01   -1.45808e+01

           Step           Time
         137900       68.95000

   Energies (kJ/mol)
           Bond        LJ (SR)   Coulomb (SR)      Potential    Kinetic En.
    2.81009e+00    0.00000e+00    0.00000e+00    2.81009e+00    1.62893e+00
   Total Energy  Conserved En.    Temperature Pressure (bar)
    4.43902e+00    5.59602e+01    1.30610e+02    1.43508e+01

           Step           Time
         138000       69.00000

   Energies (kJ/mol)
           Bond        LJ (SR)   Coulomb (SR)      Potential    Kinetic En.
    1.15254e+00    0.00000e+00    0.00000e+00    1.15254e+00    9.72522e-01
   Total Energy  Conserved En.    Temperature Pressure (bar)
    2.12506e+00    5.58435e+01    7.79783e+01   -9.35255e+00

           Step           Time
         138100       69.05000

   Energies (kJ/mol)
           Bond        LJ (SR)   Coulomb (SR)      Potential    Kinetic En.
    6.22824e-01    0.00000e+00    0.00000e+00    6.22824e-01    8.25289e-01
   Total Energy  Conserved En.    Temperature Pressure (bar)
    1.44811e+00    5.57976e+01    6.61730e+01    6.88732e+00

           Step           Time
         138200       69.10000

   Energies (kJ/mol)
           Bond        LJ (SR)   Coulomb (SR)      Potential    Kinetic En.
    7.04382e-01    0.00000e+00    0.00000e+00    7.04382e-01    2.20328e+00
   Total Energy  Conserved En.    Temperature Pressure (bar)
    2.90766e+00    5.58039e+01    1.76663e+02   -7.02788e+00

           Step           Time
         138300       69.15000

   Energies (kJ/mol)
           Bond        LJ (SR)   Coulomb (SR)      Potential    Kinetic En.
    1.02531e-04    0.00000e+00    0.00000e+00    1.02531e-04    2.20499e+00
   Total Energy  Conserved En.    Temperature Pressure (bar)
    2.20510e+00    5.54246e+01    1.76800e+02    2.93467e-01

           Step           Time
         138400       69.20000

   Energies (kJ/mol)
           Bond        LJ (SR)   Coulomb (SR)      Potential    Kinetic En.
    1.31177e+00    0.00000e+00    0.00000e+00    1.31177e+00    5.55844e+00
   Total Energy  Conserved En.    Temperature Pressure (bar)
    6.87021e+00    5.50039e+01    4.45685e+02    1.06790e+01

           Step           Time
         138500       69.25000

   Energies (kJ/mol)
           Bond        LJ (SR)   Coulomb (SR)      Potential    Kinetic En.
    1.75595e+00    0.00000e+00    0.00000e+00    1.75595e+00    8.22246e+00
   Total Energy  Conserved En.    Temperature Pressure (bar)
    9.97841e+00    5.52478e+01    6.59290e+02   -1.03871e+01

           Step           Time
         138600       69.30000

   Energies (kJ/mol)
           Bond        LJ (SR)   Coulomb (SR)      Potential    Kinetic En.
    7.28424e-01    0.00000e+00    0.00000e+00    7.28424e-01    5.42468e+00
   Total Energy  Conserved En.    Temperature Pressure (bar)
    6.15311e+00    5.54179e+01    4.34960e+02    8.22280e+00

           Step           Time
         138700       69.35000

   Energies (kJ/mol)
           Bond        LJ (SR)   Coulomb (SR)      Potential    Kinetic En.
    6.43823e-01    0.00000e+00    0.00000e+00    6.43823e-01    1.42261e+01
   Total Energy  Conserved En.    Temperature Pressure (bar)
    1.48699e+01    5.61084e+01    1.14067e+03   -4.61747e+00

           Step           Time
         138800       69.40000

   Energies (kJ/mol)
           Bond        LJ (SR)   Coulomb (SR)      Potential    Kinetic En.
    2.76749e+00    0.00000e+00    0.00000e+00    2.76749e+00    1.19438e+01
   Total Energy  Conserved En.    Temperature Pressure (bar)
    1.47113e+01    5.54423e+01    9.57673e+02    1.60316e+01

           Step           Time
         138900       69.45000

   Energies (kJ/mol)
           Bond        LJ (SR)   Coulomb (SR)      Potential    Kinetic En.
    8.97582e-01    0.00000e+00    0.00000e+00    8.97582e-01    1.33612e+01
   Total Energy  Conserved En.    Temperature Pressure (bar)
    1.42588e+01    5.63990e+01    1.07132e+03   -6.07016e+00

           Step           Time
         139000       69.50000

   Energies (kJ/mol)
           Bond        LJ (SR)   Coulomb (SR)      Potential    Kinetic En.
    3.23804e+00    0.00000e+00    0.00000e+00    3.23804e+00    1.00501e+01
   Total Energy  Conserved En.    Temperature Pressure (bar)
    1.32881e+01    5.57185e+01    8.05832e+02    1.68024e+01

           Step           Time
         139100       69.55000

   Energies (kJ/mol)
           Bond        LJ (SR)   Coulomb (SR)      Potential    Kinetic En.
    3.28437e+00    0.00000e+00    0.00000e+00    3.28437e+00    7.38311e+00
   Total Energy  Conserved En.    Temperature Pressure (bar)
    1.06675e+01    5.56816e+01    5.91989e+02   -1.50265e+01

           Step           Time
         139200       69.60000

   Energies (kJ/mol)
           Bond        LJ (SR)   Coulomb (SR)      Potential    Kinetic En.
    7.60147e+00    0.00000e+00    0.00000e+00    7.60147e+00    6.32516e+00
   Total Energy  Conserved En.    Temperature Pressure (bar)
    1.39266e+01    5.52742e+01    5.07161e+02    2.37180e+01

           Step           Time
         139300       69.65000

   Energies (kJ/mol)
           Bond        LJ (SR)   Coulomb (SR)      Potential    Kinetic En.
    1.20034e+01    0.00000e+00    0.00000e+00    1.20034e+01    3.67598e+00
   Total Energy  Conserved En.    Temperature Pressure (bar)
    1.56794e+01    5.46652e+01    2.94746e+02   -3.15225e+01

           Step           Time
         139400       69.70000

   Energies (kJ/mol)
           Bond        LJ (SR)   Coulomb (SR)      Potential    Kinetic En.
    8.42292e+00    0.00000e+00    0.00000e+00    8.42292e+00    6.07789e-01
   Total Energy  Conserved En.    Temperature Pressure (bar)
    9.03071e+00    5.38399e+01    4.87335e+01    2.38473e+01

           Step           Time
         139500       69.75000

   Energies (kJ/mol)
           Bond        LJ (SR)   Coulomb (SR)      Potential    Kinetic En.
    1.32738e+01    0.00000e+00    0.00000e+00    1.32738e+01    3.08556e-01
   Total Energy  Conserved En.    Temperature Pressure (bar)
    1.35823e+01    5.37888e+01    2.47405e+01   -3.38764e+01

           Step           Time
         139600       69.80000

   Energies (kJ/mol)
           Bond        LJ (SR)   Coulomb (SR)      Potential    Kinetic En.
    5.07221e+00    0.00000e+00    0.00000e+00    5.07221e+00    3.73966e-01
   Total Energy  Conserved En.    Temperature Pressure (bar)
    5.44617e+00    5.36987e+01    2.99852e+01    1.87421e+01

           Step           Time
         139700       69.85000

   Energies (kJ/mol)
           Bond        LJ (SR)   Coulomb (SR)      Potential    Kinetic En.
    6.23517e+00    0.00000e+00    0.00000e+00    6.23517e+00    2.23955e-01
   Total Energy  Conserved En.    Temperature Pressure (bar)
    6.45913e+00    5.36812e+01    1.79571e+01   -2.27207e+01

           Step           Time
         139800       69.90000

   Energies (kJ/mol)
           Bond        LJ (SR)   Coulomb (SR)      Potential    Kinetic En.
    4.21834e+00    0.00000e+00    0.00000e+00    4.21834e+00    4.90471e-01
   Total Energy  Conserved En.    Temperature Pressure (bar)
    4.70881e+00    5.40066e+01    3.93267e+01    1.71882e+01

           Step           Time
         139900       69.95000

   Energies (kJ/mol)
           Bond        LJ (SR)   Coulomb (SR)      Potential    Kinetic En.
    3.43787e+00    0.00000e+00    0.00000e+00    3.43787e+00    3.06805e-01
   Total Energy  Conserved En.    Temperature Pressure (bar)
    3.74467e+00    5.40479e+01    2.46001e+01   -1.66406e+01

           Step           Time
         140000       70.00000

   Energies (kJ/mol)
           Bond        LJ (SR)   Coulomb (SR)      Potential    Kinetic En.
    5.90391e+00    0.00000e+00    0.00000e+00    5.90391e+00    3.40520e-01
   Total Energy  Conserved En.    Temperature Pressure (bar)
    6.24443e+00    5.40773e+01    2.73034e+01    2.01348e+01

           Step           Time
         140100       70.05000

   Energies (kJ/mol)
           Bond        LJ (SR)   Coulomb (SR)      Potential    Kinetic En.
    5.52004e+00    0.00000e+00    0.00000e+00    5.52004e+00    1.13148e-01
   Total Energy  Conserved En.    Temperature Pressure (bar)
    5.63319e+00    5.39263e+01    9.07238e+00   -2.13350e+01

           Step           Time
         140200       70.10000

   Energies (kJ/mol)
           Bond        LJ (SR)   Coulomb (SR)      Potential    Kinetic En.
    5.80571e+00    0.00000e+00    0.00000e+00    5.80571e+00    2.52425e-01
   Total Energy  Conserved En.    Temperature Pressure (bar)
    6.05813e+00    5.42478e+01    2.02399e+01    1.99604e+01

           Step           Time
         140300       70.15000

   Energies (kJ/mol)
           Bond        LJ (SR)   Coulomb (SR)      Potential    Kinetic En.
    2.01353e+00    0.00000e+00    0.00000e+00    2.01353e+00    9.97870e-02
   Total Energy  Conserved En.    Temperature Pressure (bar)
    2.11331e+00    5.40671e+01    8.00107e+00   -1.26516e+01

           Step           Time
         140400       70.20000

   Energies (kJ/mol)
           Bond        LJ (SR)   Coulomb (SR)      Potential    Kinetic En.
    3.27120e+00    0.00000e+00    0.00000e+00    3.27120e+00    1.77729e-01
   Total Energy  Conserved En.    Temperature Pressure (bar)
    3.44893e+00    5.41319e+01    1.42506e+01    1.51688e+01

           Step           Time
         140500       70.25000

   Energies (kJ/mol)
           Bond        LJ (SR)   Coulomb (SR)      Potential    Kinetic En.
    2.98110e+00    0.00000e+00    0.00000e+00    2.98110e+00    3.23563e-01
   Total Energy  Conserved En.    Temperature Pressure (bar)
    3.30466e+00    5.43512e+01    2.59438e+01   -1.54511e+01

           Step           Time
         140600       70.30000

   Energies (kJ/mol)
           Bond        LJ (SR)   Coulomb (SR)      Potential    Kinetic En.
    2.43656e+00    0.00000e+00    0.00000e+00    2.43656e+00    6.42627e-01
   Total Energy  Conserved En.    Temperature Pressure (bar)
    3.07918e+00    5.39041e+01    5.15268e+01    1.32429e+01

           Step           Time
         140700       70.35000

   Energies (kJ/mol)
           Bond        LJ (SR)   Coulomb (SR)      Potential    Kinetic En.
    4.43440e+00    0.00000e+00    0.00000e+00    4.43440e+00    2.94524e-01
   Total Energy  Conserved En.    Temperature Pressure (bar)
    4.72893e+00    5.42881e+01    2.36154e+01   -1.90001e+01

           Step           Time
         140800       70.40000

   Energies (kJ/mol)
           Bond        LJ (SR)   Coulomb (SR)      Potential    Kinetic En.
    4.64483e+00    0.00000e+00    0.00000e+00    4.64483e+00    1.12623e+00
   Total Energy  Conserved En.    Temperature Pressure (bar)
    5.77106e+00    5.40958e+01    9.03026e+01    1.81042e+01

           Step           Time
         140900       70.45000

   Energies (kJ/mol)
           Bond        LJ (SR)   Coulomb (SR)      Potential    Kinetic En.
    5.82857e+00    0.00000e+00    0.00000e+00    5.82857e+00    4.73874e+00
   Total Energy  Conserved En.    Temperature Pressure (bar)
    1.05673e+01    5.37286e+01    3.79960e+02   -2.11507e+01

           Step           Time
         141000       70.50000

   Energies (kJ/mol)
           Bond        LJ (SR)   Coulomb (SR)      Potential    Kinetic En.
    9.67764e+00    0.00000e+00    0.00000e+00    9.67764e+00    5.63939e+00
   Total Energy  Conserved En.    Temperature Pressure (bar)
    1.53170e+01    5.43983e+01    4.52175e+02    2.63124e+01

           Step           Time
         141100       70.55000

   Energies (kJ/mol)
           Bond        LJ (SR)   Coulomb (SR)      Potential    Kinetic En.
    7.53362e+00    0.00000e+00    0.00000e+00    7.53362e+00    2.69164e+00
   Total Energy  Conserved En.    Temperature Pressure (bar)
    1.02253e+01    5.49966e+01    2.15820e+02   -2.46692e+01

           Step           Time
         141200       70.60000

   Energies (kJ/mol)
           Bond        LJ (SR)   Coulomb (SR)      Potential    Kinetic En.
    8.39937e+00    0.00000e+00    0.00000e+00    8.39937e+00    3.45157e+00
   Total Energy  Conserved En.    Temperature Pressure (bar)
    1.18509e+01    5.51300e+01    2.76753e+02    2.43080e+01

           Step           Time
         141300       70.65000

   Energies (kJ/mol)
           Bond        LJ (SR)   Coulomb (SR)      Potential    Kinetic En.
    4.33964e+00    0.00000e+00    0.00000e+00    4.33964e+00    6.59652e+00
   Total Energy  Conserved En.    Temperature Pressure (bar)
    1.09362e+01    5.40913e+01    5.28919e+02   -1.76972e+01

           Step           Time
         141400       70.70000

   Energies (kJ/mol)
           Bond        LJ (SR)   Coulomb (SR)      Potential    Kinetic En.
    2.01758e+00    0.00000e+00    0.00000e+00    2.01758e+00    1.03643e+01
   Total Energy  Conserved En.    Temperature Pressure (bar)
    1.23819e+01    5.33232e+01    8.31025e+02    1.37768e+01

           Step           Time
         141500       70.75000

   Energies (kJ/mol)
           Bond        LJ (SR)   Coulomb (SR)      Potential    Kinetic En.
    9.59440e-01    0.00000e+00    0.00000e+00    9.59440e-01    1.27841e+01
   Total Energy  Conserved En.    Temperature Pressure (bar)
    1.37435e+01    5.29653e+01    1.02505e+03   -6.45943e+00

           Step           Time
         141600       70.80000

   Energies (kJ/mol)
           Bond        LJ (SR)   Coulomb (SR)      Potential    Kinetic En.
    9.46016e-02    0.00000e+00    0.00000e+00    9.46016e-02    9.27187e+00
   Total Energy  Conserved En.    Temperature Pressure (bar)
    9.36647e+00    5.25823e+01    7.43433e+02    4.25798e+00

           Step           Time
         141700       70.85000

   Energies (kJ/mol)
           Bond        LJ (SR)   Coulomb (SR)      Potential    Kinetic En.
    1.38343e-02    0.00000e+00    0.00000e+00    1.38343e-02    1.26720e+01
   Total Energy  Conserved En.    Temperature Pressure (bar)
    1.26858e+01    5.25878e+01    1.01606e+03    1.16827e+00

           Step           Time
         141800       70.90000

   Energies (kJ/mol)
           Bond        LJ (SR)   Coulomb (SR)      Potential    Kinetic En.
    1.32068e-02    0.00000e+00    0.00000e+00    1.32068e-02    1.51192e+01
   Total Energy  Conserved En.    Temperature Pressure (bar)
    1.51324e+01    5.28119e+01    1.21228e+03    3.61074e+00

           Step           Time
         141900       70.95000

   Energies (kJ/mol)
           Bond        LJ (SR)   Coulomb (SR)      Potential    Kinetic En.
    1.87999e-01    0.00000e+00    0.00000e+00    1.87999e-01    1.54156e+01
   Total Energy  Conserved En.    Temperature Pressure (bar)
    1.56036e+01    5.34225e+01    1.23605e+03   -1.13075e+00

           Step           Time
         142000       71.00000

   Energies (kJ/mol)
           Bond        LJ (SR)   Coulomb (SR)      Potential    Kinetic En.
    8.85208e-01    0.00000e+00    0.00000e+00    8.85208e-01    9.05674e+00
   Total Energy  Conserved En.    Temperature Pressure (bar)
    9.94195e+00    5.42622e+01    7.26184e+02    9.58260e+00

           Step           Time
         142100       71.05000

   Energies (kJ/mol)
           Bond        LJ (SR)   Coulomb (SR)      Potential    Kinetic En.
    1.00898e+00    0.00000e+00    0.00000e+00    1.00898e+00    1.13351e+01
   Total Energy  Conserved En.    Temperature Pressure (bar)
    1.23441e+01    5.44297e+01    9.08866e+02   -6.93544e+00

           Step           Time
         142200       71.10000

   Energies (kJ/mol)
           Bond        LJ (SR)   Coulomb (SR)      Potential    Kinetic En.
    2.21059e+00    0.00000e+00    0.00000e+00    2.21059e+00    1.00848e+01
   Total Energy  Conserved En.    Temperature Pressure (bar)
    1.22953e+01    5.51413e+01    8.08612e+02    1.42715e+01

           Step           Time
         142300       71.15000

   Energies (kJ/mol)
           Bond        LJ (SR)   Coulomb (SR)      Potential    Kinetic En.
    9.76617e-01    0.00000e+00    0.00000e+00    9.76617e-01    1.88111e+01
   Total Energy  Conserved En.    Temperature Pressure (bar)
    1.97877e+01    5.44870e+01    1.50830e+03   -5.49569e+00

           Step           Time
         142400       71.20000

   Energies (kJ/mol)
           Bond        LJ (SR)   Coulomb (SR)      Potential    Kinetic En.
    2.63152e+00    0.00000e+00    0.00000e+00    2.63152e+00    1.33997e+01
   Total Energy  Conserved En.    Temperature Pressure (bar)
    1.60312e+01    5.57218e+01    1.07441e+03    1.59476e+01

           Step           Time
         142500       71.25000

   Energies (kJ/mol)
           Bond        LJ (SR)   Coulomb (SR)      Potential    Kinetic En.
    1.25740e+00    0.00000e+00    0.00000e+00    1.25740e+00    1.88851e+01
   Total Energy  Conserved En.    Temperature Pressure (bar)
    2.01425e+01    5.52094e+01    1.51423e+03   -6.68714e+00

           Step           Time
         142600       71.30000

   Energies (kJ/mol)
           Bond        LJ (SR)   Coulomb (SR)      Potential    Kinetic En.
    1.04607e+00    0.00000e+00    0.00000e+00    1.04607e+00    2.55516e+01
   Total Energy  Conserved En.    Temperature Pressure (bar)
    2.65977e+01    5.53799e+01    2.04877e+03    1.31192e+01

           Step           Time
         142700       71.35000

   Energies (kJ/mol)
           Bond        LJ (SR)   Coulomb (SR)      Potential    Kinetic En.
    4.27941e-01    0.00000e+00    0.00000e+00    4.27941e-01    1.61639e+01
   Total Energy  Conserved En.    Temperature Pressure (bar)
    1.65918e+01    5.56101e+01    1.29604e+03   -2.95808e+00

           Step           Time
         142800       71.40000

   Energies (kJ/mol)
           Bond        LJ (SR)   Coulomb (SR)      Potential    Kinetic En.
    2.41930e-02    0.00000e+00    0.00000e+00    2.41930e-02    1.76643e+01
   Total Energy  Conserved En.    Temperature Pressure (bar)
    1.76885e+01    5.52679e+01    1.41635e+03    4.40177e+00

           Step           Time
         142900       71.45000

   Energies (kJ/mol)
           Bond        LJ (SR)   Coulomb (SR)      Potential    Kinetic En.
    1.32247e-01    0.00000e+00    0.00000e+00    1.32247e-01    2.19695e+01
   Total Energy  Conserved En.    Temperature Pressure (bar)
    2.21018e+01    5.50220e+01    1.76155e+03    6.93479e+00

           Step           Time
         143000       71.50000

   Energies (kJ/mol)
           Bond        LJ (SR)   Coulomb (SR)      Potential    Kinetic En.
    6.82828e-02    0.00000e+00    0.00000e+00    6.82828e-02    1.47167e+01
   Total Energy  Conserved En.    Temperature Pressure (bar)
    1.47850e+01    5.61656e+01    1.18001e+03    4.80265e+00

           Step           Time
         143100       71.55000

   Energies (kJ/mol)
           Bond        LJ (SR)   Coulomb (SR)      Potential    Kinetic En.
    6.69344e-02    0.00000e+00    0.00000e+00    6.69344e-02    1.58116e+01
   Total Energy  Conserved En.    Temperature Pressure (bar)
    1.58785e+01    5.64248e+01    1.26780e+03    4.77037e-01

           Step           Time
         143200       71.60000

   Energies (kJ/mol)
           Bond        LJ (SR)   Coulomb (SR)      Potential    Kinetic En.
    8.99542e-02    0.00000e+00    0.00000e+00    8.99542e-02    1.41017e+01
   Total Energy  Conserved En.    Temperature Pressure (bar)
    1.41916e+01    5.60754e+01    1.13070e+03   -1.80493e-01

           Step           Time
         143300       71.65000

   Energies (kJ/mol)
           Bond        LJ (SR)   Coulomb (SR)      Potential    Kinetic En.
    4.07034e-03    0.00000e+00    0.00000e+00    4.07034e-03    1.47513e+01
   Total Energy  Conserved En.    Temperature Pressure (bar)
    1.47553e+01    5.67383e+01    1.18278e+03    1.99692e+00

           Step           Time
         143400       71.70000

   Energies (kJ/mol)
           Bond        LJ (SR)   Coulomb (SR)      Potential    Kinetic En.
    1.59937e-02    0.00000e+00    0.00000e+00    1.59937e-02    1.29496e+01
   Total Energy  Conserved En.    Temperature Pressure (bar)
    1.29656e+01    5.70525e+01    1.03832e+03    3.33523e+00

           Step           Time
         143500       71.75000

   Energies (kJ/mol)
           Bond        LJ (SR)   Coulomb (SR)      Potential    Kinetic En.
    2.67743e-01    0.00000e+00    0.00000e+00    2.67743e-01    9.12359e+00
   Total Energy  Conserved En.    Temperature Pressure (bar)
    9.39133e+00    5.65992e+01    7.31544e+02    6.02458e+00

           Step           Time
         143600       71.80000

   Energies (kJ/mol)
           Bond        LJ (SR)   Coulomb (SR)      Potential    Kinetic En.
    4.20726e-01    0.00000e+00    0.00000e+00    4.20726e-01    4.65209e+00
   Total Energy  Conserved En.    Temperature Pressure (bar)
    5.07282e+00    5.65454e+01    3.73012e+02   -4.89997e+00

           Step           Time
         143700       71.85000

   Energies (kJ/mol)
           Bond        LJ (SR)   Coulomb (SR)      Potential    Kinetic En.
    4.78428e-02    0.00000e+00    0.00000e+00    4.78428e-02    1.94494e+00
   Total Energy  Conserved En.    Temperature Pressure (bar)
    1.99278e+00    5.67986e+01    1.55948e+02   -1.57101e+00

           Step           Time
         143800       71.90000

   Energies (kJ/mol)
           Bond        LJ (SR)   Coulomb (SR)      Potential    Kinetic En.
    5.19610e-01    0.00000e+00    0.00000e+00    5.19610e-01    3.32954e+00
   Total Energy  Conserved En.    Temperature Pressure (bar)
    3.84915e+00    5.71523e+01    2.66967e+02    6.74487e+00

           Step           Time
         143900       71.95000

   Energies (kJ/mol)
           Bond        LJ (SR)   Coulomb (SR)      Potential    Kinetic En.
    8.41914e-01    0.00000e+00    0.00000e+00    8.41914e-01    5.30042e+00
   Total Energy  Conserved En.    Temperature Pressure (bar)
    6.14233e+00    5.72552e+01    4.24996e+02   -7.19566e+00

           Step           Time
         144000       72.00000

   Energies (kJ/mol)
           Bond        LJ (SR)   Coulomb (SR)      Potential    Kinetic En.
    1.88418e+00    0.00000e+00    0.00000e+00    1.88418e+00    6.53929e+00
   Total Energy  Conserved En.    Temperature Pressure (bar)
    8.42347e+00    5.75954e+01    5.24331e+02    1.27235e+01

           Step           Time
         144100       72.05000

   Energies (kJ/mol)
           Bond        LJ (SR)   Coulomb (SR)      Potential    Kinetic En.
    2.76527e-01    0.00000e+00    0.00000e+00    2.76527e-01    6.07228e+00
   Total Energy  Conserved En.    Temperature Pressure (bar)
    6.34880e+00    5.70379e+01    4.86885e+02   -3.56335e+00

           Step           Time
         144200       72.10000

   Energies (kJ/mol)
           Bond        LJ (SR)   Coulomb (SR)      Potential    Kinetic En.
    6.56576e-03    0.00000e+00    0.00000e+00    6.56576e-03    5.87910e+00
   Total Energy  Conserved En.    Temperature Pressure (bar)
    5.88566e+00    5.68419e+01    4.71395e+02    1.71934e+00

           Step           Time
         144300       72.15000

   Energies (kJ/mol)
           Bond        LJ (SR)   Coulomb (SR)      Potential    Kinetic En.
    9.42159e-02    0.00000e+00    0.00000e+00    9.42159e-02    4.66786e+00
   Total Energy  Conserved En.    Temperature Pressure (bar)
    4.76207e+00    5.66821e+01    3.74276e+02    3.45623e+00

           Step           Time
         144400       72.20000

   Energies (kJ/mol)
           Bond        LJ (SR)   Coulomb (SR)      Potential    Kinetic En.
    1.14288e+00    0.00000e+00    0.00000e+00    1.14288e+00    3.26445e+00
   Total Energy  Conserved En.    Temperature Pressure (bar)
    4.40733e+00    5.63691e+01    2.61748e+02   -8.91531e+00

           Step           Time
         144500       72.25000

   Energies (kJ/mol)
           Bond        LJ (SR)   Coulomb (SR)      Potential    Kinetic En.
    4.93974e+00    0.00000e+00    0.00000e+00    4.93974e+00    1.32167e+00
   Total Energy  Conserved En.    Temperature Pressure (bar)
    6.26141e+00    5.58108e+01    1.05973e+02    1.86719e+01

           Step           Time
         144600       72.30000

   Energies (kJ/mol)
           Bond        LJ (SR)   Coulomb (SR)      Potential    Kinetic En.
    7.23722e+00    0.00000e+00    0.00000e+00    7.23722e+00    2.08309e+00
   Total Energy  Conserved En.    Temperature Pressure (bar)
    9.32031e+00    5.60923e+01    1.67026e+02   -2.42497e+01

           Step           Time
         144700       72.35000

   Energies (kJ/mol)
           Bond        LJ (SR)   Coulomb (SR)      Potential    Kinetic En.
    7.69606e+00    0.00000e+00    0.00000e+00    7.69606e+00    1.09861e+00
   Total Energy  Conserved En.    Temperature Pressure (bar)
    8.79467e+00    5.59231e+01    8.80884e+01    2.29461e+01

           Step           Time
         144800       72.40000

   Energies (kJ/mol)
           Bond        LJ (SR)   Coulomb (SR)      Potential    Kinetic En.
    5.63888e+00    0.00000e+00    0.00000e+00    5.63888e+00    2.38658e-01
   Total Energy  Conserved En.    Temperature Pressure (bar)
    5.87754e+00    5.55501e+01    1.91359e+01   -2.15523e+01

           Step           Time
         144900       72.45000

   Energies (kJ/mol)
           Bond        LJ (SR)   Coulomb (SR)      Potential    Kinetic En.
    7.62455e+00    0.00000e+00    0.00000e+00    7.62455e+00    8.73777e-01
   Total Energy  Conserved En.    Temperature Pressure (bar)
    8.49833e+00    5.60318e+01    7.00608e+01    2.28074e+01

           Step           Time
         145000       72.50000

   Energies (kJ/mol)
           Bond        LJ (SR)   Coulomb (SR)      Potential    Kinetic En.
    5.19976e+00    0.00000e+00    0.00000e+00    5.19976e+00    1.28226e+00
   Total Energy  Conserved En.    Temperature Pressure (bar)
    6.48202e+00    5.63946e+01    1.02814e+02   -2.04767e+01

           Step           Time
         145100       72.55000

   Energies (kJ/mol)
           Bond        LJ (SR)   Coulomb (SR)      Potential    Kinetic En.
    7.45816e+00    0.00000e+00    0.00000e+00    7.45816e+00    3.08606e-01
   Total Energy  Conserved En.    Temperature Pressure (bar)
    7.76677e+00    5.60396e+01    2.47445e+01    2.24754e+01

           Step           Time
         145200       72.60000

   Energies (kJ/mol)
           Bond        LJ (SR)   Coulomb (SR)      Potential    Kinetic En.
    7.01820e+00    0.00000e+00    0.00000e+00    7.01820e+00    6.40712e-01
   Total Energy  Conserved En.    Temperature Pressure (bar)
    7.65892e+00    5.64203e+01    5.13733e+01   -2.41052e+01

           Step           Time
         145300       72.65000

   Energies (kJ/mol)
           Bond        LJ (SR)   Coulomb (SR)      Potential    Kinetic En.
    8.66211e+00    0.00000e+00    0.00000e+00    8.66211e+00    3.60893e-01
   Total Energy  Conserved En.    Temperature Pressure (bar)
    9.02300e+00    5.63546e+01    2.89369e+01    2.41185e+01

           Step           Time
         145400       72.70000

   Energies (kJ/mol)
           Bond        LJ (SR)   Coulomb (SR)      Potential    Kinetic En.
    4.74852e+00    0.00000e+00    0.00000e+00    4.74852e+00    9.40995e-02
   Total Energy  Conserved En.    Temperature Pressure (bar)
    4.84262e+00    5.59971e+01    7.54505e+00   -1.97256e+01

           Step           Time
         145500       72.75000

   Energies (kJ/mol)
           Bond        LJ (SR)   Coulomb (SR)      Potential    Kinetic En.
    8.06687e+00    0.00000e+00    0.00000e+00    8.06687e+00    1.26405e+00
   Total Energy  Conserved En.    Temperature Pressure (bar)
    9.33091e+00    5.69537e+01    1.01353e+02    2.34840e+01

           Step           Time
         145600       72.80000

   Energies (kJ/mol)
           Bond        LJ (SR)   Coulomb (SR)      Potential    Kinetic En.
    9.01725e+00    0.00000e+00    0.00000e+00    9.01725e+00    5.80294e-01
   Total Energy  Conserved En.    Temperature Pressure (bar)
    9.59755e+00    5.67738e+01    4.65289e+01   -2.75324e+01

           Step           Time
         145700       72.85000

   Energies (kJ/mol)
           Bond        LJ (SR)   Coulomb (SR)      Potential    Kinetic En.
    7.42766e+00    0.00000e+00    0.00000e+00    7.42766e+00    3.38418e-01
   Total Energy  Conserved En.    Temperature Pressure (bar)
    7.76607e+00    5.68118e+01    2.71349e+01    2.24373e+01

           Step           Time
         145800       72.90000

   Energies (kJ/mol)
           Bond        LJ (SR)   Coulomb (SR)      Potential    Kinetic En.
    7.82126e+00    0.00000e+00    0.00000e+00    7.82126e+00    1.57596e-01
   Total Energy  Conserved En.    Temperature Pressure (bar)
    7.97886e+00    5.66848e+01    1.26363e+01   -2.56080e+01

           Step           Time
         145900       72.95000

   Energies (kJ/mol)
           Bond        LJ (SR)   Coulomb (SR)      Potential    Kinetic En.
    3.90081e+00    0.00000e+00    0.00000e+00    3.90081e+00    3.20879e-01
   Total Energy  Conserved En.    Temperature Pressure (bar)
    4.22169e+00    5.62309e+01    2.57286e+01    1.65295e+01

           Step           Time
         146000       73.00000

   Energies (kJ/mol)
           Bond        LJ (SR)   Coulomb (SR)      Potential    Kinetic En.
    3.64057e+00    0.00000e+00    0.00000e+00    3.64057e+00    1.09769e+00
   Total Energy  Conserved En.    Temperature Pressure (bar)
    4.73826e+00    5.60305e+01    8.80147e+01   -1.70067e+01

           Step           Time
         146100       73.05000

   Energies (kJ/mol)
           Bond        LJ (SR)   Coulomb (SR)      Potential    Kinetic En.
    2.62009e+00    0.00000e+00    0.00000e+00    2.62009e+00    5.42699e-01
   Total Energy  Conserved En.    Temperature Pressure (bar)
    3.16279e+00    5.61549e+01    4.35145e+01    1.36951e+01

           Step           Time
         146200       73.10000

   Energies (kJ/mol)
           Bond        LJ (SR)   Coulomb (SR)      Potential    Kinetic En.
    1.43752e+00    0.00000e+00    0.00000e+00    1.43752e+00    6.30981e-01
   Total Energy  Conserved En.    Temperature Pressure (bar)
    2.06850e+00    5.60466e+01    5.05931e+01   -1.05498e+01

           Step           Time
         146300       73.15000

   Energies (kJ/mol)
           Bond        LJ (SR)   Coulomb (SR)      Potential    Kinetic En.
    2.62321e+00    0.00000e+00    0.00000e+00    2.62321e+00    2.94940e+00
   Total Energy  Conserved En.    Temperature Pressure (bar)
    5.57260e+00    5.59437e+01    2.36487e+02    1.41192e+01

           Step           Time
         146400       73.20000

   Energies (kJ/mol)
           Bond        LJ (SR)   Coulomb (SR)      Potential    Kinetic En.
    3.21197e+00    0.00000e+00    0.00000e+00    3.21197e+00    2.94610e+00
   Total Energy  Conserved En.    Temperature Pressure (bar)
    6.15807e+00    5.61909e+01    2.36223e+02   -1.56070e+01

           Step           Time
         146500       73.25000

   Energies (kJ/mol)
           Bond        LJ (SR)   Coulomb (SR)      Potential    Kinetic En.
    3.63330e-01    0.00000e+00    0.00000e+00    3.63330e-01    5.15747e+00
   Total Energy  Conserved En.    Temperature Pressure (bar)
    5.52080e+00    5.50648e+01    4.13534e+02    6.06291e+00

           Step           Time
         146600       73.30000

   Energies (kJ/mol)
           Bond        LJ (SR)   Coulomb (SR)      Potential    Kinetic En.
    4.48067e-01    0.00000e+00    0.00000e+00    4.48067e-01    4.87463e+00
   Total Energy  Conserved En.    Temperature Pressure (bar)
    5.32270e+00    5.52167e+01    3.90855e+02   -5.04632e+00

           Step           Time
         146700       73.35000

   Energies (kJ/mol)
           Bond        LJ (SR)   Coulomb (SR)      Potential    Kinetic En.
    2.37979e-01    0.00000e+00    0.00000e+00    2.37979e-01    1.01171e+01
   Total Energy  Conserved En.    Temperature Pressure (bar)
    1.03551e+01    5.51077e+01    8.11207e+02    5.94450e+00

           Step           Time
         146800       73.40000

   Energies (kJ/mol)
           Bond        LJ (SR)   Coulomb (SR)      Potential    Kinetic En.
    2.89366e-02    0.00000e+00    0.00000e+00    2.89366e-02    6.42291e+00
   Total Energy  Conserved En.    Temperature Pressure (bar)
    6.45185e+00    5.50831e+01    5.14999e+02   -3.71008e-01

           Step           Time
         146900       73.45000

   Energies (kJ/mol)
           Bond        LJ (SR)   Coulomb (SR)      Potential    Kinetic En.
    7.37537e-02    0.00000e+00    0.00000e+00    7.37537e-02    2.22919e+00
   Total Energy  Conserved En.    Temperature Pressure (bar)
    2.30294e+00    5.49629e+01    1.78740e+02   -1.98518e+00

           Step           Time
         147000       73.50000

   Energies (kJ/mol)
           Bond        LJ (SR)   Coulomb (SR)      Potential    Kinetic En.
    2.42195e+00    0.00000e+00    0.00000e+00    2.42195e+00    3.07974e-01
   Total Energy  Conserved En.    Temperature Pressure (bar)
    2.72992e+00    5.45372e+01    2.46939e+01    1.31469e+01

           Step           Time
         147100       73.55000

   Energies (kJ/mol)
           Bond        LJ (SR)   Coulomb (SR)      Potential    Kinetic En.
    1.95377e+00    0.00000e+00    0.00000e+00    1.95377e+00    1.01905e-01
   Total Energy  Conserved En.    Temperature Pressure (bar)
    2.05568e+00    5.45392e+01    8.17093e+00   -1.24568e+01

           Step           Time
         147200       73.60000

   Energies (kJ/mol)
           Bond        LJ (SR)   Coulomb (SR)      Potential    Kinetic En.
    3.14370e+00    0.00000e+00    0.00000e+00    3.14370e+00    6.86706e-02
   Total Energy  Conserved En.    Temperature Pressure (bar)
    3.21237e+00    5.44646e+01    5.50612e+00    1.48629e+01

           Step           Time
         147300       73.65000

   Energies (kJ/mol)
           Bond        LJ (SR)   Coulomb (SR)      Potential    Kinetic En.
    6.55513e+00    0.00000e+00    0.00000e+00    6.55513e+00    1.44570e-01
   Total Energy  Conserved En.    Temperature Pressure (bar)
    6.69970e+00    5.46394e+01    1.15918e+01   -2.33391e+01

           Step           Time
         147400       73.70000

   Energies (kJ/mol)
           Bond        LJ (SR)   Coulomb (SR)      Potential    Kinetic En.
    8.75268e+00    0.00000e+00    0.00000e+00    8.75268e+00    1.80894e-01
   Total Energy  Conserved En.    Temperature Pressure (bar)
    8.93358e+00    5.47764e+01    1.45044e+01    2.42050e+01

           Step           Time
         147500       73.75000

   Energies (kJ/mol)
           Bond        LJ (SR)   Coulomb (SR)      Potential    Kinetic En.
    1.50351e+01    0.00000e+00    0.00000e+00    1.50351e+01    2.97213e-01
   Total Energy  Conserved En.    Temperature Pressure (bar)
    1.53323e+01    5.50861e+01    2.38310e+01   -3.62165e+01

           Step           Time
         147600       73.80000

   Energies (kJ/mol)
           Bond        LJ (SR)   Coulomb (SR)      Potential    Kinetic En.
    1.29131e+01    0.00000e+00    0.00000e+00    1.29131e+01    1.05628e+00
   Total Energy  Conserved En.    Temperature Pressure (bar)
    1.39694e+01    5.63738e+01    8.46939e+01    2.91502e+01

           Step           Time
         147700       73.85000

   Energies (kJ/mol)
           Bond        LJ (SR)   Coulomb (SR)      Potential    Kinetic En.
    1.60414e+01    0.00000e+00    0.00000e+00    1.60414e+01    5.15824e-01
   Total Energy  Conserved En.    Temperature Pressure (bar)
    1.65572e+01    5.61708e+01    4.13595e+01   -3.74611e+01

           Step           Time
         147800       73.90000

   Energies (kJ/mol)
           Bond        LJ (SR)   Coulomb (SR)      Potential    Kinetic En.
    1.53312e+01    0.00000e+00    0.00000e+00    1.53312e+01    3.99123e-01
   Total Energy  Conserved En.    Temperature Pressure (bar)
    1.57303e+01    5.62810e+01    3.20023e+01    3.14142e+01

           Step           Time
         147900       73.95000

   Energies (kJ/mol)
           Bond        LJ (SR)   Coulomb (SR)      Potential    Kinetic En.
    1.16362e+01    0.00000e+00    0.00000e+00    1.16362e+01    3.84609e-01
   Total Energy  Conserved En.    Temperature Pressure (bar)
    1.20208e+01    5.56601e+01    3.08386e+01   -3.15644e+01

           Step           Time
         148000       74.00000

   Energies (kJ/mol)
           Bond        LJ (SR)   Coulomb (SR)      Potential    Kinetic En.
    8.55611e+00    0.00000e+00    0.00000e+00    8.55611e+00    9.05070e-01
   Total Energy  Conserved En.    Temperature Pressure (bar)
    9.46118e+00    5.69849e+01    7.25699e+01    2.40741e+01

           Step           Time
         148100       74.05000

   Energies (kJ/mol)
           Bond        LJ (SR)   Coulomb (SR)      Potential    Kinetic En.
    7.33756e+00    0.00000e+00    0.00000e+00    7.33756e+00    2.16278e-01
   Total Energy  Conserved En.    Temperature Pressure (bar)
    7.55384e+00    5.66546e+01    1.73415e+01   -2.47514e+01

           Step           Time
         148200       74.10000

   Energies (kJ/mol)
           Bond        LJ (SR)   Coulomb (SR)      Potential    Kinetic En.
    5.68025e+00    0.00000e+00    0.00000e+00    5.68025e+00    6.46755e-01
   Total Energy  Conserved En.    Temperature Pressure (bar)
    6.32700e+00    5.72137e+01    5.18578e+01    1.98230e+01

           Step           Time
         148300       74.15000

   Energies (kJ/mol)
           Bond        LJ (SR)   Coulomb (SR)      Potential    Kinetic En.
    8.05344e+00    0.00000e+00    0.00000e+00    8.05344e+00    1.18611e+00
   Total Energy  Conserved En.    Temperature Pressure (bar)
    9.23955e+00    5.75485e+01    9.51039e+01   -2.58281e+01

           Step           Time
         148400       74.20000

   Energies (kJ/mol)
           Bond        LJ (SR)   Coulomb (SR)      Potential    Kinetic En.
    9.52049e+00    0.00000e+00    0.00000e+00    9.52049e+00    3.11440e+00
   Total Energy  Conserved En.    Temperature Pressure (bar)
    1.26349e+01    5.83510e+01    2.49718e+02    2.56826e+01

           Step           Time
         148500       74.25000

   Energies (kJ/mol)
           Bond        LJ (SR)   Coulomb (SR)      Potential    Kinetic En.
    1.72218e+01    0.00000e+00    0.00000e+00    1.72218e+01    3.37882e+00
   Total Energy  Conserved En.    Temperature Pressure (bar)
    2.06006e+01    5.83630e+01    2.70919e+02   -3.84268e+01

           Step           Time
         148600       74.30000

   Energies (kJ/mol)
           Bond        LJ (SR)   Coulomb (SR)      Potential    Kinetic En.
    1.16695e+01    0.00000e+00    0.00000e+00    1.16695e+01    1.30110e+00
   Total Energy  Conserved En.    Temperature Pressure (bar)
    1.29706e+01    5.80401e+01    1.04324e+02    2.78671e+01

           Step           Time
         148700       74.35000

   Energies (kJ/mol)
           Bond        LJ (SR)   Coulomb (SR)      Potential    Kinetic En.
    1.06244e+01    0.00000e+00    0.00000e+00    1.06244e+01    1.40513e+00
   Total Energy  Conserved En.    Temperature Pressure (bar)
    1.20295e+01    5.84684e+01    1.12666e+02   -2.98959e+01

           Step           Time
         148800       74.40000

   Energies (kJ/mol)
           Bond        LJ (SR)   Coulomb (SR)      Potential    Kinetic En.
    1.33046e+01    0.00000e+00    0.00000e+00    1.33046e+01    1.45436e+00
   Total Energy  Conserved En.    Temperature Pressure (bar)
    1.47590e+01    5.86405e+01    1.16613e+02    2.96207e+01

           Step           Time
         148900       74.45000

   Energies (kJ/mol)
           Bond        LJ (SR)   Coulomb (SR)      Potential    Kinetic En.
    1.07711e+01    0.00000e+00    0.00000e+00    1.07711e+01    9.59822e-01
   Total Energy  Conserved En.    Temperature Pressure (bar)
    1.17309e+01    5.86484e+01    7.69600e+01   -3.01931e+01

           Step           Time
         149000       74.50000

   Energies (kJ/mol)
           Bond        LJ (SR)   Coulomb (SR)      Potential    Kinetic En.
    5.55325e+00    0.00000e+00    0.00000e+00    5.55325e+00    7.46811e-01
   Total Energy  Conserved En.    Temperature Pressure (bar)
    6.30006e+00    5.87807e+01    5.98805e+01    1.96297e+01

           Step           Time
         149100       74.55000

   Energies (kJ/mol)
           Bond        LJ (SR)   Coulomb (SR)      Potential    Kinetic En.
    8.01991e+00    0.00000e+00    0.00000e+00    8.01991e+00    8.06901e-01
   Total Energy  Conserved En.    Temperature Pressure (bar)
    8.82681e+00    5.88864e+01    6.46986e+01   -2.58365e+01

           Step           Time
         149200       74.60000

   Energies (kJ/mol)
           Bond        LJ (SR)   Coulomb (SR)      Potential    Kinetic En.
    8.07097e+00    0.00000e+00    0.00000e+00    8.07097e+00    2.92701e+00
   Total Energy  Conserved En.    Temperature Pressure (bar)
    1.09980e+01    5.98425e+01    2.34693e+02    2.37773e+01

           Step           Time
         149300       74.65000

   Energies (kJ/mol)
           Bond        LJ (SR)   Coulomb (SR)      Potential    Kinetic En.
    6.24174e+00    0.00000e+00    0.00000e+00    6.24174e+00    5.05040e-01
   Total Energy  Conserved En.    Temperature Pressure (bar)
    6.74678e+00    5.93021e+01    4.04949e+01   -2.26847e+01

           Step           Time
         149400       74.70000

   Energies (kJ/mol)
           Bond        LJ (SR)   Coulomb (SR)      Potential    Kinetic En.
    3.04185e+00    0.00000e+00    0.00000e+00    3.04185e+00    4.88922e-01
   Total Energy  Conserved En.    Temperature Pressure (bar)
    3.53078e+00    5.94242e+01    3.92025e+01    1.47018e+01

           Step           Time
         149500       74.75000

   Energies (kJ/mol)
           Bond        LJ (SR)   Coulomb (SR)      Potential    Kinetic En.
    1.99572e+00    0.00000e+00    0.00000e+00    1.99572e+00    2.30145e-01
   Total Energy  Conserved En.    Temperature Pressure (bar)
    2.22586e+00    5.90258e+01    1.84534e+01   -1.25714e+01

           Step           Time
         149600       74.80000

   Energies (kJ/mol)
           Bond        LJ (SR)   Coulomb (SR)      Potential    Kinetic En.
    1.94776e+00    0.00000e+00    0.00000e+00    1.94776e+00    1.32161e+00
   Total Energy  Conserved En.    Temperature Pressure (bar)
    3.26937e+00    5.88709e+01    1.05969e+02    1.20094e+01

           Step           Time
         149700       74.85000

   Energies (kJ/mol)
           Bond        LJ (SR)   Coulomb (SR)      Potential    Kinetic En.
    3.68404e+00    0.00000e+00    0.00000e+00    3.68404e+00    1.38817e-01
   Total Energy  Conserved En.    Temperature Pressure (bar)
    3.82286e+00    5.98303e+01    1.11305e+01   -1.72786e+01

           Step           Time
         149800       74.90000

   Energies (kJ/mol)
           Bond        LJ (SR)   Coulomb (SR)      Potential    Kinetic En.
    4.35158e+00    0.00000e+00    0.00000e+00    4.35158e+00    8.76160e-02
   Total Energy  Conserved En.    Temperature Pressure (bar)
    4.43919e+00    5.98027e+01    7.02519e+00    1.73749e+01

           Step           Time
         149900       74.95000

   Energies (kJ/mol)
           Bond        LJ (SR)   Coulomb (SR)      Potential    Kinetic En.
    7.76048e+00    0.00000e+00    0.00000e+00    7.76048e+00    2.53384e+00
   Total Energy  Conserved En.    Temperature Pressure (bar)
    1.02943e+01    6.10091e+01    2.03168e+02   -2.50919e+01

           Step           Time
         150000       75.00000

   Energies (kJ/mol)
           Bond        LJ (SR)   Coulomb (SR)      Potential    Kinetic En.
    7.93108e+00    0.00000e+00    0.00000e+00    7.93108e+00    1.01361e+00
   Total Energy  Conserved En.    Temperature Pressure (bar)
    8.94469e+00    6.07988e+01    8.12732e+01    2.32558e+01

           Step           Time
         150100       75.05000

   Energies (kJ/mol)
           Bond        LJ (SR)   Coulomb (SR)      Potential    Kinetic En.
    6.18185e+00    0.00000e+00    0.00000e+00    6.18185e+00    5.47946e-01
   Total Energy  Conserved En.    Temperature Pressure (bar)
    6.72980e+00    6.07424e+01    4.39352e+01   -2.25625e+01

           Step           Time
         150200       75.10000

   Energies (kJ/mol)
           Bond        LJ (SR)   Coulomb (SR)      Potential    Kinetic En.
    1.00167e+01    0.00000e+00    0.00000e+00    1.00167e+01    1.14820e+00
   Total Energy  Conserved En.    Temperature Pressure (bar)
    1.11649e+01    6.11434e+01    9.20644e+01    2.59459e+01

           Step           Time
         150300       75.15000

   Energies (kJ/mol)
           Bond        LJ (SR)   Coulomb (SR)      Potential    Kinetic En.
    1.29441e+01    0.00000e+00    0.00000e+00    1.29441e+01    7.66052e-01
   Total Energy  Conserved En.    Temperature Pressure (bar)
    1.37102e+01    6.11037e+01    6.14233e+01   -3.33450e+01

           Step           Time
         150400       75.20000

   Energies (kJ/mol)
           Bond        LJ (SR)   Coulomb (SR)      Potential    Kinetic En.
    1.70943e+01    0.00000e+00    0.00000e+00    1.70943e+01    3.91218e-01
   Total Energy  Conserved En.    Temperature Pressure (bar)
    1.74855e+01    6.04550e+01    3.13685e+01    3.30096e+01

           Step           Time
         150500       75.25000

   Energies (kJ/mol)
           Bond        LJ (SR)   Coulomb (SR)      Potential    Kinetic En.
    2.32688e+01    0.00000e+00    0.00000e+00    2.32688e+01    6.18671e-01
   Total Energy  Conserved En.    Temperature Pressure (bar)
    2.38874e+01    6.08243e+01    4.96060e+01   -4.58011e+01

           Step           Time
         150600       75.30000

   Energies (kJ/mol)
           Bond        LJ (SR)   Coulomb (SR)      Potential    Kinetic En.
    2.16623e+01    0.00000e+00    0.00000e+00    2.16623e+01    1.24156e+00
   Total Energy  Conserved En.    Temperature Pressure (bar)
    2.29039e+01    6.04869e+01    9.95501e+01    3.68794e+01

           Step           Time
         150700       75.35000

   Energies (kJ/mol)
           Bond        LJ (SR)   Coulomb (SR)      Potential    Kinetic En.
    2.04756e+01    0.00000e+00    0.00000e+00    2.04756e+01    1.31938e+00
   Total Energy  Conserved En.    Temperature Pressure (bar)
    2.17950e+01    6.07356e+01    1.05790e+02   -4.26027e+01

           Step           Time
         150800       75.40000

   Energies (kJ/mol)
           Bond        LJ (SR)   Coulomb (SR)      Potential    Kinetic En.
    2.11368e+01    0.00000e+00    0.00000e+00    2.11368e+01    3.46875e+00
   Total Energy  Conserved En.    Temperature Pressure (bar)
    2.46055e+01    6.02231e+01    2.78129e+02    3.68623e+01

           Step           Time
         150900       75.45000

   Energies (kJ/mol)
           Bond        LJ (SR)   Coulomb (SR)      Potential    Kinetic En.
    1.63382e+01    0.00000e+00    0.00000e+00    1.63382e+01    7.83987e+00
   Total Energy  Conserved En.    Temperature Pressure (bar)
    2.41781e+01    5.88562e+01    6.28613e+02   -3.65659e+01

           Step           Time
         151000       75.50000

   Energies (kJ/mol)
           Bond        LJ (SR)   Coulomb (SR)      Potential    Kinetic En.
    2.25478e+01    0.00000e+00    0.00000e+00    2.25478e+01    6.37313e+00
   Total Energy  Conserved En.    Temperature Pressure (bar)
    2.89210e+01    6.04700e+01    5.11007e+02    3.84315e+01

           Step           Time
         151100       75.55000

   Energies (kJ/mol)
           Bond        LJ (SR)   Coulomb (SR)      Potential    Kinetic En.
    1.96224e+01    0.00000e+00    0.00000e+00    1.96224e+01    7.34820e+00
   Total Energy  Conserved En.    Temperature Pressure (bar)
    2.69707e+01    6.03760e+01    5.89190e+02   -4.05850e+01

           Step           Time
         151200       75.60000

   Energies (kJ/mol)
           Bond        LJ (SR)   Coulomb (SR)      Potential    Kinetic En.
    2.16459e+01    0.00000e+00    0.00000e+00    2.16459e+01    9.81249e+00
   Total Energy  Conserved En.    Temperature Pressure (bar)
    3.14584e+01    6.05774e+01    7.86781e+02    3.83494e+01

           Step           Time
         151300       75.65000

   Energies (kJ/mol)
           Bond        LJ (SR)   Coulomb (SR)      Potential    Kinetic En.
    1.70547e+01    0.00000e+00    0.00000e+00    1.70547e+01    8.10945e+00
   Total Energy  Conserved En.    Temperature Pressure (bar)
    2.51641e+01    6.08161e+01    6.50228e+02   -3.74043e+01

           Step           Time
         151400       75.70000

   Energies (kJ/mol)
           Bond        LJ (SR)   Coulomb (SR)      Potential    Kinetic En.
    8.54736e+00    0.00000e+00    0.00000e+00    8.54736e+00    7.62243e+00
   Total Energy  Conserved En.    Temperature Pressure (bar)
    1.61698e+01    5.98500e+01    6.11178e+02    2.52246e+01

           Step           Time
         151500       75.75000

   Energies (kJ/mol)
           Bond        LJ (SR)   Coulomb (SR)      Potential    Kinetic En.
    1.03393e+01    0.00000e+00    0.00000e+00    1.03393e+01    8.12913e+00
   Total Energy  Conserved En.    Temperature Pressure (bar)
    1.84684e+01    6.03712e+01    6.51806e+02   -2.83013e+01

           Step           Time
         151600       75.80000

   Energies (kJ/mol)
           Bond        LJ (SR)   Coulomb (SR)      Potential    Kinetic En.
    9.53595e+00    0.00000e+00    0.00000e+00    9.53595e+00    9.18913e+00
   Total Energy  Conserved En.    Temperature Pressure (bar)
    1.87251e+01    6.04374e+01    7.36799e+02    2.67524e+01

           Step           Time
         151700       75.85000

   Energies (kJ/mol)
           Bond        LJ (SR)   Coulomb (SR)      Potential    Kinetic En.
    5.79689e+00    0.00000e+00    0.00000e+00    5.79689e+00    6.73140e+00
   Total Energy  Conserved En.    Temperature Pressure (bar)
    1.25283e+01    6.04051e+01    5.39734e+02   -2.07434e+01

           Step           Time
         151800       75.90000

   Energies (kJ/mol)
           Bond        LJ (SR)   Coulomb (SR)      Potential    Kinetic En.
    8.19091e+00    0.00000e+00    0.00000e+00    8.19091e+00    7.77968e+00
   Total Energy  Conserved En.    Temperature Pressure (bar)
    1.59706e+01    6.09180e+01    6.23787e+02    2.47785e+01

           Step           Time
         151900       75.95000

   Energies (kJ/mol)
           Bond        LJ (SR)   Coulomb (SR)      Potential    Kinetic En.
    9.77439e+00    0.00000e+00    0.00000e+00    9.77439e+00    7.00852e+00
   Total Energy  Conserved En.    Temperature Pressure (bar)
    1.67829e+01    6.15713e+01    5.61954e+02   -2.76239e+01

           Step           Time
         152000       76.00000

   Energies (kJ/mol)
           Bond        LJ (SR)   Coulomb (SR)      Potential    Kinetic En.
    8.65918e+00    0.00000e+00    0.00000e+00    8.65918e+00    4.86097e+00
   Total Energy  Conserved En.    Temperature Pressure (bar)
    1.35201e+01    6.20798e+01    3.89760e+02    2.48931e+01

           Step           Time
         152100       76.05000

   Energies (kJ/mol)
           Bond        LJ (SR)   Coulomb (SR)      Potential    Kinetic En.
    7.03014e+00    0.00000e+00    0.00000e+00    7.03014e+00    3.94501e+00
   Total Energy  Conserved En.    Temperature Pressure (bar)
    1.09752e+01    6.23156e+01    3.16317e+02   -2.35552e+01

           Step           Time
         152200       76.10000

   Energies (kJ/mol)
           Bond        LJ (SR)   Coulomb (SR)      Potential    Kinetic En.
    1.08013e+01    0.00000e+00    0.00000e+00    1.08013e+01    6.43432e+00
   Total Energy  Conserved En.    Temperature Pressure (bar)
    1.72356e+01    6.25593e+01    5.15914e+02    2.77805e+01

           Step           Time
         152300       76.15000

   Energies (kJ/mol)
           Bond        LJ (SR)   Coulomb (SR)      Potential    Kinetic En.
    5.02446e+00    0.00000e+00    0.00000e+00    5.02446e+00    4.22557e+00
   Total Energy  Conserved En.    Temperature Pressure (bar)
    9.25004e+00    6.21468e+01    3.38813e+02   -1.96007e+01

           Step           Time
         152400       76.20000

   Energies (kJ/mol)
           Bond        LJ (SR)   Coulomb (SR)      Potential    Kinetic En.
    2.43581e+00    0.00000e+00    0.00000e+00    2.43581e+00    3.14617e+00
   Total Energy  Conserved En.    Temperature Pressure (bar)
    5.58197e+00    6.20343e+01    2.52265e+02    1.36740e+01

           Step           Time
         152500       76.25000

   Energies (kJ/mol)
           Bond        LJ (SR)   Coulomb (SR)      Potential    Kinetic En.
    3.62590e+00    0.00000e+00    0.00000e+00    3.62590e+00    2.25699e+00
   Total Energy  Conserved En.    Temperature Pressure (bar)
    5.88289e+00    6.25326e+01    1.80969e+02   -1.67702e+01

           Step           Time
         152600       76.30000

   Energies (kJ/mol)
           Bond        LJ (SR)   Coulomb (SR)      Potential    Kinetic En.
    4.76124e+00    0.00000e+00    0.00000e+00    4.76124e+00    3.81779e+00
   Total Energy  Conserved En.    Temperature Pressure (bar)
    8.57902e+00    6.26240e+01    3.06116e+02    1.87826e+01

           Step           Time
         152700       76.35000

   Energies (kJ/mol)
           Bond        LJ (SR)   Coulomb (SR)      Potential    Kinetic En.
    5.37719e+00    0.00000e+00    0.00000e+00    5.37719e+00    2.84593e+00
   Total Energy  Conserved En.    Temperature Pressure (bar)
    8.22312e+00    6.30843e+01    2.28191e+02   -2.05719e+01

           Step           Time
         152800       76.40000

   Energies (kJ/mol)
           Bond        LJ (SR)   Coulomb (SR)      Potential    Kinetic En.
    1.69119e+00    0.00000e+00    0.00000e+00    1.69119e+00    4.79631e+00
   Total Energy  Conserved En.    Temperature Pressure (bar)
    6.48751e+00    6.24261e+01    3.84576e+02    1.18286e+01

           Step           Time
         152900       76.45000

   Energies (kJ/mol)
           Bond        LJ (SR)   Coulomb (SR)      Potential    Kinetic En.
    1.89105e+00    0.00000e+00    0.00000e+00    1.89105e+00    6.58033e+00
   Total Energy  Conserved En.    Temperature Pressure (bar)
    8.47137e+00    6.25057e+01    5.27621e+02   -1.11289e+01

           Step           Time
         153000       76.50000

   Energies (kJ/mol)
           Bond        LJ (SR)   Coulomb (SR)      Potential    Kinetic En.
    1.39420e+00    0.00000e+00    0.00000e+00    1.39420e+00    1.16843e+01
   Total Energy  Conserved En.    Temperature Pressure (bar)
    1.30785e+01    6.22650e+01    9.36868e+02    1.20321e+01

           Step           Time
         153100       76.55000

   Energies (kJ/mol)
           Bond        LJ (SR)   Coulomb (SR)      Potential    Kinetic En.
    7.87861e-01    0.00000e+00    0.00000e+00    7.87861e-01    1.63418e+01
   Total Energy  Conserved En.    Temperature Pressure (bar)
    1.71297e+01    6.20524e+01    1.31031e+03   -5.01647e+00

           Step           Time
         153200       76.60000

   Energies (kJ/mol)
           Bond        LJ (SR)   Coulomb (SR)      Potential    Kinetic En.
    3.11326e-01    0.00000e+00    0.00000e+00    3.11326e-01    1.70460e+01
   Total Energy  Conserved En.    Temperature Pressure (bar)
    1.73573e+01    6.19562e+01    1.36677e+03    7.73928e+00

           Step           Time
         153300       76.65000

   Energies (kJ/mol)
           Bond        LJ (SR)   Coulomb (SR)      Potential    Kinetic En.
    4.43992e-03    0.00000e+00    0.00000e+00    4.43992e-03    1.14058e+01
   Total Energy  Conserved En.    Temperature Pressure (bar)
    1.14103e+01    6.15992e+01    9.14537e+02    2.55068e+00

           Step           Time
         153400       76.70000

   Energies (kJ/mol)
           Bond        LJ (SR)   Coulomb (SR)      Potential    Kinetic En.
    1.40848e-01    0.00000e+00    0.00000e+00    1.40848e-01    6.82440e+00
   Total Energy  Conserved En.    Temperature Pressure (bar)
    6.96524e+00    6.14988e+01    5.47191e+02   -2.10252e+00

           Step           Time
         153500       76.75000

   Energies (kJ/mol)
           Bond        LJ (SR)   Coulomb (SR)      Potential    Kinetic En.
    2.07785e-01    0.00000e+00    0.00000e+00    2.07785e-01    5.18009e+00
   Total Energy  Conserved En.    Temperature Pressure (bar)
    5.38788e+00    6.20396e+01    4.15348e+02   -3.09779e+00

           Step           Time
         153600       76.80000

   Energies (kJ/mol)
           Bond        LJ (SR)   Coulomb (SR)      Potential    Kinetic En.
    1.59472e-03    0.00000e+00    0.00000e+00    1.59472e-03    3.61708e+00
   Total Energy  Conserved En.    Temperature Pressure (bar)
    3.61867e+00    6.18841e+01    2.90023e+02    9.72114e-01

           Step           Time
         153700       76.85000

   Energies (kJ/mol)
           Bond        LJ (SR)   Coulomb (SR)      Potential    Kinetic En.
    4.59448e-01    0.00000e+00    0.00000e+00    4.59448e-01    2.12848e+00
   Total Energy  Conserved En.    Temperature Pressure (bar)
    2.58793e+00    6.21957e+01    1.70665e+02   -5.59665e+00

           Step           Time
         153800       76.90000

   Energies (kJ/mol)
           Bond        LJ (SR)   Coulomb (SR)      Potential    Kinetic En.
    1.66233e-01    0.00000e+00    0.00000e+00    1.66233e-01    2.25649e+00
   Total Energy  Conserved En.    Temperature Pressure (bar)
    2.42272e+00    6.20984e+01    1.80929e+02    3.90163e+00

           Step           Time
         153900       76.95000

   Energies (kJ/mol)
           Bond        LJ (SR)   Coulomb (SR)      Potential    Kinetic En.
    1.21092e-01    0.00000e+00    0.00000e+00    1.21092e-01    3.79764e+00
   Total Energy  Conserved En.    Temperature Pressure (bar)
    3.91874e+00    6.20898e+01    3.04501e+02   -2.38549e+00

           Step           Time
         154000       77.00000

   Energies (kJ/mol)
           Bond        LJ (SR)   Coulomb (SR)      Potential    Kinetic En.
    5.07392e-02    0.00000e+00    0.00000e+00    5.07392e-02    1.19200e+00
   Total Energy  Conserved En.    Temperature Pressure (bar)
    1.24274e+00    6.22017e+01    9.55766e+01    2.15321e+00

           Step           Time
         154100       77.05000

   Energies (kJ/mol)
           Bond        LJ (SR)   Coulomb (SR)      Potential    Kinetic En.
    7.81542e-01    0.00000e+00    0.00000e+00    7.81542e-01    2.02041e+00
   Total Energy  Conserved En.    Temperature Pressure (bar)
    2.80195e+00    6.24530e+01    1.61999e+02   -7.46162e+00

           Step           Time
         154200       77.10000

   Energies (kJ/mol)
           Bond        LJ (SR)   Coulomb (SR)      Potential    Kinetic En.
    6.72588e-01    0.00000e+00    0.00000e+00    6.72588e-01    2.75137e+00
   Total Energy  Conserved En.    Temperature Pressure (bar)
    3.42396e+00    6.24562e+01    2.20609e+02    7.48037e+00

           Step           Time
         154300       77.15000

   Energies (kJ/mol)
           Bond        LJ (SR)   Coulomb (SR)      Potential    Kinetic En.
    3.84872e-01    0.00000e+00    0.00000e+00    3.84872e-01    5.47118e+00
   Total Energy  Conserved En.    Temperature Pressure (bar)
    5.85605e+00    6.24141e+01    4.38688e+02   -4.50678e+00

           Step           Time
         154400       77.20000

   Energies (kJ/mol)
           Bond        LJ (SR)   Coulomb (SR)      Potential    Kinetic En.
    6.73213e-01    0.00000e+00    0.00000e+00    6.73213e-01    9.81417e+00
   Total Energy  Conserved En.    Temperature Pressure (bar)
    1.04874e+01    6.25807e+01    7.86916e+02    8.70524e+00

           Step           Time
         154500       77.25000

   Energies (kJ/mol)
           Bond        LJ (SR)   Coulomb (SR)      Potential    Kinetic En.
    1.98539e+00    0.00000e+00    0.00000e+00    1.98539e+00    1.17678e+01
   Total Energy  Conserved En.    Temperature Pressure (bar)
    1.37532e+01    6.32842e+01    9.43561e+02   -1.05421e+01

           Step           Time
         154600       77.30000

   Energies (kJ/mol)
           Bond        LJ (SR)   Coulomb (SR)      Potential    Kinetic En.
    4.83054e-01    0.00000e+00    0.00000e+00    4.83054e-01    1.24644e+01
   Total Energy  Conserved En.    Temperature Pressure (bar)
    1.29474e+01    6.27213e+01    9.99414e+02    8.10709e+00

           Step           Time
         154700       77.35000

   Energies (kJ/mol)
           Bond        LJ (SR)   Coulomb (SR)      Potential    Kinetic En.
    5.16300e-03    0.00000e+00    0.00000e+00    5.16300e-03    1.71032e+01
   Total Energy  Conserved En.    Temperature Pressure (bar)
    1.71084e+01    6.20489e+01    1.37136e+03    3.58138e+00

           Step           Time
         154800       77.40000

   Energies (kJ/mol)
           Bond        LJ (SR)   Coulomb (SR)      Potential    Kinetic En.
    3.33922e-01    0.00000e+00    0.00000e+00    3.33922e-01    1.21061e+01
   Total Energy  Conserved En.    Temperature Pressure (bar)
    1.24400e+01    6.28919e+01    9.70685e+02    7.05363e+00

           Step           Time
         154900       77.45000

   Energies (kJ/mol)
           Bond        LJ (SR)   Coulomb (SR)      Potential    Kinetic En.
    1.23785e-01    0.00000e+00    0.00000e+00    1.23785e-01    8.21004e+00
   Total Energy  Conserved En.    Temperature Pressure (bar)
    8.33383e+00    6.29983e+01    6.58294e+02   -1.65614e+00

           Step           Time
         155000       77.50000

   Energies (kJ/mol)
           Bond        LJ (SR)   Coulomb (SR)      Potential    Kinetic En.
    1.80425e-01    0.00000e+00    0.00000e+00    1.80425e-01    9.67716e+00
   Total Energy  Conserved En.    Temperature Pressure (bar)
    9.85758e+00    6.24328e+01    7.75930e+02   -2.04542e+00

           Step           Time
         155100       77.55000

   Energies (kJ/mol)
           Bond        LJ (SR)   Coulomb (SR)      Potential    Kinetic En.
    3.39942e-01    0.00000e+00    0.00000e+00    3.39942e-01    1.34018e+01
   Total Energy  Conserved En.    Temperature Pressure (bar)
    1.37418e+01    6.26285e+01    1.07458e+03    7.32175e+00

           Step           Time
         155200       77.60000

   Energies (kJ/mol)
           Bond        LJ (SR)   Coulomb (SR)      Potential    Kinetic En.
    1.82376e+00    0.00000e+00    0.00000e+00    1.82376e+00    9.18914e+00
   Total Energy  Conserved En.    Temperature Pressure (bar)
    1.10129e+01    6.19812e+01    7.36799e+02   -1.04516e+01

           Step           Time
         155300       77.65000

   Energies (kJ/mol)
           Bond        LJ (SR)   Coulomb (SR)      Potential    Kinetic En.
    3.02732e+00    0.00000e+00    0.00000e+00    3.02732e+00    1.10231e+01
   Total Energy  Conserved En.    Temperature Pressure (bar)
    1.40504e+01    6.20920e+01    8.83851e+02    1.64902e+01

           Step           Time
         155400       77.70000

   Energies (kJ/mol)
           Bond        LJ (SR)   Coulomb (SR)      Potential    Kinetic En.
    3.49379e+00    0.00000e+00    0.00000e+00    3.49379e+00    7.34919e+00
   Total Energy  Conserved En.    Temperature Pressure (bar)
    1.08430e+01    6.19296e+01    5.89269e+02   -1.55625e+01

           Step           Time
         155500       77.75000

   Energies (kJ/mol)
           Bond        LJ (SR)   Coulomb (SR)      Potential    Kinetic En.
    2.92011e+00    0.00000e+00    0.00000e+00    2.92011e+00    1.09882e+01
   Total Energy  Conserved En.    Temperature Pressure (bar)
    1.39083e+01    6.25880e+01    8.81051e+02    1.62328e+01

           Step           Time
         155600       77.80000

   Energies (kJ/mol)
           Bond        LJ (SR)   Coulomb (SR)      Potential    Kinetic En.
    3.23759e+00    0.00000e+00    0.00000e+00    3.23759e+00    4.60206e+00
   Total Energy  Conserved En.    Temperature Pressure (bar)
    7.83966e+00    6.22044e+01    3.69001e+02   -1.53870e+01

           Step           Time
         155700       77.85000

   Energies (kJ/mol)
           Bond        LJ (SR)   Coulomb (SR)      Potential    Kinetic En.
    1.10180e+00    0.00000e+00    0.00000e+00    1.10180e+00    4.60337e+00
   Total Energy  Conserved En.    Temperature Pressure (bar)
    5.70518e+00    6.25500e+01    3.69106e+02    9.71961e+00

           Step           Time
         155800       77.90000

   Energies (kJ/mol)
           Bond        LJ (SR)   Coulomb (SR)      Potential    Kinetic En.
    2.16409e+00    0.00000e+00    0.00000e+00    2.16409e+00    2.71914e+00
   Total Energy  Conserved En.    Temperature Pressure (bar)
    4.88322e+00    6.23322e+01    2.18025e+02   -1.26769e+01

           Step           Time
         155900       77.95000

   Energies (kJ/mol)
           Bond        LJ (SR)   Coulomb (SR)      Potential    Kinetic En.
    2.97573e+00    0.00000e+00    0.00000e+00    2.97573e+00    4.26677e-01
   Total Energy  Conserved En.    Temperature Pressure (bar)
    3.40241e+00    6.19687e+01    3.42116e+01    1.45370e+01

           Step           Time
         156000       78.00000

   Energies (kJ/mol)
           Bond        LJ (SR)   Coulomb (SR)      Potential    Kinetic En.
    4.50864e+00    0.00000e+00    0.00000e+00    4.50864e+00    3.29390e-01
   Total Energy  Conserved En.    Temperature Pressure (bar)
    4.83803e+00    6.19761e+01    2.64110e+01   -1.91593e+01

           Step           Time
         156100       78.05000

   Energies (kJ/mol)
           Bond        LJ (SR)   Coulomb (SR)      Potential    Kinetic En.
    3.88401e+00    0.00000e+00    0.00000e+00    3.88401e+00    1.05246e-01
   Total Energy  Conserved En.    Temperature Pressure (bar)
    3.98925e+00    6.18674e+01    8.43878e+00    1.64581e+01

           Step           Time
         156200       78.10000

   Energies (kJ/mol)
           Bond        LJ (SR)   Coulomb (SR)      Potential    Kinetic En.
    2.82817e+00    0.00000e+00    0.00000e+00    2.82817e+00    2.53573e-01
   Total Energy  Conserved En.    Temperature Pressure (bar)
    3.08175e+00    6.21098e+01    2.03319e+01   -1.50471e+01

           Step           Time
         156300       78.15000

   Energies (kJ/mol)
           Bond        LJ (SR)   Coulomb (SR)      Potential    Kinetic En.
    7.46637e+00    0.00000e+00    0.00000e+00    7.46637e+00    3.92184e-01
   Total Energy  Conserved En.    Temperature Pressure (bar)
    7.85855e+00    6.22648e+01    3.14459e+01    2.25015e+01

           Step           Time
         156400       78.20000

   Energies (kJ/mol)
           Bond        LJ (SR)   Coulomb (SR)      Potential    Kinetic En.
    4.02112e+00    0.00000e+00    0.00000e+00    4.02112e+00    1.04827e-01
   Total Energy  Conserved En.    Temperature Pressure (bar)
    4.12594e+00    6.19841e+01    8.40518e+00   -1.80885e+01

           Step           Time
         156500       78.25000

   Energies (kJ/mol)
           Bond        LJ (SR)   Coulomb (SR)      Potential    Kinetic En.
    4.26185e+00    0.00000e+00    0.00000e+00    4.26185e+00    8.46375e-02
   Total Energy  Conserved En.    Temperature Pressure (bar)
    4.34649e+00    6.20572e+01    6.78637e+00    1.72022e+01

           Step           Time
         156600       78.30000

   Energies (kJ/mol)
           Bond        LJ (SR)   Coulomb (SR)      Potential    Kinetic En.
    6.37755e+00    0.00000e+00    0.00000e+00    6.37755e+00    1.89205e-01
   Total Energy  Conserved En.    Temperature Pressure (bar)
    6.56675e+00    6.20564e+01    1.51707e+01   -2.29975e+01

           Step           Time
         156700       78.35000

   Energies (kJ/mol)
           Bond        LJ (SR)   Coulomb (SR)      Potential    Kinetic En.
    3.17114e+00    0.00000e+00    0.00000e+00    3.17114e+00    2.77333e-01
   Total Energy  Conserved En.    Temperature Pressure (bar)
    3.44847e+00    6.25468e+01    2.22370e+01    1.49613e+01

           Step           Time
         156800       78.40000

   Energies (kJ/mol)
           Bond        LJ (SR)   Coulomb (SR)      Potential    Kinetic En.
    6.27602e+00    0.00000e+00    0.00000e+00    6.27602e+00    1.24147e-01
   Total Energy  Conserved En.    Temperature Pressure (bar)
    6.40017e+00    6.23078e+01    9.95428e+00   -2.28160e+01

           Step           Time
         156900       78.45000

   Energies (kJ/mol)
           Bond        LJ (SR)   Coulomb (SR)      Potential    Kinetic En.
    1.17407e+01    0.00000e+00    0.00000e+00    1.17407e+01    3.90390e-01
   Total Energy  Conserved En.    Temperature Pressure (bar)
    1.21311e+01    6.23162e+01    3.13021e+01    2.77877e+01

           Step           Time
         157000       78.50000

   Energies (kJ/mol)
           Bond        LJ (SR)   Coulomb (SR)      Potential    Kinetic En.
    8.57081e+00    0.00000e+00    0.00000e+00    8.57081e+00    2.24194e-01
   Total Energy  Conserved En.    Temperature Pressure (bar)
    8.79500e+00    6.24648e+01    1.79762e+01   -2.68631e+01

           Step           Time
         157100       78.55000

   Energies (kJ/mol)
           Bond        LJ (SR)   Coulomb (SR)      Potential    Kinetic En.
    7.33130e+00    0.00000e+00    0.00000e+00    7.33130e+00    2.04328e-01
   Total Energy  Conserved En.    Temperature Pressure (bar)
    7.53563e+00    6.29788e+01    1.63833e+01    2.22768e+01

           Step           Time
         157200       78.60000

   Energies (kJ/mol)
           Bond        LJ (SR)   Coulomb (SR)      Potential    Kinetic En.
    4.75384e+00    0.00000e+00    0.00000e+00    4.75384e+00    1.07979e-01
   Total Energy  Conserved En.    Temperature Pressure (bar)
    4.86182e+00    6.26989e+01    8.65793e+00   -1.97347e+01

           Step           Time
         157300       78.65000

   Energies (kJ/mol)
           Bond        LJ (SR)   Coulomb (SR)      Potential    Kinetic En.
    6.04833e+00    0.00000e+00    0.00000e+00    6.04833e+00    4.15372e-01
   Total Energy  Conserved En.    Temperature Pressure (bar)
    6.46370e+00    6.26186e+01    3.33051e+01    2.03793e+01

           Step           Time
         157400       78.70000

   Energies (kJ/mol)
           Bond        LJ (SR)   Coulomb (SR)      Potential    Kinetic En.
    4.50465e+00    0.00000e+00    0.00000e+00    4.50465e+00    1.27864e-01
   Total Energy  Conserved En.    Temperature Pressure (bar)
    4.63251e+00    6.31703e+01    1.02524e+01   -1.91853e+01

           Step           Time
         157500       78.75000

   Energies (kJ/mol)
           Bond        LJ (SR)   Coulomb (SR)      Potential    Kinetic En.
    2.95932e+00    0.00000e+00    0.00000e+00    2.95932e+00    1.14397e-01
   Total Energy  Conserved En.    Temperature Pressure (bar)
    3.07372e+00    6.31136e+01    9.17251e+00    1.44444e+01

           Step           Time
         157600       78.80000

   Energies (kJ/mol)
           Bond        LJ (SR)   Coulomb (SR)      Potential    Kinetic En.
    3.07419e+00    0.00000e+00    0.00000e+00    3.07419e+00    3.47886e-01
   Total Energy  Conserved En.    Temperature Pressure (bar)
    3.42208e+00    6.36369e+01    2.78941e+01   -1.56952e+01

           Step           Time
         157700       78.85000

   Energies (kJ/mol)
           Bond        LJ (SR)   Coulomb (SR)      Potential    Kinetic En.
    7.28313e+00    0.00000e+00    0.00000e+00    7.28313e+00    2.46934e-01
   Total Energy  Conserved En.    Temperature Pressure (bar)
    7.53006e+00    6.36251e+01    1.97996e+01    2.22151e+01

           Step           Time
         157800       78.90000

   Energies (kJ/mol)
           Bond        LJ (SR)   Coulomb (SR)      Potential    Kinetic En.
    1.04731e+01    0.00000e+00    0.00000e+00    1.04731e+01    5.95662e-01
   Total Energy  Conserved En.    Temperature Pressure (bar)
    1.10688e+01    6.40678e+01    4.77611e+01   -2.98077e+01

           Step           Time
         157900       78.95000

   Energies (kJ/mol)
           Bond        LJ (SR)   Coulomb (SR)      Potential    Kinetic En.
    7.14127e+00    0.00000e+00    0.00000e+00    7.14127e+00    7.09341e-01
   Total Energy  Conserved En.    Temperature Pressure (bar)
    7.85061e+00    6.42920e+01    5.68760e+01    2.20903e+01

           Step           Time
         158000       79.00000

   Energies (kJ/mol)
           Bond        LJ (SR)   Coulomb (SR)      Potential    Kinetic En.
    4.95318e+00    0.00000e+00    0.00000e+00    4.95318e+00    1.30173e+00
   Total Energy  Conserved En.    Temperature Pressure (bar)
    6.25491e+00    6.47094e+01    1.04375e+02   -1.99556e+01

           Step           Time
         158100       79.05000

   Energies (kJ/mol)
           Bond        LJ (SR)   Coulomb (SR)      Potential    Kinetic En.
    5.41360e+00    0.00000e+00    0.00000e+00    5.41360e+00    7.68508e-01
   Total Energy  Conserved En.    Temperature Pressure (bar)
    6.18211e+00    6.46617e+01    6.16202e+01    1.93986e+01

           Step           Time
         158200       79.10000

   Energies (kJ/mol)
           Bond        LJ (SR)   Coulomb (SR)      Potential    Kinetic En.
    7.57903e+00    0.00000e+00    0.00000e+00    7.57903e+00    5.56434e-01
   Total Energy  Conserved En.    Temperature Pressure (bar)
    8.13547e+00    6.46562e+01    4.46158e+01   -2.51182e+01

           Step           Time
         158300       79.15000

   Energies (kJ/mol)
           Bond        LJ (SR)   Coulomb (SR)      Potential    Kinetic En.
    1.06743e+01    0.00000e+00    0.00000e+00    1.06743e+01    5.00130e-01
   Total Energy  Conserved En.    Temperature Pressure (bar)
    1.11744e+01    6.47062e+01    4.01012e+01    2.66078e+01

           Step           Time
         158400       79.20000

   Energies (kJ/mol)
           Bond        LJ (SR)   Coulomb (SR)      Potential    Kinetic En.
    1.74085e+01    0.00000e+00    0.00000e+00    1.74085e+01    5.38651e-01
   Total Energy  Conserved En.    Temperature Pressure (bar)
    1.79471e+01    6.40416e+01    4.31899e+01   -3.91451e+01

           Step           Time
         158500       79.25000

   Energies (kJ/mol)
           Bond        LJ (SR)   Coulomb (SR)      Potential    Kinetic En.
    1.96387e+01    0.00000e+00    0.00000e+00    1.96387e+01    4.23609e-01
   Total Energy  Conserved En.    Temperature Pressure (bar)
    2.00623e+01    6.47668e+01    3.39656e+01    3.51541e+01

           Step           Time
         158600       79.30000

   Energies (kJ/mol)
           Bond        LJ (SR)   Coulomb (SR)      Potential    Kinetic En.
    2.05351e+01    0.00000e+00    0.00000e+00    2.05351e+01    4.61744e-01
   Total Energy  Conserved En.    Temperature Pressure (bar)
    2.09968e+01    6.57152e+01    3.70234e+01   -4.28183e+01

           Step           Time
         158700       79.35000

   Energies (kJ/mol)
           Bond        LJ (SR)   Coulomb (SR)      Potential    Kinetic En.
    1.23678e+01    0.00000e+00    0.00000e+00    1.23678e+01    3.08653e-01
   Total Energy  Conserved En.    Temperature Pressure (bar)
    1.26765e+01    6.55219e+01    2.47483e+01    2.84493e+01

           Step           Time
         158800       79.40000

   Energies (kJ/mol)
           Bond        LJ (SR)   Coulomb (SR)      Potential    Kinetic En.
    8.01832e+00    0.00000e+00    0.00000e+00    8.01832e+00    4.30775e-01
   Total Energy  Conserved En.    Temperature Pressure (bar)
    8.44909e+00    6.58332e+01    3.45402e+01   -2.58989e+01

           Step           Time
         158900       79.45000

   Energies (kJ/mol)
           Bond        LJ (SR)   Coulomb (SR)      Potential    Kinetic En.
    7.33442e+00    0.00000e+00    0.00000e+00    7.33442e+00    1.45052e-01
   Total Energy  Conserved En.    Temperature Pressure (bar)
    7.47947e+00    6.55359e+01    1.16305e+01    2.22710e+01

           Step           Time
         159000       79.50000

   Energies (kJ/mol)
           Bond        LJ (SR)   Coulomb (SR)      Potential    Kinetic En.
    1.07822e+01    0.00000e+00    0.00000e+00    1.07822e+01    2.18535e-01
   Total Energy  Conserved En.    Temperature Pressure (bar)
    1.10007e+01    6.57944e+01    1.75225e+01   -3.03379e+01

           Step           Time
         159100       79.55000

   Energies (kJ/mol)
           Bond        LJ (SR)   Coulomb (SR)      Potential    Kinetic En.
    6.07039e+00    0.00000e+00    0.00000e+00    6.07039e+00    6.10475e-01
   Total Energy  Conserved En.    Temperature Pressure (bar)
    6.68087e+00    6.50437e+01    4.89488e+01    2.04481e+01

           Step           Time
         159200       79.60000

   Energies (kJ/mol)
           Bond        LJ (SR)   Coulomb (SR)      Potential    Kinetic En.
    6.40270e+00    0.00000e+00    0.00000e+00    6.40270e+00    2.77647e-01
   Total Energy  Conserved En.    Temperature Pressure (bar)
    6.68035e+00    6.54215e+01    2.22622e+01   -2.30297e+01

           Step           Time
         159300       79.65000

   Energies (kJ/mol)
           Bond        LJ (SR)   Coulomb (SR)      Potential    Kinetic En.
    3.90730e+00    0.00000e+00    0.00000e+00    3.90730e+00    4.34848e-01
   Total Energy  Conserved En.    Temperature Pressure (bar)
    4.34215e+00    6.51358e+01    3.48668e+01    1.65623e+01

           Step           Time
         159400       79.70000

   Energies (kJ/mol)
           Bond        LJ (SR)   Coulomb (SR)      Potential    Kinetic En.
    4.76162e+00    0.00000e+00    0.00000e+00    4.76162e+00    1.16992e+00
   Total Energy  Conserved En.    Temperature Pressure (bar)
    5.93155e+00    6.50382e+01    9.38062e+01   -1.95679e+01

           Step           Time
         159500       79.75000

   Energies (kJ/mol)
           Bond        LJ (SR)   Coulomb (SR)      Potential    Kinetic En.
    6.19732e+00    0.00000e+00    0.00000e+00    6.19732e+00    2.12505e-01
   Total Energy  Conserved En.    Temperature Pressure (bar)
    6.40983e+00    6.58563e+01    1.70390e+01    2.05798e+01

           Step           Time
         159600       79.80000

   Energies (kJ/mol)
           Bond        LJ (SR)   Coulomb (SR)      Potential    Kinetic En.
    7.08800e+00    0.00000e+00    0.00000e+00    7.08800e+00    1.60381e-01
   Total Energy  Conserved En.    Temperature Pressure (bar)
    7.24838e+00    6.63721e+01    1.28596e+01   -2.43145e+01

           Step           Time
         159700       79.85000

   Energies (kJ/mol)
           Bond        LJ (SR)   Coulomb (SR)      Potential    Kinetic En.
    7.27515e+00    0.00000e+00    0.00000e+00    7.27515e+00    1.47102e-01
   Total Energy  Conserved En.    Temperature Pressure (bar)
    7.42225e+00    6.63697e+01    1.17949e+01    2.21864e+01

           Step           Time
         159800       79.90000

   Energies (kJ/mol)
           Bond        LJ (SR)   Coulomb (SR)      Potential    Kinetic En.
    7.74898e+00    0.00000e+00    0.00000e+00    7.74898e+00    1.70580e-01
   Total Energy  Conserved En.    Temperature Pressure (bar)
    7.91956e+00    6.64783e+01    1.36773e+01   -2.54809e+01

           Step           Time
         159900       79.95000

   Energies (kJ/mol)
           Bond        LJ (SR)   Coulomb (SR)      Potential    Kinetic En.
    7.75234e+00    0.00000e+00    0.00000e+00    7.75234e+00    1.82159e-01
   Total Energy  Conserved En.    Temperature Pressure (bar)
    7.93450e+00    6.68584e+01    1.46058e+01    2.28658e+01

           Step           Time
         160000       80.00000

   Energies (kJ/mol)
           Bond        LJ (SR)   Coulomb (SR)      Potential    Kinetic En.
    1.04646e+01    0.00000e+00    0.00000e+00    1.04646e+01    3.14307e-01
   Total Energy  Conserved En.    Temperature Pressure (bar)
    1.07789e+01    6.66844e+01    2.52017e+01   -2.98434e+01

           Step           Time
         160100       80.05000

   Energies (kJ/mol)
           Bond        LJ (SR)   Coulomb (SR)      Potential    Kinetic En.
    3.70165e+00    0.00000e+00    0.00000e+00    3.70165e+00    2.04062e-01
   Total Energy  Conserved En.    Temperature Pressure (bar)
    3.90571e+00    6.71069e+01    1.63620e+01    1.61002e+01

           Step           Time
         160200       80.10000

   Energies (kJ/mol)
           Bond        LJ (SR)   Coulomb (SR)      Potential    Kinetic En.
    1.24732e+00    0.00000e+00    0.00000e+00    1.24732e+00    7.13729e-02
   Total Energy  Conserved En.    Temperature Pressure (bar)
    1.31869e+00    6.71658e+01    5.72280e+00   -9.90053e+00

           Step           Time
         160300       80.15000

   Energies (kJ/mol)
           Bond        LJ (SR)   Coulomb (SR)      Potential    Kinetic En.
    4.65346e+00    0.00000e+00    0.00000e+00    4.65346e+00    1.44089e-01
   Total Energy  Conserved En.    Temperature Pressure (bar)
    4.79755e+00    6.70140e+01    1.15533e+01    1.79502e+01

           Step           Time
         160400       80.20000

   Energies (kJ/mol)
           Bond        LJ (SR)   Coulomb (SR)      Potential    Kinetic En.
    7.29491e+00    0.00000e+00    0.00000e+00    7.29491e+00    2.22400e-01
   Total Energy  Conserved En.    Temperature Pressure (bar)
    7.51731e+00    6.74753e+01    1.78323e+01   -2.46745e+01

           Step           Time
         160500       80.25000

   Energies (kJ/mol)
           Bond        LJ (SR)   Coulomb (SR)      Potential    Kinetic En.
    9.14614e+00    0.00000e+00    0.00000e+00    9.14614e+00    7.66913e-01
   Total Energy  Conserved En.    Temperature Pressure (bar)
    9.91305e+00    6.80250e+01    6.14923e+01    2.48093e+01

           Step           Time
         160600       80.30000

   Energies (kJ/mol)
           Bond        LJ (SR)   Coulomb (SR)      Potential    Kinetic En.
    1.08446e+01    0.00000e+00    0.00000e+00    1.08446e+01    9.55466e-01
   Total Energy  Conserved En.    Temperature Pressure (bar)
    1.18000e+01    6.82985e+01    7.66108e+01   -3.03035e+01

           Step           Time
         160700       80.35000

   Energies (kJ/mol)
           Bond        LJ (SR)   Coulomb (SR)      Potential    Kinetic En.
    1.24031e+01    0.00000e+00    0.00000e+00    1.24031e+01    1.44938e+00
   Total Energy  Conserved En.    Temperature Pressure (bar)
    1.38525e+01    6.88061e+01    1.16213e+02    2.86840e+01

           Step           Time
         160800       80.40000

   Energies (kJ/mol)
           Bond        LJ (SR)   Coulomb (SR)      Potential    Kinetic En.
    1.07071e+01    0.00000e+00    0.00000e+00    1.07071e+01    5.02452e-01
   Total Energy  Conserved En.    Temperature Pressure (bar)
    1.12096e+01    6.85132e+01    4.02874e+01   -3.01764e+01

           Step           Time
         160900       80.45000

   Energies (kJ/mol)
           Bond        LJ (SR)   Coulomb (SR)      Potential    Kinetic En.
    8.45557e+00    0.00000e+00    0.00000e+00    8.45557e+00    4.85753e-01
   Total Energy  Conserved En.    Temperature Pressure (bar)
    8.94133e+00    6.86865e+01    3.89485e+01    2.38693e+01

           Step           Time
         161000       80.50000

   Energies (kJ/mol)
           Bond        LJ (SR)   Coulomb (SR)      Potential    Kinetic En.
    8.47927e+00    0.00000e+00    0.00000e+00    8.47927e+00    3.95192e-01
   Total Energy  Conserved En.    Temperature Pressure (bar)
    8.87446e+00    6.80968e+01    3.16871e+01   -2.66816e+01

           Step           Time
         161100       80.55000

   Energies (kJ/mol)
           Bond        LJ (SR)   Coulomb (SR)      Potential    Kinetic En.
    8.38160e+00    0.00000e+00    0.00000e+00    8.38160e+00    1.01769e+00
   Total Energy  Conserved En.    Temperature Pressure (bar)
    9.39929e+00    6.78832e+01    8.15998e+01    2.38635e+01

           Step           Time
         161200       80.60000

   Energies (kJ/mol)
           Bond        LJ (SR)   Coulomb (SR)      Potential    Kinetic En.
    7.27869e+00    0.00000e+00    0.00000e+00    7.27869e+00    1.71701e+00
   Total Energy  Conserved En.    Temperature Pressure (bar)
    8.99570e+00    6.76783e+01    1.37672e+02   -2.43871e+01

           Step           Time
         161300       80.65000

   Energies (kJ/mol)
           Bond        LJ (SR)   Coulomb (SR)      Potential    Kinetic En.
    2.94611e+00    0.00000e+00    0.00000e+00    2.94611e+00    2.32546e+00
   Total Energy  Conserved En.    Temperature Pressure (bar)
    5.27158e+00    6.68868e+01    1.86459e+02    1.47958e+01

           Step           Time
         161400       80.70000

   Energies (kJ/mol)
           Bond        LJ (SR)   Coulomb (SR)      Potential    Kinetic En.
    3.74446e+00    0.00000e+00    0.00000e+00    3.74446e+00    1.66944e+00
   Total Energy  Conserved En.    Temperature Pressure (bar)
    5.41390e+00    6.72216e+01    1.33859e+02   -1.71605e+01

           Step           Time
         161500       80.75000

   Energies (kJ/mol)
           Bond        LJ (SR)   Coulomb (SR)      Potential    Kinetic En.
    1.00247e+01    0.00000e+00    0.00000e+00    1.00247e+01    4.25699e+00
   Total Energy  Conserved En.    Temperature Pressure (bar)
    1.42817e+01    6.75346e+01    3.41332e+02    2.64933e+01

           Step           Time
         161600       80.80000

   Energies (kJ/mol)
           Bond        LJ (SR)   Coulomb (SR)      Potential    Kinetic En.
    7.22712e+00    0.00000e+00    0.00000e+00    7.22712e+00    4.56597e+00
   Total Energy  Conserved En.    Temperature Pressure (bar)
    1.17931e+01    6.73591e+01    3.66106e+02   -2.38023e+01

           Step           Time
         161700       80.85000

   Energies (kJ/mol)
           Bond        LJ (SR)   Coulomb (SR)      Potential    Kinetic En.
    2.80993e+00    0.00000e+00    0.00000e+00    2.80993e+00    2.64062e+00
   Total Energy  Conserved En.    Temperature Pressure (bar)
    5.45055e+00    6.69567e+01    2.11729e+02    1.45254e+01

           Step           Time
         161800       80.90000

   Energies (kJ/mol)
           Bond        LJ (SR)   Coulomb (SR)      Potential    Kinetic En.
    4.93898e+00    0.00000e+00    0.00000e+00    4.93898e+00    2.27444e+00
   Total Energy  Conserved En.    Temperature Pressure (bar)
    7.21343e+00    6.74212e+01    1.82368e+02   -1.97571e+01

           Step           Time
         161900       80.95000

   Energies (kJ/mol)
           Bond        LJ (SR)   Coulomb (SR)      Potential    Kinetic En.
    5.27979e+00    0.00000e+00    0.00000e+00    5.27979e+00    4.45475e+00
   Total Energy  Conserved En.    Temperature Pressure (bar)
    9.73454e+00    6.72862e+01    3.57189e+02    1.98082e+01

           Step           Time
         162000       81.00000

   Energies (kJ/mol)
           Bond        LJ (SR)   Coulomb (SR)      Potential    Kinetic En.
    4.63588e+00    0.00000e+00    0.00000e+00    4.63588e+00    2.60011e+00
   Total Energy  Conserved En.    Temperature Pressure (bar)
    7.23600e+00    6.77015e+01    2.08481e+02   -1.90469e+01

           Step           Time
         162100       81.05000

   Energies (kJ/mol)
           Bond        LJ (SR)   Coulomb (SR)      Potential    Kinetic En.
    6.86546e+00    0.00000e+00    0.00000e+00    6.86546e+00    2.65668e+00
   Total Energy  Conserved En.    Temperature Pressure (bar)
    9.52214e+00    6.80621e+01    2.13016e+02    2.20224e+01

           Step           Time
         162200       81.10000

   Energies (kJ/mol)
           Bond        LJ (SR)   Coulomb (SR)      Potential    Kinetic En.
    3.07979e+00    0.00000e+00    0.00000e+00    3.07979e+00    4.16918e+00
   Total Energy  Conserved En.    Temperature Pressure (bar)
    7.24897e+00    6.72334e+01    3.34291e+02   -1.50491e+01

           Step           Time
         162300       81.15000

   Energies (kJ/mol)
           Bond        LJ (SR)   Coulomb (SR)      Potential    Kinetic En.
    5.53654e+00    0.00000e+00    0.00000e+00    5.53654e+00    1.78838e+00
   Total Energy  Conserved En.    Temperature Pressure (bar)
    7.32491e+00    6.81246e+01    1.43395e+02    1.97819e+01

           Step           Time
         162400       81.20000

   Energies (kJ/mol)
           Bond        LJ (SR)   Coulomb (SR)      Potential    Kinetic En.
    6.39985e+00    0.00000e+00    0.00000e+00    6.39985e+00    1.88457e+00
   Total Energy  Conserved En.    Temperature Pressure (bar)
    8.28442e+00    6.84069e+01    1.51108e+02   -2.27464e+01

           Step           Time
         162500       81.25000

   Energies (kJ/mol)
           Bond        LJ (SR)   Coulomb (SR)      Potential    Kinetic En.
    6.58996e+00    0.00000e+00    0.00000e+00    6.58996e+00    1.23681e+00
   Total Energy  Conserved En.    Temperature Pressure (bar)
    7.82677e+00    6.87944e+01    9.91694e+01    2.13633e+01

           Step           Time
         162600       81.30000

   Energies (kJ/mol)
           Bond        LJ (SR)   Coulomb (SR)      Potential    Kinetic En.
    6.52392e+00    0.00000e+00    0.00000e+00    6.52392e+00    2.39330e+00
   Total Energy  Conserved En.    Temperature Pressure (bar)
    8.91722e+00    6.86275e+01    1.91898e+02   -2.28917e+01

           Step           Time
         162700       81.35000

   Energies (kJ/mol)
           Bond        LJ (SR)   Coulomb (SR)      Potential    Kinetic En.
    5.61775e+00    0.00000e+00    0.00000e+00    5.61775e+00    1.18641e+00
   Total Energy  Conserved En.    Temperature Pressure (bar)
    6.80417e+00    6.90084e+01    9.51284e+01    1.98130e+01

           Step           Time
         162800       81.40000

   Energies (kJ/mol)
           Bond        LJ (SR)   Coulomb (SR)      Potential    Kinetic En.
    1.69749e+00    0.00000e+00    0.00000e+00    1.69749e+00    1.98063e+00
   Total Energy  Conserved En.    Temperature Pressure (bar)
    3.67812e+00    6.83012e+01    1.58810e+02   -1.12635e+01

           Step           Time
         162900       81.45000

   Energies (kJ/mol)
           Bond        LJ (SR)   Coulomb (SR)      Potential    Kinetic En.
    2.05310e+00    0.00000e+00    0.00000e+00    2.05310e+00    2.12201e+00
   Total Energy  Conserved En.    Temperature Pressure (bar)
    4.17511e+00    6.84337e+01    1.70146e+02    1.24530e+01

           Step           Time
         163000       81.50000

   Energies (kJ/mol)
           Bond        LJ (SR)   Coulomb (SR)      Potential    Kinetic En.
    2.03195e+00    0.00000e+00    0.00000e+00    2.03195e+00    2.02433e+00
   Total Energy  Conserved En.    Temperature Pressure (bar)
    4.05628e+00    6.85336e+01    1.62314e+02   -1.23782e+01

           Step           Time
         163100       81.55000

   Energies (kJ/mol)
           Bond        LJ (SR)   Coulomb (SR)      Potential    Kinetic En.
    8.74477e-01    0.00000e+00    0.00000e+00    8.74477e-01    1.59128e+00
   Total Energy  Conserved En.    Temperature Pressure (bar)
    2.46576e+00    6.83901e+01    1.27591e+02    8.24347e+00

           Step           Time
         163200       81.60000

   Energies (kJ/mol)
           Bond        LJ (SR)   Coulomb (SR)      Potential    Kinetic En.
    1.06673e+00    0.00000e+00    0.00000e+00    1.06673e+00    3.97651e-01
   Total Energy  Conserved En.    Temperature Pressure (bar)
    1.46438e+00    6.86741e+01    3.18843e+01   -9.08343e+00

           Step           Time
         163300       81.65000

   Energies (kJ/mol)
           Bond        LJ (SR)   Coulomb (SR)      Potential    Kinetic En.
    3.04318e+00    0.00000e+00    0.00000e+00    3.04318e+00    3.46953e-01
   Total Energy  Conserved En.    Temperature Pressure (bar)
    3.39014e+00    6.90064e+01    2.78192e+01    1.46803e+01

           Step           Time
         163400       81.70000

   Energies (kJ/mol)
           Bond        LJ (SR)   Coulomb (SR)      Potential    Kinetic En.
    2.12696e+00    0.00000e+00    0.00000e+00    2.12696e+00    9.61746e-02
   Total Energy  Conserved En.    Temperature Pressure (bar)
    2.22314e+00    6.91854e+01    7.71143e+00   -1.30142e+01

           Step           Time
         163500       81.75000

   Energies (kJ/mol)
           Bond        LJ (SR)   Coulomb (SR)      Potential    Kinetic En.
    1.77758e+00    0.00000e+00    0.00000e+00    1.77758e+00    7.09222e-01
   Total Energy  Conserved En.    Temperature Pressure (bar)
    2.48680e+00    6.89863e+01    5.68666e+01    1.13915e+01

           Step           Time
         163600       81.80000

   Energies (kJ/mol)
           Bond        LJ (SR)   Coulomb (SR)      Potential    Kinetic En.
    2.81650e+00    0.00000e+00    0.00000e+00    2.81650e+00    1.43678e+00
   Total Energy  Conserved En.    Temperature Pressure (bar)
    4.25329e+00    6.90761e+01    1.15203e+02   -1.48103e+01

           Step           Time
         163700       81.85000

   Energies (kJ/mol)
           Bond        LJ (SR)   Coulomb (SR)      Potential    Kinetic En.
    1.83523e+00    0.00000e+00    0.00000e+00    1.83523e+00    5.19161e-01
   Total Energy  Conserved En.    Temperature Pressure (bar)
    2.35439e+00    6.92627e+01    4.16271e+01    1.15349e+01

           Step           Time
         163800       81.90000

   Energies (kJ/mol)
           Bond        LJ (SR)   Coulomb (SR)      Potential    Kinetic En.
    7.08011e-01    0.00000e+00    0.00000e+00    7.08011e-01    7.46571e-01
   Total Energy  Conserved En.    Temperature Pressure (bar)
    1.45458e+00    6.92102e+01    5.98613e+01   -7.29923e+00

           Step           Time
         163900       81.95000

   Energies (kJ/mol)
           Bond        LJ (SR)   Coulomb (SR)      Potential    Kinetic En.
    9.10321e-01    0.00000e+00    0.00000e+00    9.10321e-01    3.40019e+00
   Total Energy  Conserved En.    Temperature Pressure (bar)
    4.31051e+00    6.91568e+01    2.72633e+02    8.71489e+00

           Step           Time
         164000       82.00000

   Energies (kJ/mol)
           Bond        LJ (SR)   Coulomb (SR)      Potential    Kinetic En.
    1.12012e+00    0.00000e+00    0.00000e+00    1.12012e+00    6.23688e+00
   Total Energy  Conserved En.    Temperature Pressure (bar)
    7.35700e+00    6.92151e+01    5.00083e+02   -8.30433e+00

           Step           Time
         164100       82.05000

   Energies (kJ/mol)
           Bond        LJ (SR)   Coulomb (SR)      Potential    Kinetic En.
    9.03672e-01    0.00000e+00    0.00000e+00    9.03672e-01    9.36046e+00
   Total Energy  Conserved En.    Temperature Pressure (bar)
    1.02641e+01    6.91367e+01    7.50537e+02    9.71670e+00

           Step           Time
         164200       82.10000

   Energies (kJ/mol)
           Bond        LJ (SR)   Coulomb (SR)      Potential    Kinetic En.
    9.37864e-01    0.00000e+00    0.00000e+00    9.37864e-01    1.20561e+01
   Total Energy  Conserved En.    Temperature Pressure (bar)
    1.29940e+01    6.93166e+01    9.66680e+02   -6.48543e+00

           Step           Time
         164300       82.15000

   Energies (kJ/mol)
           Bond        LJ (SR)   Coulomb (SR)      Potential    Kinetic En.
    1.25558e+00    0.00000e+00    0.00000e+00    1.25558e+00    9.13195e+00
   Total Energy  Conserved En.    Temperature Pressure (bar)
    1.03875e+01    6.97935e+01    7.32214e+02    1.10916e+01

           Step           Time
         164400       82.20000

   Energies (kJ/mol)
           Bond        LJ (SR)   Coulomb (SR)      Potential    Kinetic En.
    6.93354e-02    0.00000e+00    0.00000e+00    6.93354e-02    6.49843e+00
   Total Energy  Conserved En.    Temperature Pressure (bar)
    6.56776e+00    6.92337e+01    5.21054e+02   -1.17423e+00

           Step           Time
         164500       82.25000

   Energies (kJ/mol)
           Bond        LJ (SR)   Coulomb (SR)      Potential    Kinetic En.
    4.44118e-01    0.00000e+00    0.00000e+00    4.44118e-01    2.37773e+00
   Total Energy  Conserved En.    Temperature Pressure (bar)
    2.82185e+00    6.97589e+01    1.90650e+02    6.12079e+00

           Step           Time
         164600       82.30000

   Energies (kJ/mol)
           Bond        LJ (SR)   Coulomb (SR)      Potential    Kinetic En.
    2.32895e+00    0.00000e+00    0.00000e+00    2.32895e+00    6.46240e+00
   Total Energy  Conserved En.    Temperature Pressure (bar)
    8.79135e+00    7.02350e+01    5.18165e+02   -1.25356e+01

           Step           Time
         164700       82.35000

   Energies (kJ/mol)
           Bond        LJ (SR)   Coulomb (SR)      Potential    Kinetic En.
    6.43173e-01    0.00000e+00    0.00000e+00    6.43173e-01    7.50732e+00
   Total Energy  Conserved En.    Temperature Pressure (bar)
    8.15049e+00    6.97495e+01    6.01948e+02    8.15065e+00

           Step           Time
         164800       82.40000

   Energies (kJ/mol)
           Bond        LJ (SR)   Coulomb (SR)      Potential    Kinetic En.
    4.67500e-01    0.00000e+00    0.00000e+00    4.67500e-01    3.41246e+00
   Total Energy  Conserved En.    Temperature Pressure (bar)
    3.87996e+00    7.00296e+01    2.73616e+02   -5.42730e+00

           Step           Time
         164900       82.45000

   Energies (kJ/mol)
           Bond        LJ (SR)   Coulomb (SR)      Potential    Kinetic En.
    1.17145e+00    0.00000e+00    0.00000e+00    1.17145e+00    2.03578e+00
   Total Energy  Conserved En.    Temperature Pressure (bar)
    3.20723e+00    7.04195e+01    1.63232e+02    9.54706e+00

           Step           Time
         165000       82.50000

   Energies (kJ/mol)
           Bond        LJ (SR)   Coulomb (SR)      Potential    Kinetic En.
    1.40062e+00    0.00000e+00    0.00000e+00    1.40062e+00    5.24353e+00
   Total Energy  Conserved En.    Temperature Pressure (bar)
    6.64415e+00    7.03611e+01    4.20434e+02   -9.61106e+00

           Step           Time
         165100       82.55000

   Energies (kJ/mol)
           Bond        LJ (SR)   Coulomb (SR)      Potential    Kinetic En.
    2.62136e+00    0.00000e+00    0.00000e+00    2.62136e+00    7.23947e+00
   Total Energy  Conserved En.    Temperature Pressure (bar)
    9.86083e+00    7.08256e+01    5.80472e+02    1.48566e+01

           Step           Time
         165200       82.60000

   Energies (kJ/mol)
           Bond        LJ (SR)   Coulomb (SR)      Potential    Kinetic En.
    1.93728e+00    0.00000e+00    0.00000e+00    1.93728e+00    7.02119e+00
   Total Energy  Conserved En.    Temperature Pressure (bar)
    8.95846e+00    7.08092e+01    5.62970e+02   -1.12057e+01

           Step           Time
         165300       82.65000

   Energies (kJ/mol)
           Bond        LJ (SR)   Coulomb (SR)      Potential    Kinetic En.
    1.08898e+00    0.00000e+00    0.00000e+00    1.08898e+00    7.77249e+00
   Total Energy  Conserved En.    Temperature Pressure (bar)
    8.86147e+00    7.06608e+01    6.23211e+02    1.02168e+01

           Step           Time
         165400       82.70000

   Energies (kJ/mol)
           Bond        LJ (SR)   Coulomb (SR)      Potential    Kinetic En.
    2.70537e-01    0.00000e+00    0.00000e+00    2.70537e-01    8.25781e+00
   Total Energy  Conserved En.    Temperature Pressure (bar)
    8.52835e+00    7.04329e+01    6.62124e+02   -3.13455e+00

           Step           Time
         165500       82.75000

   Energies (kJ/mol)
           Bond        LJ (SR)   Coulomb (SR)      Potential    Kinetic En.
    2.99852e-01    0.00000e+00    0.00000e+00    2.99852e-01    6.56220e+00
   Total Energy  Conserved En.    Temperature Pressure (bar)
    6.86205e+00    7.06850e+01    5.26168e+02    5.83775e+00

           Step           Time
         165600       82.80000

   Energies (kJ/mol)
           Bond        LJ (SR)   Coulomb (SR)      Potential    Kinetic En.
    5.48195e-04    0.00000e+00    0.00000e+00    5.48195e-04    5.78453e+00
   Total Energy  Conserved En.    Temperature Pressure (bar)
    5.78508e+00    7.04319e+01    4.63813e+02    7.97179e-01

           Step           Time
         165700       82.85000

   Energies (kJ/mol)
           Bond        LJ (SR)   Coulomb (SR)      Potential    Kinetic En.
    1.93780e+00    0.00000e+00    0.00000e+00    1.93780e+00    7.39908e+00
   Total Energy  Conserved En.    Temperature Pressure (bar)
    9.33688e+00    6.93216e+01    5.93270e+02   -1.11421e+01

           Step           Time
         165800       82.90000

   Energies (kJ/mol)
           Bond        LJ (SR)   Coulomb (SR)      Potential    Kinetic En.
    6.30740e+00    0.00000e+00    0.00000e+00    6.30740e+00    6.46197e+00
   Total Energy  Conserved En.    Temperature Pressure (bar)
    1.27694e+01    6.85598e+01    5.18131e+02    2.18329e+01

           Step           Time
         165900       82.95000

   Energies (kJ/mol)
           Bond        LJ (SR)   Coulomb (SR)      Potential    Kinetic En.
    2.54548e+00    0.00000e+00    0.00000e+00    2.54548e+00    7.07613e+00
   Total Energy  Conserved En.    Temperature Pressure (bar)
    9.62161e+00    6.90627e+01    5.67376e+02   -1.30692e+01

           Step           Time
         166000       83.00000

   Energies (kJ/mol)
           Bond        LJ (SR)   Coulomb (SR)      Potential    Kinetic En.
    3.73273e+00    0.00000e+00    0.00000e+00    3.73273e+00    3.99752e+00
   Total Energy  Conserved En.    Temperature Pressure (bar)
    7.73025e+00    6.87723e+01    3.20527e+02    1.68210e+01

           Step           Time
         166100       83.05000

   Energies (kJ/mol)
           Bond        LJ (SR)   Coulomb (SR)      Potential    Kinetic En.
    1.88279e+00    0.00000e+00    0.00000e+00    1.88279e+00    4.47785e+00
   Total Energy  Conserved En.    Temperature Pressure (bar)
    6.36064e+00    6.92213e+01    3.59041e+02   -1.14651e+01

           Step           Time
         166200       83.10000

   Energies (kJ/mol)
           Bond        LJ (SR)   Coulomb (SR)      Potential    Kinetic En.
    1.38753e+00    0.00000e+00    0.00000e+00    1.38753e+00    3.66786e+00
   Total Energy  Conserved En.    Temperature Pressure (bar)
    5.05539e+00    6.93135e+01    2.94095e+02    1.06221e+01

           Step           Time
         166300       83.15000

   Energies (kJ/mol)
           Bond        LJ (SR)   Coulomb (SR)      Potential    Kinetic En.
    7.56356e-01    0.00000e+00    0.00000e+00    7.56356e-01    4.40594e+00
   Total Energy  Conserved En.    Temperature Pressure (bar)
    5.16230e+00    6.95793e+01    3.53275e+02   -6.91992e+00

           Step           Time
         166400       83.20000

   Energies (kJ/mol)
           Bond        LJ (SR)   Coulomb (SR)      Potential    Kinetic En.
    1.15677e+00    0.00000e+00    0.00000e+00    1.15677e+00    3.78859e+00
   Total Energy  Conserved En.    Temperature Pressure (bar)
    4.94537e+00    6.95593e+01    3.03775e+02    9.79376e+00

           Step           Time
         166500       83.25000

   Energies (kJ/mol)
           Bond        LJ (SR)   Coulomb (SR)      Potential    Kinetic En.
    1.04301e+00    0.00000e+00    0.00000e+00    1.04301e+00    3.43548e+00
   Total Energy  Conserved En.    Temperature Pressure (bar)
    4.47849e+00    6.96545e+01    2.75462e+02   -8.45362e+00

           Step           Time
         166600       83.30000

   Energies (kJ/mol)
           Bond        LJ (SR)   Coulomb (SR)      Potential    Kinetic En.
    2.75085e+00    0.00000e+00    0.00000e+00    2.75085e+00    3.05657e+00
   Total Energy  Conserved En.    Temperature Pressure (bar)
    5.80742e+00    6.93797e+01    2.45080e+02    1.44537e+01

           Step           Time
         166700       83.35000

   Energies (kJ/mol)
           Bond        LJ (SR)   Coulomb (SR)      Potential    Kinetic En.
    1.86275e+00    0.00000e+00    0.00000e+00    1.86275e+00    2.83438e+00
   Total Energy  Conserved En.    Temperature Pressure (bar)
    4.69713e+00    6.95550e+01    2.27265e+02   -1.16823e+01

           Step           Time
         166800       83.40000

   Energies (kJ/mol)
           Bond        LJ (SR)   Coulomb (SR)      Potential    Kinetic En.
    2.45941e+00    0.00000e+00    0.00000e+00    2.45941e+00    5.02567e-01
   Total Energy  Conserved En.    Temperature Pressure (bar)
    2.96198e+00    6.92204e+01    4.02966e+01    1.32781e+01

           Step           Time
         166900       83.45000

   Energies (kJ/mol)
           Bond        LJ (SR)   Coulomb (SR)      Potential    Kinetic En.
    2.65720e+00    0.00000e+00    0.00000e+00    2.65720e+00    3.45441e-01
   Total Energy  Conserved En.    Temperature Pressure (bar)
    3.00264e+00    6.92095e+01    2.76980e+01   -1.45535e+01

           Step           Time
         167000       83.50000

   Energies (kJ/mol)
           Bond        LJ (SR)   Coulomb (SR)      Potential    Kinetic En.
    1.36371e-01    0.00000e+00    0.00000e+00    1.36371e-01    1.47496e+00
   Total Energy  Conserved En.    Temperature Pressure (bar)
    1.61133e+00    6.94794e+01    1.18264e+02    3.43792e+00

           Step           Time
         167100       83.55000

   Energies (kJ/mol)
           Bond        LJ (SR)   Coulomb (SR)      Potential    Kinetic En.
    1.39796e+00    0.00000e+00    0.00000e+00    1.39796e+00    1.53938e+00
   Total Energy  Conserved En.    Temperature Pressure (bar)
    2.93734e+00    6.93346e+01    1.23430e+02   -1.02415e+01

           Step           Time
         167200       83.60000

   Energies (kJ/mol)
           Bond        LJ (SR)   Coulomb (SR)      Potential    Kinetic En.
    2.86154e-01    0.00000e+00    0.00000e+00    2.86154e-01    1.62500e+00
   Total Energy  Conserved En.    Temperature Pressure (bar)
    1.91116e+00    6.95889e+01    1.30295e+02    4.87624e+00

           Step           Time
         167300       83.65000

   Energies (kJ/mol)
           Bond        LJ (SR)   Coulomb (SR)      Potential    Kinetic En.
    2.17130e-01    0.00000e+00    0.00000e+00    2.17130e-01    6.63337e-01
   Total Energy  Conserved En.    Temperature Pressure (bar)
    8.80466e-01    6.95921e+01    5.31874e+01   -3.96869e+00

           Step           Time
         167400       83.70000

   Energies (kJ/mol)
           Bond        LJ (SR)   Coulomb (SR)      Potential    Kinetic En.
    1.61321e+00    0.00000e+00    0.00000e+00    1.61321e+00    5.60912e-02
   Total Energy  Conserved En.    Temperature Pressure (bar)
    1.66930e+00    6.93472e+01    4.49748e+00    1.07587e+01

           Step           Time
         167500       83.75000

   Energies (kJ/mol)
           Bond        LJ (SR)   Coulomb (SR)      Potential    Kinetic En.
    3.13472e+00    0.00000e+00    0.00000e+00    3.13472e+00    1.50801e-01
   Total Energy  Conserved En.    Temperature Pressure (bar)
    3.28552e+00    6.94598e+01    1.20915e+01   -1.58890e+01

           Step           Time
         167600       83.80000

   Energies (kJ/mol)
           Bond        LJ (SR)   Coulomb (SR)      Potential    Kinetic En.
    7.38713e+00    0.00000e+00    0.00000e+00    7.38713e+00    8.89931e-01
   Total Energy  Conserved En.    Temperature Pressure (bar)
    8.27706e+00    6.91225e+01    7.13561e+01    2.24751e+01

           Step           Time
         167700       83.85000

   Energies (kJ/mol)
           Bond        LJ (SR)   Coulomb (SR)      Potential    Kinetic En.
    9.01105e+00    0.00000e+00    0.00000e+00    9.01105e+00    2.44324e+00
   Total Energy  Conserved En.    Temperature Pressure (bar)
    1.14543e+01    6.89163e+01    1.95903e+02   -2.72001e+01

           Step           Time
         167800       83.90000

   Energies (kJ/mol)
           Bond        LJ (SR)   Coulomb (SR)      Potential    Kinetic En.
    1.13539e+01    0.00000e+00    0.00000e+00    1.13539e+01    3.66109e+00
   Total Energy  Conserved En.    Temperature Pressure (bar)
    1.50149e+01    6.90516e+01    2.93552e+02    2.79261e+01

           Step           Time
         167900       83.95000

   Energies (kJ/mol)
           Bond        LJ (SR)   Coulomb (SR)      Potential    Kinetic En.
    9.73276e+00    0.00000e+00    0.00000e+00    9.73276e+00    1.87544e+00
   Total Energy  Conserved En.    Temperature Pressure (bar)
    1.16082e+01    6.96504e+01    1.50376e+02   -2.84468e+01

           Step           Time
         168000       84.00000

   Energies (kJ/mol)
           Bond        LJ (SR)   Coulomb (SR)      Potential    Kinetic En.
    9.73364e+00    0.00000e+00    0.00000e+00    9.73364e+00    1.28056e+00
   Total Energy  Conserved En.    Temperature Pressure (bar)
    1.10142e+01    7.00933e+01    1.02677e+02    2.56268e+01

           Step           Time
         168100       84.05000

   Energies (kJ/mol)
           Bond        LJ (SR)   Coulomb (SR)      Potential    Kinetic En.
    1.03007e+01    0.00000e+00    0.00000e+00    1.03007e+01    1.34607e+00
   Total Energy  Conserved En.    Temperature Pressure (bar)
    1.16468e+01    7.03167e+01    1.07930e+02   -2.94158e+01

           Step           Time
         168200       84.10000

   Energies (kJ/mol)
           Bond        LJ (SR)   Coulomb (SR)      Potential    Kinetic En.
    9.25893e+00    0.00000e+00    0.00000e+00    9.25893e+00    1.62123e+00
   Total Energy  Conserved En.    Temperature Pressure (bar)
    1.08802e+01    7.03071e+01    1.29993e+02    2.50990e+01

           Step           Time
         168300       84.15000

   Energies (kJ/mol)
           Bond        LJ (SR)   Coulomb (SR)      Potential    Kinetic En.
    2.24576e+00    0.00000e+00    0.00000e+00    2.24576e+00    2.57632e+00
   Total Energy  Conserved En.    Temperature Pressure (bar)
    4.82208e+00    6.90128e+01    2.06574e+02   -1.29546e+01

           Step           Time
         168400       84.20000

   Energies (kJ/mol)
           Bond        LJ (SR)   Coulomb (SR)      Potential    Kinetic En.
    1.17037e+00    0.00000e+00    0.00000e+00    1.17037e+00    4.44299e+00
   Total Energy  Conserved En.    Temperature Pressure (bar)
    5.61336e+00    6.86558e+01    3.56246e+02    9.95930e+00

           Step           Time
         168500       84.25000

   Energies (kJ/mol)
           Bond        LJ (SR)   Coulomb (SR)      Potential    Kinetic En.
    1.63147e-03    0.00000e+00    0.00000e+00    1.63147e-03    3.11259e+00
   Total Energy  Conserved En.    Temperature Pressure (bar)
    3.11423e+00    6.79948e+01    2.49573e+02    1.87406e-01

           Step           Time
         168600       84.30000

   Energies (kJ/mol)
           Bond        LJ (SR)   Coulomb (SR)      Potential    Kinetic En.
    5.48278e-01    0.00000e+00    0.00000e+00    5.48278e-01    2.81666e+00
   Total Energy  Conserved En.    Temperature Pressure (bar)
    3.36493e+00    6.83679e+01    2.25844e+02    6.82153e+00

           Step           Time
         168700       84.35000

   Energies (kJ/mol)
           Bond        LJ (SR)   Coulomb (SR)      Potential    Kinetic En.
    3.01523e+00    0.00000e+00    0.00000e+00    3.01523e+00    6.47242e-01
   Total Energy  Conserved En.    Temperature Pressure (bar)
    3.66247e+00    6.89863e+01    5.18969e+01   -1.54866e+01

           Step           Time
         168800       84.40000

   Energies (kJ/mol)
           Bond        LJ (SR)   Coulomb (SR)      Potential    Kinetic En.
    2.00722e+00    0.00000e+00    0.00000e+00    2.00722e+00    2.23370e+00
   Total Energy  Conserved En.    Temperature Pressure (bar)
    4.24092e+00    6.85947e+01    1.79101e+02    1.23405e+01

           Step           Time
         168900       84.45000

   Energies (kJ/mol)
           Bond        LJ (SR)   Coulomb (SR)      Potential    Kinetic En.
    4.15143e-01    0.00000e+00    0.00000e+00    4.15143e-01    4.53046e+00
   Total Energy  Conserved En.    Temperature Pressure (bar)
    4.94560e+00    6.79191e+01    3.63259e+02   -4.88257e+00

           Step           Time
         169000       84.50000

   Energies (kJ/mol)
           Bond        LJ (SR)   Coulomb (SR)      Potential    Kinetic En.
    2.88305e-01    0.00000e+00    0.00000e+00    2.88305e-01    4.43138e+00
   Total Energy  Conserved En.    Temperature Pressure (bar)
    4.71968e+00    6.79694e+01    3.55315e+02    5.37872e+00

           Step           Time
         169100       84.55000

   Energies (kJ/mol)
           Bond        LJ (SR)   Coulomb (SR)      Potential    Kinetic En.
    4.05045e-01    0.00000e+00    0.00000e+00    4.05045e-01    6.11446e+00
   Total Energy  Conserved En.    Temperature Pressure (bar)
    6.51950e+00    6.80880e+01    4.90267e+02   -4.53835e+00

           Step           Time
         169200       84.60000

   Energies (kJ/mol)
           Bond        LJ (SR)   Coulomb (SR)      Potential    Kinetic En.
    1.62469e-02    0.00000e+00    0.00000e+00    1.62469e-02    1.13806e+01
   Total Energy  Conserved En.    Temperature Pressure (bar)
    1.13969e+01    6.77168e+01    9.12515e+02    3.07245e+00

           Step           Time
         169300       84.65000

   Energies (kJ/mol)
           Bond        LJ (SR)   Coulomb (SR)      Potential    Kinetic En.
    2.91634e-01    0.00000e+00    0.00000e+00    2.91634e-01    1.38170e+01
   Total Energy  Conserved En.    Temperature Pressure (bar)
    1.41086e+01    6.84008e+01    1.10787e+03   -2.34942e+00

           Step           Time
         169400       84.70000

   Energies (kJ/mol)
           Bond        LJ (SR)   Coulomb (SR)      Potential    Kinetic En.
    5.38759e-02    0.00000e+00    0.00000e+00    5.38759e-02    1.30725e+01
   Total Energy  Conserved En.    Temperature Pressure (bar)
    1.31264e+01    6.83517e+01    1.04818e+03    4.26723e+00

           Step           Time
         169500       84.75000

   Energies (kJ/mol)
           Bond        LJ (SR)   Coulomb (SR)      Potential    Kinetic En.
    2.75996e-03    0.00000e+00    0.00000e+00    2.75996e-03    1.01012e+01
   Total Energy  Conserved En.    Temperature Pressure (bar)
    1.01040e+01    6.84788e+01    8.09931e+02    1.29061e+00

           Step           Time
         169600       84.80000

   Energies (kJ/mol)
           Bond        LJ (SR)   Coulomb (SR)      Potential    Kinetic En.
    2.08447e-02    0.00000e+00    0.00000e+00    2.08447e-02    6.58395e+00
   Total Energy  Conserved En.    Temperature Pressure (bar)
    6.60480e+00    6.84888e+01    5.27912e+02   -1.18339e-01

           Step           Time
         169700       84.85000

   Energies (kJ/mol)
           Bond        LJ (SR)   Coulomb (SR)      Potential    Kinetic En.
    8.07309e-01    0.00000e+00    0.00000e+00    8.07309e-01    8.67809e+00
   Total Energy  Conserved En.    Temperature Pressure (bar)
    9.48540e+00    6.92410e+01    6.95823e+02   -6.43999e+00

           Step           Time
         169800       84.90000

   Energies (kJ/mol)
           Bond        LJ (SR)   Coulomb (SR)      Potential    Kinetic En.
    1.55045e+00    0.00000e+00    0.00000e+00    1.55045e+00    8.02432e+00
   Total Energy  Conserved En.    Temperature Pressure (bar)
    9.57477e+00    6.97231e+01    6.43402e+02    1.19312e+01

           Step           Time
         169900       84.95000

   Energies (kJ/mol)
           Bond        LJ (SR)   Coulomb (SR)      Potential    Kinetic En.
    2.84781e-01    0.00000e+00    0.00000e+00    2.84781e-01    8.12740e+00
   Total Energy  Conserved En.    Temperature Pressure (bar)
    8.41218e+00    6.92593e+01    6.51668e+02   -3.27695e+00

           Step           Time
         170000       85.00000

   Energies (kJ/mol)
           Bond        LJ (SR)   Coulomb (SR)      Potential    Kinetic En.
    2.99046e-02    0.00000e+00    0.00000e+00    2.99046e-02    1.41881e+01
   Total Energy  Conserved En.    Temperature Pressure (bar)
    1.42180e+01    6.87115e+01    1.13762e+03    9.47490e-01

           Step           Time
         170100       85.05000

   Energies (kJ/mol)
           Bond        LJ (SR)   Coulomb (SR)      Potential    Kinetic En.
    1.23946e+00    0.00000e+00    0.00000e+00    1.23946e+00    1.16220e+01
   Total Energy  Conserved En.    Temperature Pressure (bar)
    1.28615e+01    6.80235e+01    9.31872e+02    1.14624e+01

           Step           Time
         170200       85.10000

   Energies (kJ/mol)
           Bond        LJ (SR)   Coulomb (SR)      Potential    Kinetic En.
    1.09621e+00    0.00000e+00    0.00000e+00    1.09621e+00    6.93945e+00
   Total Energy  Conserved En.    Temperature Pressure (bar)
    8.03565e+00    6.80331e+01    5.56416e+02   -8.08004e+00

           Step           Time
         170300       85.15000

   Energies (kJ/mol)
           Bond        LJ (SR)   Coulomb (SR)      Potential    Kinetic En.
    3.92495e+00    0.00000e+00    0.00000e+00    3.92495e+00    7.95599e+00
   Total Energy  Conserved En.    Temperature Pressure (bar)
    1.18809e+01    6.77511e+01    6.37924e+02    1.78989e+01

           Step           Time
         170400       85.20000

   Energies (kJ/mol)
           Bond        LJ (SR)   Coulomb (SR)      Potential    Kinetic En.
    2.82723e+00    0.00000e+00    0.00000e+00    2.82723e+00    7.47396e+00
   Total Energy  Conserved En.    Temperature Pressure (bar)
    1.03012e+01    6.80751e+01    5.99274e+02   -1.37956e+01

           Step           Time
         170500       85.25000

   Energies (kJ/mol)
           Bond        LJ (SR)   Coulomb (SR)      Potential    Kinetic En.
    4.18469e+00    0.00000e+00    0.00000e+00    4.18469e+00    1.01971e+01
   Total Energy  Conserved En.    Temperature Pressure (bar)
    1.43818e+01    6.83341e+01    8.17618e+02    1.88017e+01

           Step           Time
         170600       85.30000

   Energies (kJ/mol)
           Bond        LJ (SR)   Coulomb (SR)      Potential    Kinetic En.
    7.04459e+00    0.00000e+00    0.00000e+00    7.04459e+00    9.67864e+00
   Total Energy  Conserved En.    Temperature Pressure (bar)
    1.67232e+01    6.82027e+01    7.76049e+02   -2.25896e+01

           Step           Time
         170700       85.35000

   Energies (kJ/mol)
           Bond        LJ (SR)   Coulomb (SR)      Potential    Kinetic En.
    4.58258e+00    0.00000e+00    0.00000e+00    4.58258e+00    1.19579e+01
   Total Energy  Conserved En.    Temperature Pressure (bar)
    1.65405e+01    6.90439e+01    9.58803e+02    1.98627e+01

           Step           Time
         170800       85.40000

   Energies (kJ/mol)
           Bond        LJ (SR)   Coulomb (SR)      Potential    Kinetic En.
    4.66138e+00    0.00000e+00    0.00000e+00    4.66138e+00    1.06294e+01
   Total Energy  Conserved En.    Temperature Pressure (bar)
    1.52907e+01    6.91796e+01    8.52279e+02   -1.77138e+01

           Step           Time
         170900       85.45000

   Energies (kJ/mol)
           Bond        LJ (SR)   Coulomb (SR)      Potential    Kinetic En.
    1.21740e+00    0.00000e+00    0.00000e+00    1.21740e+00    7.72240e+00
   Total Energy  Conserved En.    Temperature Pressure (bar)
    8.93980e+00    6.96922e+01    6.19194e+02    1.07053e+01

           Step           Time
         171000       85.50000

   Energies (kJ/mol)
           Bond        LJ (SR)   Coulomb (SR)      Potential    Kinetic En.
    3.36203e-01    0.00000e+00    0.00000e+00    3.36203e-01    7.89692e+00
   Total Energy  Conserved En.    Temperature Pressure (bar)
    8.23313e+00    7.01263e+01    6.33188e+02   -3.72668e+00

           Step           Time
         171100       85.55000

   Energies (kJ/mol)
           Bond        LJ (SR)   Coulomb (SR)      Potential    Kinetic En.
    4.14003e-01    0.00000e+00    0.00000e+00    4.14003e-01    8.44574e+00
   Total Energy  Conserved En.    Temperature Pressure (bar)
    8.85974e+00    7.02954e+01    6.77193e+02    6.97597e+00

           Step           Time
         171200       85.60000

   Energies (kJ/mol)
           Bond        LJ (SR)   Coulomb (SR)      Potential    Kinetic En.
    6.30109e-02    0.00000e+00    0.00000e+00    6.30109e-02    7.52702e+00
   Total Energy  Conserved En.    Temperature Pressure (bar)
    7.59003e+00    7.07806e+01    6.03529e+02   -8.88457e-01

           Step           Time
         171300       85.65000

   Energies (kJ/mol)
           Bond        LJ (SR)   Coulomb (SR)      Potential    Kinetic En.
    3.45740e-01    0.00000e+00    0.00000e+00    3.45740e-01    1.04363e+01
   Total Energy  Conserved En.    Temperature Pressure (bar)
    1.07821e+01    7.15086e+01    8.36800e+02   -3.35999e+00

           Step           Time
         171400       85.70000

   Energies (kJ/mol)
           Bond        LJ (SR)   Coulomb (SR)      Potential    Kinetic En.
    2.60278e-04    0.00000e+00    0.00000e+00    2.60278e-04    9.02873e+00
   Total Energy  Conserved En.    Temperature Pressure (bar)
    9.02899e+00    7.11775e+01    7.23938e+02    1.70176e+00

           Step           Time
         171500       85.75000

   Energies (kJ/mol)
           Bond        LJ (SR)   Coulomb (SR)      Potential    Kinetic En.
    6.70315e-02    0.00000e+00    0.00000e+00    6.70315e-02    1.11681e+01
   Total Energy  Conserved En.    Temperature Pressure (bar)
    1.12352e+01    7.15364e+01    8.95479e+02   -3.27800e-01

           Step           Time
         171600       85.80000

   Energies (kJ/mol)
           Bond        LJ (SR)   Coulomb (SR)      Potential    Kinetic En.
    8.89574e-03    0.00000e+00    0.00000e+00    8.89574e-03    1.03043e+01
   Total Energy  Conserved En.    Temperature Pressure (bar)
    1.03132e+01    7.14312e+01    8.26214e+02    9.61896e-01

           Step           Time
         171700       85.85000

   Energies (kJ/mol)
           Bond        LJ (SR)   Coulomb (SR)      Potential    Kinetic En.
    1.15475e-01    0.00000e+00    0.00000e+00    1.15475e-01    1.23481e+01
   Total Energy  Conserved En.    Temperature Pressure (bar)
    1.24635e+01    7.20731e+01    9.90088e+02   -8.34609e-01

           Step           Time
         171800       85.90000

   Energies (kJ/mol)
           Bond        LJ (SR)   Coulomb (SR)      Potential    Kinetic En.
    2.82768e+00    0.00000e+00    0.00000e+00    2.82768e+00    1.07777e+01
   Total Energy  Conserved En.    Temperature Pressure (bar)
    1.36053e+01    7.32260e+01    8.64170e+02    1.59757e+01

           Step           Time
         171900       85.95000

   Energies (kJ/mol)
           Bond        LJ (SR)   Coulomb (SR)      Potential    Kinetic En.
    2.89614e+00    0.00000e+00    0.00000e+00    2.89614e+00    9.41028e+00
   Total Energy  Conserved En.    Temperature Pressure (bar)
    1.23064e+01    7.35651e+01    7.54531e+02   -1.36494e+01

           Step           Time
         172000       86.00000

   Energies (kJ/mol)
           Bond        LJ (SR)   Coulomb (SR)      Potential    Kinetic En.
    2.27699e+00    0.00000e+00    0.00000e+00    2.27699e+00    1.21277e+01
   Total Energy  Conserved En.    Temperature Pressure (bar)
    1.44047e+01    7.34245e+01    9.72418e+02    1.48058e+01

           Step           Time
         172100       86.05000

   Energies (kJ/mol)
           Bond        LJ (SR)   Coulomb (SR)      Potential    Kinetic En.
    2.28702e+00    0.00000e+00    0.00000e+00    2.28702e+00    1.33522e+01
   Total Energy  Conserved En.    Temperature Pressure (bar)
    1.56392e+01    7.36290e+01    1.07060e+03   -1.12168e+01

           Step           Time
         172200       86.10000

   Energies (kJ/mol)
           Bond        LJ (SR)   Coulomb (SR)      Potential    Kinetic En.
    3.77289e+00    0.00000e+00    0.00000e+00    3.77289e+00    1.05590e+01
   Total Energy  Conserved En.    Temperature Pressure (bar)
    1.43319e+01    7.45516e+01    8.46638e+02    1.80390e+01

           Step           Time
         172300       86.15000

   Energies (kJ/mol)
           Bond        LJ (SR)   Coulomb (SR)      Potential    Kinetic En.
    2.91021e+00    0.00000e+00    0.00000e+00    2.91021e+00    1.00429e+01
   Total Energy  Conserved En.    Temperature Pressure (bar)
    1.29531e+01    7.45943e+01    8.05258e+02   -1.35783e+01

           Step           Time
         172400       86.20000

   Energies (kJ/mol)
           Bond        LJ (SR)   Coulomb (SR)      Potential    Kinetic En.
    2.64434e+00    0.00000e+00    0.00000e+00    2.64434e+00    1.43944e+01
   Total Energy  Conserved En.    Temperature Pressure (bar)
    1.70388e+01    7.44938e+01    1.15417e+03    1.61517e+01

           Step           Time
         172500       86.25000

   Energies (kJ/mol)
           Bond        LJ (SR)   Coulomb (SR)      Potential    Kinetic En.
    1.37695e+00    0.00000e+00    0.00000e+00    1.37695e+00    1.73441e+01
   Total Energy  Conserved En.    Temperature Pressure (bar)
    1.87210e+01    7.40894e+01    1.39068e+03   -7.42669e+00

           Step           Time
         172600       86.30000

   Energies (kJ/mol)
           Bond        LJ (SR)   Coulomb (SR)      Potential    Kinetic En.
    9.15848e-01    0.00000e+00    0.00000e+00    9.15848e-01    1.10560e+01
   Total Energy  Conserved En.    Temperature Pressure (bar)
    1.19719e+01    7.44031e+01    8.86490e+02    1.00633e+01

           Step           Time
         172700       86.35000

   Energies (kJ/mol)
           Bond        LJ (SR)   Coulomb (SR)      Potential    Kinetic En.
    1.94650e-01    0.00000e+00    0.00000e+00    1.94650e-01    8.00803e+00
   Total Energy  Conserved En.    Temperature Pressure (bar)
    8.20268e+00    7.42402e+01    6.42097e+02   -2.47922e+00

           Step           Time
         172800       86.40000

   Energies (kJ/mol)
           Bond        LJ (SR)   Coulomb (SR)      Potential    Kinetic En.
    1.81848e-01    0.00000e+00    0.00000e+00    1.81848e-01    4.20875e+00
   Total Energy  Conserved En.    Temperature Pressure (bar)
    4.39059e+00    7.44849e+01    3.37464e+02    4.39916e+00

           Step           Time
         172900       86.45000

   Energies (kJ/mol)
           Bond        LJ (SR)   Coulomb (SR)      Potential    Kinetic En.
    2.48471e-02    0.00000e+00    0.00000e+00    2.48471e-02    1.75217e+00
   Total Energy  Conserved En.    Temperature Pressure (bar)
    1.77701e+00    7.45169e+01    1.40491e+02   -1.06987e+00

           Step           Time
         173000       86.50000

   Energies (kJ/mol)
           Bond        LJ (SR)   Coulomb (SR)      Potential    Kinetic En.
    3.43337e-01    0.00000e+00    0.00000e+00    3.43337e-01    3.78293e+00
   Total Energy  Conserved En.    Temperature Pressure (bar)
    4.12626e+00    7.47457e+01    3.03321e+02    5.68257e+00

           Step           Time
         173100       86.55000

   Energies (kJ/mol)
           Bond        LJ (SR)   Coulomb (SR)      Potential    Kinetic En.
    4.98814e-01    0.00000e+00    0.00000e+00    4.98814e-01    3.18079e+00
   Total Energy  Conserved En.    Temperature Pressure (bar)
    3.67960e+00    7.49514e+01    2.55041e+02   -5.66839e+00

           Step           Time
         173200       86.60000

   Energies (kJ/mol)
           Bond        LJ (SR)   Coulomb (SR)      Potential    Kinetic En.
    6.84437e-01    0.00000e+00    0.00000e+00    6.84437e-01    2.80238e+00
   Total Energy  Conserved En.    Temperature Pressure (bar)
    3.48682e+00    7.52207e+01    2.24699e+02    7.54959e+00

           Step           Time
         173300       86.65000

   Energies (kJ/mol)
           Bond        LJ (SR)   Coulomb (SR)      Potential    Kinetic En.
    1.00672e-01    0.00000e+00    0.00000e+00    1.00672e-01    1.89121e+00
   Total Energy  Conserved En.    Temperature Pressure (bar)
    1.99188e+00    7.50695e+01    1.51640e+02   -2.44520e+00

           Step           Time
         173400       86.70000

   Energies (kJ/mol)
           Bond        LJ (SR)   Coulomb (SR)      Potential    Kinetic En.
    1.96395e-02    0.00000e+00    0.00000e+00    1.96395e-02    2.23167e+00
   Total Energy  Conserved En.    Temperature Pressure (bar)
    2.25131e+00    7.50272e+01    1.78939e+02    1.59942e+00

           Step           Time
         173500       86.75000

   Energies (kJ/mol)
           Bond        LJ (SR)   Coulomb (SR)      Potential    Kinetic En.
    3.75778e-02    0.00000e+00    0.00000e+00    3.75778e-02    2.82527e+00
   Total Energy  Conserved En.    Temperature Pressure (bar)
    2.86285e+00    7.51459e+01    2.26535e+02   -1.20094e+00

           Step           Time
         173600       86.80000

   Energies (kJ/mol)
           Bond        LJ (SR)   Coulomb (SR)      Potential    Kinetic En.
    2.97032e-03    0.00000e+00    0.00000e+00    2.97032e-03    5.82303e+00
   Total Energy  Conserved En.    Temperature Pressure (bar)
    5.82600e+00    7.51554e+01    4.66900e+02    1.47992e+00

           Step           Time
         173700       86.85000

   Energies (kJ/mol)
           Bond        LJ (SR)   Coulomb (SR)      Potential    Kinetic En.
    9.26366e-01    0.00000e+00    0.00000e+00    9.26366e-01    3.75669e+00
   Total Energy  Conserved En.    Temperature Pressure (bar)
    4.68305e+00    7.46141e+01    3.01217e+02    8.84647e+00

           Step           Time
         173800       86.90000

   Energies (kJ/mol)
           Bond        LJ (SR)   Coulomb (SR)      Potential    Kinetic En.
    1.65930e+00    0.00000e+00    0.00000e+00    1.65930e+00    2.60782e+00
   Total Energy  Conserved En.    Temperature Pressure (bar)
    4.26713e+00    7.45147e+01    2.09099e+02   -1.10204e+01

           Step           Time
         173900       86.95000

   Energies (kJ/mol)
           Bond        LJ (SR)   Coulomb (SR)      Potential    Kinetic En.
    2.28477e+00    0.00000e+00    0.00000e+00    2.28477e+00    3.87179e+00
   Total Energy  Conserved En.    Temperature Pressure (bar)
    6.15656e+00    7.46967e+01    3.10447e+02    1.33988e+01

           Step           Time
         174000       87.00000

   Energies (kJ/mol)
           Bond        LJ (SR)   Coulomb (SR)      Potential    Kinetic En.
    2.24540e-01    0.00000e+00    0.00000e+00    2.24540e-01    2.10945e+00
   Total Energy  Conserved En.    Temperature Pressure (bar)
    2.33399e+00    7.47002e+01    1.69139e+02   -3.78831e+00

           Step           Time
         174100       87.05000

   Energies (kJ/mol)
           Bond        LJ (SR)   Coulomb (SR)      Potential    Kinetic En.
    4.35496e-01    0.00000e+00    0.00000e+00    4.35496e-01    6.53949e+00
   Total Energy  Conserved En.    Temperature Pressure (bar)
    6.97498e+00    7.49486e+01    5.24346e+02    6.78571e+00

           Step           Time
         174200       87.10000

   Energies (kJ/mol)
           Bond        LJ (SR)   Coulomb (SR)      Potential    Kinetic En.
    1.17034e+00    0.00000e+00    0.00000e+00    1.17034e+00    4.11868e+00
   Total Energy  Conserved En.    Temperature Pressure (bar)
    5.28902e+00    7.47999e+01    3.30242e+02   -8.88316e+00

           Step           Time
         174300       87.15000

   Energies (kJ/mol)
           Bond        LJ (SR)   Coulomb (SR)      Potential    Kinetic En.
    1.35546e+00    0.00000e+00    0.00000e+00    1.35546e+00    4.09106e+00
   Total Energy  Conserved En.    Temperature Pressure (bar)
    5.44652e+00    7.48544e+01    3.28028e+02    1.05819e+01

           Step           Time
         174400       87.20000

   Energies (kJ/mol)
           Bond        LJ (SR)   Coulomb (SR)      Potential    Kinetic En.
    1.65544e+00    0.00000e+00    0.00000e+00    1.65544e+00    3.75561e+00
   Total Energy  Conserved En.    Temperature Pressure (bar)
    5.41104e+00    7.49346e+01    3.01130e+02   -1.08082e+01

           Step           Time
         174500       87.25000

   Energies (kJ/mol)
           Bond        LJ (SR)   Coulomb (SR)      Potential    Kinetic En.
    5.44882e+00    0.00000e+00    0.00000e+00    5.44882e+00    1.24040e+00
   Total Energy  Conserved En.    Temperature Pressure (bar)
    6.68922e+00    7.43158e+01    9.94575e+01    1.95398e+01

           Step           Time
         174600       87.30000

   Energies (kJ/mol)
           Bond        LJ (SR)   Coulomb (SR)      Potential    Kinetic En.
    1.30801e+00    0.00000e+00    0.00000e+00    1.30801e+00    1.24780e+00
   Total Energy  Conserved En.    Temperature Pressure (bar)
    2.55581e+00    7.44968e+01    1.00051e+02   -9.94062e+00

           Step           Time
         174700       87.35000

   Energies (kJ/mol)
           Bond        LJ (SR)   Coulomb (SR)      Potential    Kinetic En.
    3.21176e+00    0.00000e+00    0.00000e+00    3.21176e+00    1.03293e+00
   Total Energy  Conserved En.    Temperature Pressure (bar)
    4.24469e+00    7.43784e+01    8.28218e+01    1.51837e+01

           Step           Time
         174800       87.40000

   Energies (kJ/mol)
           Bond        LJ (SR)   Coulomb (SR)      Potential    Kinetic En.
    2.38979e+00    0.00000e+00    0.00000e+00    2.38979e+00    8.25038e-02
   Total Energy  Conserved En.    Temperature Pressure (bar)
    2.47229e+00    7.38979e+01    6.61528e+00   -1.38216e+01

           Step           Time
         174900       87.45000

   Energies (kJ/mol)
           Bond        LJ (SR)   Coulomb (SR)      Potential    Kinetic En.
    4.68624e+00    0.00000e+00    0.00000e+00    4.68624e+00    9.84956e-02
   Total Energy  Conserved En.    Temperature Pressure (bar)
    4.78474e+00    7.40084e+01    7.89754e+00    1.80025e+01

           Step           Time
         175000       87.50000

   Energies (kJ/mol)
           Bond        LJ (SR)   Coulomb (SR)      Potential    Kinetic En.
    2.12286e+00    0.00000e+00    0.00000e+00    2.12286e+00    1.77103e-01
   Total Energy  Conserved En.    Temperature Pressure (bar)
    2.29996e+00    7.42066e+01    1.42004e+01   -1.29873e+01

           Step           Time
         175100       87.55000

   Energies (kJ/mol)
           Bond        LJ (SR)   Coulomb (SR)      Potential    Kinetic En.
    4.17605e+00    0.00000e+00    0.00000e+00    4.17605e+00    6.98522e-01
   Total Energy  Conserved En.    Temperature Pressure (bar)
    4.87458e+00    7.44577e+01    5.60086e+01    1.71419e+01

           Step           Time
         175200       87.60000

   Energies (kJ/mol)
           Bond        LJ (SR)   Coulomb (SR)      Potential    Kinetic En.
    5.67594e+00    0.00000e+00    0.00000e+00    5.67594e+00    2.32014e-01
   Total Energy  Conserved En.    Temperature Pressure (bar)
    5.90796e+00    7.43005e+01    1.86032e+01   -2.16275e+01

           Step           Time
         175300       87.65000

   Energies (kJ/mol)
           Bond        LJ (SR)   Coulomb (SR)      Potential    Kinetic En.
    7.98321e+00    0.00000e+00    0.00000e+00    7.98321e+00    3.98938e-01
   Total Energy  Conserved En.    Temperature Pressure (bar)
    8.38214e+00    7.38994e+01    3.19875e+01    2.32207e+01

           Step           Time
         175400       87.70000

   Energies (kJ/mol)
           Bond        LJ (SR)   Coulomb (SR)      Potential    Kinetic En.
    1.19943e+01    0.00000e+00    0.00000e+00    1.19943e+01    5.39798e-01
   Total Energy  Conserved En.    Temperature Pressure (bar)
    1.25341e+01    7.43193e+01    4.32819e+01   -3.20519e+01

           Step           Time
         175500       87.75000

   Energies (kJ/mol)
           Bond        LJ (SR)   Coulomb (SR)      Potential    Kinetic En.
    1.14462e+01    0.00000e+00    0.00000e+00    1.14462e+01    3.05812e+00
   Total Energy  Conserved En.    Temperature Pressure (bar)
    1.45044e+01    7.34824e+01    2.45205e+02    2.79246e+01

           Step           Time
         175600       87.80000

   Energies (kJ/mol)
           Bond        LJ (SR)   Coulomb (SR)      Potential    Kinetic En.
    5.24136e+00    0.00000e+00    0.00000e+00    5.24136e+00    1.72384e+00
   Total Energy  Conserved En.    Temperature Pressure (bar)
    6.96521e+00    7.31024e+01    1.38220e+02   -2.04866e+01

           Step           Time
         175700       87.85000

   Energies (kJ/mol)
           Bond        LJ (SR)   Coulomb (SR)      Potential    Kinetic En.
    5.62435e+00    0.00000e+00    0.00000e+00    5.62435e+00    1.58666e+00
   Total Energy  Conserved En.    Temperature Pressure (bar)
    7.21100e+00    7.32990e+01    1.27221e+02    1.98932e+01

           Step           Time
         175800       87.90000

   Energies (kJ/mol)
           Bond        LJ (SR)   Coulomb (SR)      Potential    Kinetic En.
    9.01838e+00    0.00000e+00    0.00000e+00    9.01838e+00    1.39147e+00
   Total Energy  Conserved En.    Temperature Pressure (bar)
    1.04098e+01    7.37993e+01    1.11570e+02   -2.73938e+01

           Step           Time
         175900       87.95000

   Energies (kJ/mol)
           Bond        LJ (SR)   Coulomb (SR)      Potential    Kinetic En.
    8.37413e+00    0.00000e+00    0.00000e+00    8.37413e+00    3.94129e+00
   Total Energy  Conserved En.    Temperature Pressure (bar)
    1.23154e+01    7.32510e+01    3.16018e+02    2.43593e+01

           Step           Time
         176000       88.00000

   Energies (kJ/mol)
           Bond        LJ (SR)   Coulomb (SR)      Potential    Kinetic En.
    7.72183e+00    0.00000e+00    0.00000e+00    7.72183e+00    8.14108e+00
   Total Energy  Conserved En.    Temperature Pressure (bar)
    1.58629e+01    7.27885e+01    6.52765e+02   -2.40551e+01

           Step           Time
         176100       88.05000

   Energies (kJ/mol)
           Bond        LJ (SR)   Coulomb (SR)      Potential    Kinetic En.
    1.23588e+01    0.00000e+00    0.00000e+00    1.23588e+01    9.11859e+00
   Total Energy  Conserved En.    Temperature Pressure (bar)
    2.14774e+01    7.36344e+01    7.31143e+02    2.99636e+01

           Step           Time
         176200       88.10000

   Energies (kJ/mol)
           Bond        LJ (SR)   Coulomb (SR)      Potential    Kinetic En.
    4.95987e+00    0.00000e+00    0.00000e+00    4.95987e+00    9.06338e+00
   Total Energy  Conserved En.    Temperature Pressure (bar)
    1.40232e+01    7.24356e+01    7.26716e+02   -1.86272e+01

           Step           Time
         176300       88.15000

   Energies (kJ/mol)
           Bond        LJ (SR)   Coulomb (SR)      Potential    Kinetic En.
    2.31204e+00    0.00000e+00    0.00000e+00    2.31204e+00    9.97303e+00
   Total Energy  Conserved En.    Temperature Pressure (bar)
    1.22851e+01    7.17900e+01    7.99653e+02    1.45275e+01

           Step           Time
         176400       88.20000

   Energies (kJ/mol)
           Bond        LJ (SR)   Coulomb (SR)      Potential    Kinetic En.
    1.02355e+00    0.00000e+00    0.00000e+00    1.02355e+00    1.24934e+01
   Total Energy  Conserved En.    Temperature Pressure (bar)
    1.35170e+01    7.14125e+01    1.00174e+03   -6.80033e+00

           Step           Time
         176500       88.25000

   Energies (kJ/mol)
           Bond        LJ (SR)   Coulomb (SR)      Potential    Kinetic En.
    3.02260e-01    0.00000e+00    0.00000e+00    3.02260e-01    1.57298e+01
   Total Energy  Conserved En.    Temperature Pressure (bar)
    1.60321e+01    7.11207e+01    1.26124e+03    7.44213e+00

           Step           Time
         176600       88.30000

   Energies (kJ/mol)
           Bond        LJ (SR)   Coulomb (SR)      Potential    Kinetic En.
    1.83986e-02    0.00000e+00    0.00000e+00    1.83986e-02    1.72587e+01
   Total Energy  Conserved En.    Temperature Pressure (bar)
    1.72771e+01    7.09108e+01    1.38383e+03    1.80437e+00

           Step           Time
         176700       88.35000

   Energies (kJ/mol)
           Bond        LJ (SR)   Coulomb (SR)      Potential    Kinetic En.
    3.99138e-03    0.00000e+00    0.00000e+00    3.99138e-03    1.62157e+01
   Total Energy  Conserved En.    Temperature Pressure (bar)
    1.62197e+01    7.11384e+01    1.30020e+03    3.35273e+00

           Step           Time
         176800       88.40000

   Energies (kJ/mol)
           Bond        LJ (SR)   Coulomb (SR)      Potential    Kinetic En.
    2.73966e-01    0.00000e+00    0.00000e+00    2.73966e-01    1.68625e+01
   Total Energy  Conserved En.    Temperature Pressure (bar)
    1.71364e+01    7.19734e+01    1.35206e+03   -1.67531e+00

           Step           Time
         176900       88.45000

   Energies (kJ/mol)
           Bond        LJ (SR)   Coulomb (SR)      Potential    Kinetic En.
    1.22217e-01    0.00000e+00    0.00000e+00    1.22217e-01    1.40295e+01
   Total Energy  Conserved En.    Temperature Pressure (bar)
    1.41517e+01    7.21308e+01    1.12491e+03    5.44101e+00

           Step           Time
         177000       88.50000

   Energies (kJ/mol)
           Bond        LJ (SR)   Coulomb (SR)      Potential    Kinetic En.
    4.40933e-01    0.00000e+00    0.00000e+00    4.40933e-01    1.65954e+01
   Total Energy  Conserved En.    Temperature Pressure (bar)
    1.70364e+01    7.26995e+01    1.33065e+03   -2.97125e+00

           Step           Time
         177100       88.55000

   Energies (kJ/mol)
           Bond        LJ (SR)   Coulomb (SR)      Potential    Kinetic En.
    3.49642e-01    0.00000e+00    0.00000e+00    3.49642e-01    1.95985e+01
   Total Energy  Conserved En.    Temperature Pressure (bar)
    1.99482e+01    7.29199e+01    1.57144e+03    8.46365e+00

           Step           Time
         177200       88.60000

   Energies (kJ/mol)
           Bond        LJ (SR)   Coulomb (SR)      Potential    Kinetic En.
    4.44310e-04    0.00000e+00    0.00000e+00    4.44310e-04    9.39498e+00
   Total Energy  Conserved En.    Temperature Pressure (bar)
    9.39543e+00    7.27610e+01    7.53304e+02    1.80802e+00

           Step           Time
         177300       88.65000

   Energies (kJ/mol)
           Bond        LJ (SR)   Coulomb (SR)      Potential    Kinetic En.
    1.12766e-02    0.00000e+00    0.00000e+00    1.12766e-02    8.87596e+00
   Total Energy  Conserved En.    Temperature Pressure (bar)
    8.88724e+00    7.28605e+01    7.11689e+02    6.11325e-01

           Step           Time
         177400       88.70000

   Energies (kJ/mol)
           Bond        LJ (SR)   Coulomb (SR)      Potential    Kinetic En.
    9.28796e-01    0.00000e+00    0.00000e+00    9.28796e-01    9.79471e+00
   Total Energy  Conserved En.    Temperature Pressure (bar)
    1.07235e+01    7.24100e+01    7.85355e+02    9.90141e+00

           Step           Time
         177500       88.75000

   Energies (kJ/mol)
           Bond        LJ (SR)   Coulomb (SR)      Potential    Kinetic En.
    1.48770e+00    0.00000e+00    0.00000e+00    1.48770e+00    6.22274e+00
   Total Energy  Conserved En.    Temperature Pressure (bar)
    7.71044e+00    7.22736e+01    4.98949e+02   -9.77132e+00

           Step           Time
         177600       88.80000

   Energies (kJ/mol)
           Bond        LJ (SR)   Coulomb (SR)      Potential    Kinetic En.
    3.86112e+00    0.00000e+00    0.00000e+00    3.86112e+00    7.99531e+00
   Total Energy  Conserved En.    Temperature Pressure (bar)
    1.18564e+01    7.21139e+01    6.41076e+02    1.77763e+01

           Step           Time
         177700       88.85000

   Energies (kJ/mol)
           Bond        LJ (SR)   Coulomb (SR)      Potential    Kinetic En.
    6.11993e+00    0.00000e+00    0.00000e+00    6.11993e+00    4.43567e+00
   Total Energy  Conserved En.    Temperature Pressure (bar)
    1.05556e+01    7.16972e+01    3.55659e+02   -2.17710e+01

           Step           Time
         177800       88.90000

   Energies (kJ/mol)
           Bond        LJ (SR)   Coulomb (SR)      Potential    Kinetic En.
    9.15799e+00    0.00000e+00    0.00000e+00    9.15799e+00    1.40225e+00
   Total Energy  Conserved En.    Temperature Pressure (bar)
    1.05602e+01    7.10262e+01    1.12435e+02    2.49342e+01

           Step           Time
         177900       88.95000

   Energies (kJ/mol)
           Bond        LJ (SR)   Coulomb (SR)      Potential    Kinetic En.
    7.54857e+00    0.00000e+00    0.00000e+00    7.54857e+00    2.64388e+00
   Total Energy  Conserved En.    Temperature Pressure (bar)
    1.01925e+01    7.17322e+01    2.11991e+02   -2.47038e+01

           Step           Time
         178000       89.00000

   Energies (kJ/mol)
           Bond        LJ (SR)   Coulomb (SR)      Potential    Kinetic En.
    1.25616e+01    0.00000e+00    0.00000e+00    1.25616e+01    3.06135e+00
   Total Energy  Conserved En.    Temperature Pressure (bar)
    1.56229e+01    7.18078e+01    2.45464e+02    2.91302e+01

           Step           Time
         178100       89.05000

   Energies (kJ/mol)
           Bond        LJ (SR)   Coulomb (SR)      Potential    Kinetic En.
    8.75369e+00    0.00000e+00    0.00000e+00    8.75369e+00    6.15041e-01
   Total Energy  Conserved En.    Temperature Pressure (bar)
    9.36873e+00    7.11618e+01    4.93150e+01   -2.70970e+01

           Step           Time
         178200       89.10000

   Energies (kJ/mol)
           Bond        LJ (SR)   Coulomb (SR)      Potential    Kinetic En.
    1.19507e+01    0.00000e+00    0.00000e+00    1.19507e+01    1.31730e+00
   Total Energy  Conserved En.    Temperature Pressure (bar)
    1.32680e+01    7.16666e+01    1.05623e+02    2.81766e+01

           Step           Time
         178300       89.15000

   Energies (kJ/mol)
           Bond        LJ (SR)   Coulomb (SR)      Potential    Kinetic En.
    1.13796e+01    0.00000e+00    0.00000e+00    1.13796e+01    7.24469e-01
   Total Energy  Conserved En.    Temperature Pressure (bar)
    1.21040e+01    7.15523e+01    5.80891e+01   -3.11329e+01

           Step           Time
         178400       89.20000

   Energies (kJ/mol)
           Bond        LJ (SR)   Coulomb (SR)      Potential    Kinetic En.
    1.02439e+01    0.00000e+00    0.00000e+00    1.02439e+01    3.23646e-01
   Total Energy  Conserved En.    Temperature Pressure (bar)
    1.05675e+01    7.13981e+01    2.59504e+01    2.60739e+01

           Step           Time
         178500       89.25000

   Energies (kJ/mol)
           Bond        LJ (SR)   Coulomb (SR)      Potential    Kinetic En.
    6.01312e+00    0.00000e+00    0.00000e+00    6.01312e+00    1.44463e-01
   Total Energy  Conserved En.    Temperature Pressure (bar)
    6.15758e+00    7.11596e+01    1.15832e+01   -2.23065e+01

           Step           Time
         178600       89.30000

   Energies (kJ/mol)
           Bond        LJ (SR)   Coulomb (SR)      Potential    Kinetic En.
    7.08803e+00    0.00000e+00    0.00000e+00    7.08803e+00    1.58651e-01
   Total Energy  Conserved En.    Temperature Pressure (bar)
    7.24669e+00    7.13221e+01    1.27209e+01    2.19176e+01

           Step           Time
         178700       89.35000

   Energies (kJ/mol)
           Bond        LJ (SR)   Coulomb (SR)      Potential    Kinetic En.
    2.74668e+00    0.00000e+00    0.00000e+00    2.74668e+00    1.06638e-01
   Total Energy  Conserved En.    Temperature Pressure (bar)
    2.85332e+00    7.14957e+01    8.55042e+00   -1.48466e+01

           Step           Time
         178800       89.40000

   Energies (kJ/mol)
           Bond        LJ (SR)   Coulomb (SR)      Potential    Kinetic En.
    3.06420e+00    0.00000e+00    0.00000e+00    3.06420e+00    3.56639e-01
   Total Energy  Conserved En.    Temperature Pressure (bar)
    3.42084e+00    7.17322e+01    2.85959e+01    1.47306e+01

           Step           Time
         178900       89.45000

   Energies (kJ/mol)
           Bond        LJ (SR)   Coulomb (SR)      Potential    Kinetic En.
    4.84473e+00    0.00000e+00    0.00000e+00    4.84473e+00    8.08850e-01
   Total Energy  Conserved En.    Temperature Pressure (bar)
    5.65358e+00    7.11967e+01    6.48549e+01   -1.98093e+01

           Step           Time
         179000       89.50000

   Energies (kJ/mol)
           Bond        LJ (SR)   Coulomb (SR)      Potential    Kinetic En.
    8.09742e+00    0.00000e+00    0.00000e+00    8.09742e+00    1.78182e-01
   Total Energy  Conserved En.    Temperature Pressure (bar)
    8.27560e+00    7.21454e+01    1.42869e+01    2.33376e+01

           Step           Time
         179100       89.55000

   Energies (kJ/mol)
           Bond        LJ (SR)   Coulomb (SR)      Potential    Kinetic En.
    8.01513e+00    0.00000e+00    0.00000e+00    8.01513e+00    1.69642e-01
   Total Energy  Conserved En.    Temperature Pressure (bar)
    8.18477e+00    7.23383e+01    1.36021e+01   -2.59385e+01

           Step           Time
         179200       89.60000

   Energies (kJ/mol)
           Bond        LJ (SR)   Coulomb (SR)      Potential    Kinetic En.
    3.61277e+00    0.00000e+00    0.00000e+00    3.61277e+00    7.62713e-02
   Total Energy  Conserved En.    Temperature Pressure (bar)
    3.68904e+00    7.23206e+01    6.11555e+00    1.58917e+01

           Step           Time
         179300       89.65000

   Energies (kJ/mol)
           Bond        LJ (SR)   Coulomb (SR)      Potential    Kinetic En.
    1.57815e+01    0.00000e+00    0.00000e+00    1.57815e+01    3.30186e-01
   Total Energy  Conserved En.    Temperature Pressure (bar)
    1.61117e+01    7.19017e+01    2.64748e+01   -3.71655e+01

           Step           Time
         179400       89.70000

   Energies (kJ/mol)
           Bond        LJ (SR)   Coulomb (SR)      Potential    Kinetic En.
    1.24486e+01    0.00000e+00    0.00000e+00    1.24486e+01    6.68929e-01
   Total Energy  Conserved En.    Temperature Pressure (bar)
    1.31175e+01    7.29153e+01    5.36358e+01    2.85972e+01

           Step           Time
         179500       89.75000

   Energies (kJ/mol)
           Bond        LJ (SR)   Coulomb (SR)      Potential    Kinetic En.
    1.42734e+01    0.00000e+00    0.00000e+00    1.42734e+01    1.17368e+00
   Total Energy  Conserved En.    Temperature Pressure (bar)
    1.54471e+01    7.34922e+01    9.41078e+01   -3.50692e+01

           Step           Time
         179600       89.80000

   Energies (kJ/mol)
           Bond        LJ (SR)   Coulomb (SR)      Potential    Kinetic En.
    1.12683e+01    0.00000e+00    0.00000e+00    1.12683e+01    8.51487e-01
   Total Energy  Conserved En.    Temperature Pressure (bar)
    1.21198e+01    7.35149e+01    6.82736e+01    2.73445e+01

           Step           Time
         179700       89.85000

   Energies (kJ/mol)
           Bond        LJ (SR)   Coulomb (SR)      Potential    Kinetic En.
    8.01513e+00    0.00000e+00    0.00000e+00    8.01513e+00    6.15338e-01
   Total Energy  Conserved En.    Temperature Pressure (bar)
    8.63047e+00    7.35693e+01    4.93387e+01   -2.58614e+01

           Step           Time
         179800       89.90000

   Energies (kJ/mol)
           Bond        LJ (SR)   Coulomb (SR)      Potential    Kinetic En.
    9.30401e+00    0.00000e+00    0.00000e+00    9.30401e+00    2.04313e+00
   Total Energy  Conserved En.    Temperature Pressure (bar)
    1.13471e+01    7.43694e+01    1.63821e+02    2.52284e+01

           Step           Time
         179900       89.95000

   Energies (kJ/mol)
           Bond        LJ (SR)   Coulomb (SR)      Potential    Kinetic En.
    6.37375e+00    0.00000e+00    0.00000e+00    6.37375e+00    6.57387e-01
   Total Energy  Conserved En.    Temperature Pressure (bar)
    7.03114e+00    7.40571e+01    5.27104e+01   -2.29094e+01

           Step           Time
         180000       90.00000

   Energies (kJ/mol)
           Bond        LJ (SR)   Coulomb (SR)      Potential    Kinetic En.
    3.92060e+00    0.00000e+00    0.00000e+00    3.92060e+00    1.59026e-01
   Total Energy  Conserved En.    Temperature Pressure (bar)
    4.07963e+00    7.37811e+01    1.27510e+01    1.65415e+01

           Step           Time
         180100       90.05000

   Energies (kJ/mol)
           Bond        LJ (SR)   Coulomb (SR)      Potential    Kinetic En.
    3.33286e+00    0.00000e+00    0.00000e+00    3.33286e+00    2.07333e-01
   Total Energy  Conserved En.    Temperature Pressure (bar)
    3.54020e+00    7.38873e+01    1.66243e+01   -1.63919e+01

           Step           Time
         180200       90.10000

   Energies (kJ/mol)
           Bond        LJ (SR)   Coulomb (SR)      Potential    Kinetic En.
    4.09135e+00    0.00000e+00    0.00000e+00    4.09135e+00    8.12550e-02
   Total Energy  Conserved En.    Temperature Pressure (bar)
    4.17260e+00    7.38009e+01    6.51515e+00    1.68689e+01

           Step           Time
         180300       90.15000

   Energies (kJ/mol)
           Bond        LJ (SR)   Coulomb (SR)      Potential    Kinetic En.
    6.80647e+00    0.00000e+00    0.00000e+00    6.80647e+00    2.60631e-01
   Total Energy  Conserved En.    Temperature Pressure (bar)
    7.06710e+00    7.41303e+01    2.08978e+01   -2.37847e+01

           Step           Time
         180400       90.20000

   Energies (kJ/mol)
           Bond        LJ (SR)   Coulomb (SR)      Potential    Kinetic En.
    1.12769e+01    0.00000e+00    0.00000e+00    1.12769e+01    2.25628e-01
   Total Energy  Conserved En.    Temperature Pressure (bar)
    1.15025e+01    7.41317e+01    1.80912e+01    2.72458e+01

           Step           Time
         180500       90.25000

   Energies (kJ/mol)
           Bond        LJ (SR)   Coulomb (SR)      Potential    Kinetic En.
    6.70109e+00    0.00000e+00    0.00000e+00    6.70109e+00    4.76163e-01
   Total Energy  Conserved En.    Temperature Pressure (bar)
    7.17725e+00    7.46774e+01    3.81795e+01   -2.35531e+01

           Step           Time
         180600       90.30000

   Energies (kJ/mol)
           Bond        LJ (SR)   Coulomb (SR)      Potential    Kinetic En.
    1.66000e+00    0.00000e+00    0.00000e+00    1.66000e+00    3.29130e-02
   Total Energy  Conserved En.    Temperature Pressure (bar)
    1.69291e+00    7.41912e+01    2.63902e+00    1.09054e+01

           Step           Time
         180700       90.35000

   Energies (kJ/mol)
           Bond        LJ (SR)   Coulomb (SR)      Potential    Kinetic En.
    5.04806e+00    0.00000e+00    0.00000e+00    5.04806e+00    1.18101e-01
   Total Energy  Conserved En.    Temperature Pressure (bar)
    5.16616e+00    7.42127e+01    9.46955e+00   -2.03609e+01

           Step           Time
         180800       90.40000

   Energies (kJ/mol)
           Bond        LJ (SR)   Coulomb (SR)      Potential    Kinetic En.
    5.73915e+00    0.00000e+00    0.00000e+00    5.73915e+00    2.22054e-01
   Total Energy  Conserved En.    Temperature Pressure (bar)
    5.96121e+00    7.46536e+01    1.78046e+01    1.98464e+01

           Step           Time
         180900       90.45000

   Energies (kJ/mol)
           Bond        LJ (SR)   Coulomb (SR)      Potential    Kinetic En.
    8.94075e+00    0.00000e+00    0.00000e+00    8.94075e+00    2.50125e-01
   Total Energy  Conserved En.    Temperature Pressure (bar)
    9.19087e+00    7.48670e+01    2.00554e+01   -2.74653e+01

           Step           Time
         181000       90.50000

   Energies (kJ/mol)
           Bond        LJ (SR)   Coulomb (SR)      Potential    Kinetic En.
    8.45902e+00    0.00000e+00    0.00000e+00    8.45902e+00    3.18230e-01
   Total Energy  Conserved En.    Temperature Pressure (bar)
    8.77725e+00    7.51369e+01    2.55162e+01    2.38449e+01

           Step           Time
         181100       90.55000

   Energies (kJ/mol)
           Bond        LJ (SR)   Coulomb (SR)      Potential    Kinetic En.
    1.02141e+01    0.00000e+00    0.00000e+00    1.02141e+01    7.24891e-01
   Total Energy  Conserved En.    Temperature Pressure (bar)
    1.09390e+01    7.56065e+01    5.81229e+01   -2.93908e+01

           Step           Time
         181200       90.60000

   Energies (kJ/mol)
           Bond        LJ (SR)   Coulomb (SR)      Potential    Kinetic En.
    1.20240e+01    0.00000e+00    0.00000e+00    1.20240e+01    2.18729e+00
   Total Energy  Conserved En.    Temperature Pressure (bar)
    1.42113e+01    7.64646e+01    1.75381e+02    2.84063e+01

           Step           Time
         181300       90.65000

   Energies (kJ/mol)
           Bond        LJ (SR)   Coulomb (SR)      Potential    Kinetic En.
    9.78143e+00    0.00000e+00    0.00000e+00    9.78143e+00    3.40084e-01
   Total Energy  Conserved En.    Temperature Pressure (bar)
    1.01215e+01    7.57567e+01    2.72685e+01   -2.87884e+01

           Step           Time
         181400       90.70000

   Energies (kJ/mol)
           Bond        LJ (SR)   Coulomb (SR)      Potential    Kinetic En.
    1.19157e+01    0.00000e+00    0.00000e+00    1.19157e+01    5.42957e-01
   Total Energy  Conserved En.    Temperature Pressure (bar)
    1.24586e+01    7.62078e+01    4.35351e+01    2.80047e+01

           Step           Time
         181500       90.75000

   Energies (kJ/mol)
           Bond        LJ (SR)   Coulomb (SR)      Potential    Kinetic En.
    1.50358e+01    0.00000e+00    0.00000e+00    1.50358e+01    6.69124e-01
   Total Energy  Conserved En.    Temperature Pressure (bar)
    1.57050e+01    7.65079e+01    5.36514e+01   -3.61531e+01

           Step           Time
         181600       90.80000

   Energies (kJ/mol)
           Bond        LJ (SR)   Coulomb (SR)      Potential    Kinetic En.
    2.08759e+01    0.00000e+00    0.00000e+00    2.08759e+01    4.24055e-01
   Total Energy  Conserved En.    Temperature Pressure (bar)
    2.13000e+01    7.63965e+01    3.40014e+01    3.61337e+01

           Step           Time
         181700       90.85000

   Energies (kJ/mol)
           Bond        LJ (SR)   Coulomb (SR)      Potential    Kinetic En.
    1.44506e+01    0.00000e+00    0.00000e+00    1.44506e+01    2.95006e-01
   Total Energy  Conserved En.    Temperature Pressure (bar)
    1.47456e+01    7.62287e+01    2.36541e+01   -3.54548e+01

           Step           Time
         181800       90.90000

   Energies (kJ/mol)
           Bond        LJ (SR)   Coulomb (SR)      Potential    Kinetic En.
    1.74448e+01    0.00000e+00    0.00000e+00    1.74448e+01    5.64119e-01
   Total Energy  Conserved En.    Temperature Pressure (bar)
    1.80089e+01    7.72222e+01    4.52319e+01    3.33450e+01

           Step           Time
         181900       90.95000

   Energies (kJ/mol)
           Bond        LJ (SR)   Coulomb (SR)      Potential    Kinetic En.
    2.01920e+01    0.00000e+00    0.00000e+00    2.01920e+01    1.01217e+00
   Total Energy  Conserved En.    Temperature Pressure (bar)
    2.12042e+01    7.80238e+01    8.11574e+01   -4.23337e+01

           Step           Time
         182000       91.00000

   Energies (kJ/mol)
           Bond        LJ (SR)   Coulomb (SR)      Potential    Kinetic En.
    2.39244e+01    0.00000e+00    0.00000e+00    2.39244e+01    9.70580e-01
   Total Energy  Conserved En.    Temperature Pressure (bar)
    2.48949e+01    7.83886e+01    7.78226e+01    3.84988e+01

           Step           Time
         182100       91.05000

   Energies (kJ/mol)
           Bond        LJ (SR)   Coulomb (SR)      Potential    Kinetic En.
    2.48019e+01    0.00000e+00    0.00000e+00    2.48019e+01    1.07568e+00
   Total Energy  Conserved En.    Temperature Pressure (bar)
    2.58776e+01    7.89305e+01    8.62497e+01   -4.73451e+01

           Step           Time
         182200       91.10000

   Energies (kJ/mol)
           Bond        LJ (SR)   Coulomb (SR)      Potential    Kinetic En.
    1.97143e+01    0.00000e+00    0.00000e+00    1.97143e+01    1.24173e+00
   Total Energy  Conserved En.    Temperature Pressure (bar)
    2.09561e+01    7.95330e+01    9.95641e+01    3.53566e+01

           Step           Time
         182300       91.15000

   Energies (kJ/mol)
           Bond        LJ (SR)   Coulomb (SR)      Potential    Kinetic En.
    1.59805e+01    0.00000e+00    0.00000e+00    1.59805e+01    1.36718e+00
   Total Energy  Conserved En.    Temperature Pressure (bar)
    1.73477e+01    7.99910e+01    1.09622e+02   -3.72373e+01

           Step           Time
         182400       91.20000

   Energies (kJ/mol)
           Bond        LJ (SR)   Coulomb (SR)      Potential    Kinetic En.
    9.24016e+00    0.00000e+00    0.00000e+00    9.24016e+00    2.67572e-01
   Total Energy  Conserved En.    Temperature Pressure (bar)
    9.50773e+00    7.94504e+01    2.14544e+01    2.48413e+01

           Step           Time
         182500       91.25000

   Energies (kJ/mol)
           Bond        LJ (SR)   Coulomb (SR)      Potential    Kinetic En.
    5.83946e+00    0.00000e+00    0.00000e+00    5.83946e+00    1.22513e-01
   Total Energy  Conserved En.    Temperature Pressure (bar)
    5.96197e+00    7.95996e+01    9.82330e+00   -2.19706e+01

           Step           Time
         182600       91.30000

   Energies (kJ/mol)
           Bond        LJ (SR)   Coulomb (SR)      Potential    Kinetic En.
    5.96427e+00    0.00000e+00    0.00000e+00    5.96427e+00    7.51131e-01
   Total Energy  Conserved En.    Temperature Pressure (bar)
    6.71541e+00    8.02701e+01    6.02268e+01    2.03030e+01

           Step           Time
         182700       91.35000

   Energies (kJ/mol)
           Bond        LJ (SR)   Coulomb (SR)      Potential    Kinetic En.
    4.05204e+00    0.00000e+00    0.00000e+00    4.05204e+00    8.47047e-02
   Total Energy  Conserved En.    Temperature Pressure (bar)
    4.13675e+00    8.00311e+01    6.79175e+00   -1.81642e+01

           Step           Time
         182800       91.40000

   Energies (kJ/mol)
           Bond        LJ (SR)   Coulomb (SR)      Potential    Kinetic En.
    4.60375e+00    0.00000e+00    0.00000e+00    4.60375e+00    2.83815e-01
   Total Energy  Conserved En.    Temperature Pressure (bar)
    4.88757e+00    8.03407e+01    2.27567e+01    1.78826e+01

           Step           Time
         182900       91.45000

   Energies (kJ/mol)
           Bond        LJ (SR)   Coulomb (SR)      Potential    Kinetic En.
    1.01034e+01    0.00000e+00    0.00000e+00    1.01034e+01    6.40185e-01
   Total Energy  Conserved En.    Temperature Pressure (bar)
    1.07436e+01    8.05555e+01    5.13310e+01   -2.92356e+01

           Step           Time
         183000       91.50000

   Energies (kJ/mol)
           Bond        LJ (SR)   Coulomb (SR)      Potential    Kinetic En.
    8.75699e+00    0.00000e+00    0.00000e+00    8.75699e+00    1.73413e-01
   Total Energy  Conserved En.    Temperature Pressure (bar)
    8.93040e+00    8.01356e+01    1.39045e+01    2.42093e+01

           Step           Time
         183100       91.55000

   Energies (kJ/mol)
           Bond        LJ (SR)   Coulomb (SR)      Potential    Kinetic En.
    2.76258e+00    0.00000e+00    0.00000e+00    2.76258e+00    5.52992e-02
   Total Energy  Conserved En.    Temperature Pressure (bar)
    2.81787e+00    7.98624e+01    4.43398e+00   -1.48998e+01

           Step           Time
         183200       91.60000

   Energies (kJ/mol)
           Bond        LJ (SR)   Coulomb (SR)      Potential    Kinetic En.
    4.07375e+00    0.00000e+00    0.00000e+00    4.07375e+00    7.07899e-01
   Total Energy  Conserved En.    Temperature Pressure (bar)
    4.78165e+00    8.03645e+01    5.67604e+01    1.69425e+01

           Step           Time
         183300       91.65000

   Energies (kJ/mol)
           Bond        LJ (SR)   Coulomb (SR)      Potential    Kinetic En.
    1.75471e+00    0.00000e+00    0.00000e+00    1.75471e+00    1.06245e-01
   Total Energy  Conserved En.    Temperature Pressure (bar)
    1.86095e+00    8.00096e+01    8.51887e+00   -1.17867e+01

           Step           Time
         183400       91.70000

   Energies (kJ/mol)
           Bond        LJ (SR)   Coulomb (SR)      Potential    Kinetic En.
    2.00121e+00    0.00000e+00    0.00000e+00    2.00121e+00    1.60142e+00
   Total Energy  Conserved En.    Temperature Pressure (bar)
    3.60263e+00    7.97741e+01    1.28404e+02    1.22137e+01

           Step           Time
         183500       91.75000

   Energies (kJ/mol)
           Bond        LJ (SR)   Coulomb (SR)      Potential    Kinetic En.
    3.75355e+00    0.00000e+00    0.00000e+00    3.75355e+00    2.32133e+00
   Total Energy  Conserved En.    Temperature Pressure (bar)
    6.07487e+00    7.99799e+01    1.86128e+02   -1.70696e+01

           Step           Time
         183600       91.80000

   Energies (kJ/mol)
           Bond        LJ (SR)   Coulomb (SR)      Potential    Kinetic En.
    1.13591e+00    0.00000e+00    0.00000e+00    1.13591e+00    2.12581e+00
   Total Energy  Conserved En.    Temperature Pressure (bar)
    3.26171e+00    7.95838e+01    1.70451e+02    9.42514e+00

           Step           Time
         183700       91.85000

   Energies (kJ/mol)
           Bond        LJ (SR)   Coulomb (SR)      Potential    Kinetic En.
    1.60035e+00    0.00000e+00    0.00000e+00    1.60035e+00    5.18109e+00
   Total Energy  Conserved En.    Temperature Pressure (bar)
    6.78144e+00    7.95565e+01    4.15428e+02   -1.03647e+01

           Step           Time
         183800       91.90000

   Energies (kJ/mol)
           Bond        LJ (SR)   Coulomb (SR)      Potential    Kinetic En.
    7.99527e-01    0.00000e+00    0.00000e+00    7.99527e-01    6.34063e+00
   Total Energy  Conserved En.    Temperature Pressure (bar)
    7.14016e+00    7.93411e+01    5.08402e+02    8.72219e+00

           Step           Time
         183900       91.95000

   Energies (kJ/mol)
           Bond        LJ (SR)   Coulomb (SR)      Potential    Kinetic En.
    4.29255e-02    0.00000e+00    0.00000e+00    4.29255e-02    4.70858e+00
   Total Energy  Conserved En.    Temperature Pressure (bar)
    4.75150e+00    7.90108e+01    3.77541e+02   -9.91888e-01

           Step           Time
         184000       92.00000

   Energies (kJ/mol)
           Bond        LJ (SR)   Coulomb (SR)      Potential    Kinetic En.
    1.03695e+00    0.00000e+00    0.00000e+00    1.03695e+00    5.29229e+00
   Total Energy  Conserved En.    Temperature Pressure (bar)
    6.32923e+00    7.95620e+01    4.24344e+02    9.57768e+00

           Step           Time
         184100       92.05000

   Energies (kJ/mol)
           Bond        LJ (SR)   Coulomb (SR)      Potential    Kinetic En.
    6.25406e-02    0.00000e+00    0.00000e+00    6.25406e-02    5.72383e+00
   Total Energy  Conserved En.    Temperature Pressure (bar)
    5.78637e+00    7.90898e+01    4.58946e+02   -1.19213e+00

           Step           Time
         184200       92.10000

   Energies (kJ/mol)
           Bond        LJ (SR)   Coulomb (SR)      Potential    Kinetic En.
    2.49878e-02    0.00000e+00    0.00000e+00    2.49878e-02    4.85772e+00
   Total Energy  Conserved En.    Temperature Pressure (bar)
    4.88271e+00    7.89937e+01    3.89500e+02   -5.36587e-01

           Step           Time
         184300       92.15000

   Energies (kJ/mol)
           Bond        LJ (SR)   Coulomb (SR)      Potential    Kinetic En.
    4.73294e-01    0.00000e+00    0.00000e+00    4.73294e-01    4.29671e+00
   Total Energy  Conserved En.    Temperature Pressure (bar)
    4.77001e+00    7.95714e+01    3.44517e+02   -5.31202e+00

           Step           Time
         184400       92.20000

   Energies (kJ/mol)
           Bond        LJ (SR)   Coulomb (SR)      Potential    Kinetic En.
    1.51222e-01    0.00000e+00    0.00000e+00    1.51222e-01    1.01684e+01
   Total Energy  Conserved En.    Temperature Pressure (bar)
    1.03197e+01    7.93831e+01    8.15322e+02    5.10917e+00

           Step           Time
         184500       92.25000

   Energies (kJ/mol)
           Bond        LJ (SR)   Coulomb (SR)      Potential    Kinetic En.
    2.37533e-01    0.00000e+00    0.00000e+00    2.37533e-01    1.57215e+01
   Total Energy  Conserved En.    Temperature Pressure (bar)
    1.59590e+01    7.96821e+01    1.26057e+03   -1.55340e+00

           Step           Time
         184600       92.30000

   Energies (kJ/mol)
           Bond        LJ (SR)   Coulomb (SR)      Potential    Kinetic En.
    5.92117e-02    0.00000e+00    0.00000e+00    5.92117e-02    1.27714e+01
   Total Energy  Conserved En.    Temperature Pressure (bar)
    1.28306e+01    7.97515e+01    1.02403e+03    4.31166e+00

           Step           Time
         184700       92.35000

   Energies (kJ/mol)
           Bond        LJ (SR)   Coulomb (SR)      Potential    Kinetic En.
    2.03190e-01    0.00000e+00    0.00000e+00    2.03190e-01    5.49518e+00
   Total Energy  Conserved En.    Temperature Pressure (bar)
    5.69837e+00    8.02111e+01    4.40612e+02   -2.99849e+00

           Step           Time
         184800       92.40000

   Energies (kJ/mol)
           Bond        LJ (SR)   Coulomb (SR)      Potential    Kinetic En.
    6.90761e-03    0.00000e+00    0.00000e+00    6.90761e-03    3.05370e+00
   Total Energy  Conserved En.    Temperature Pressure (bar)
    3.06061e+00    8.01488e+01    2.44851e+02    1.24865e+00

           Step           Time
         184900       92.45000

   Energies (kJ/mol)
           Bond        LJ (SR)   Coulomb (SR)      Potential    Kinetic En.
    5.74491e-01    0.00000e+00    0.00000e+00    5.74491e-01    3.94184e+00
   Total Energy  Conserved En.    Temperature Pressure (bar)
    4.51633e+00    7.97303e+01    3.16063e+02    7.16352e+00

           Step           Time
         185000       92.50000

   Energies (kJ/mol)
           Bond        LJ (SR)   Coulomb (SR)      Potential    Kinetic En.
    1.94827e+00    0.00000e+00    0.00000e+00    1.94827e+00    2.17631e+00
   Total Energy  Conserved En.    Temperature Pressure (bar)
    4.12458e+00    7.94824e+01    1.74500e+02   -1.20799e+01

           Step           Time
         185100       92.55000

   Energies (kJ/mol)
           Bond        LJ (SR)   Coulomb (SR)      Potential    Kinetic En.
    9.45561e-01    0.00000e+00    0.00000e+00    9.45561e-01    3.94648e+00
   Total Energy  Conserved En.    Temperature Pressure (bar)
    4.89204e+00    7.98666e+01    3.16435e+02    8.96211e+00

           Step           Time
         185200       92.60000

   Energies (kJ/mol)
           Bond        LJ (SR)   Coulomb (SR)      Potential    Kinetic En.
    3.01654e-01    0.00000e+00    0.00000e+00    3.01654e-01    5.12441e+00
   Total Energy  Conserved En.    Temperature Pressure (bar)
    5.42606e+00    8.01815e+01    4.10883e+02   -3.93458e+00

           Step           Time
         185300       92.65000

   Energies (kJ/mol)
           Bond        LJ (SR)   Coulomb (SR)      Potential    Kinetic En.
    5.48104e-01    0.00000e+00    0.00000e+00    5.48104e-01    5.41047e+00
   Total Energy  Conserved En.    Temperature Pressure (bar)
    5.95857e+00    8.09609e+01    4.33820e+02   -5.58708e+00

           Step           Time
         185400       92.70000

   Energies (kJ/mol)
           Bond        LJ (SR)   Coulomb (SR)      Potential    Kinetic En.
    3.21436e-01    0.00000e+00    0.00000e+00    3.21436e-01    4.84954e+00
   Total Energy  Conserved En.    Temperature Pressure (bar)
    5.17098e+00    8.10124e+01    3.88844e+02    5.70592e+00

           Step           Time
         185500       92.75000

   Energies (kJ/mol)
           Bond        LJ (SR)   Coulomb (SR)      Potential    Kinetic En.
    2.49526e-02    0.00000e+00    0.00000e+00    2.49526e-02    5.06863e+00
   Total Energy  Conserved En.    Temperature Pressure (bar)
    5.09358e+00    8.08334e+01    4.06410e+02   -4.99132e-01

           Step           Time
         185600       92.80000

   Energies (kJ/mol)
           Bond        LJ (SR)   Coulomb (SR)      Potential    Kinetic En.
    4.54681e-01    0.00000e+00    0.00000e+00    4.54681e-01    7.39234e+00
   Total Energy  Conserved En.    Temperature Pressure (bar)
    7.84702e+00    8.12605e+01    5.92730e+02    7.05476e+00

           Step           Time
         185700       92.85000

   Energies (kJ/mol)
           Bond        LJ (SR)   Coulomb (SR)      Potential    Kinetic En.
    1.10546e+00    0.00000e+00    0.00000e+00    1.10546e+00    4.63197e+00
   Total Energy  Conserved En.    Temperature Pressure (bar)
    5.73744e+00    8.18837e+01    3.71399e+02   -8.51908e+00

           Step           Time
         185800       92.90000

   Energies (kJ/mol)
           Bond        LJ (SR)   Coulomb (SR)      Potential    Kinetic En.
    3.24169e+00    0.00000e+00    0.00000e+00    3.24169e+00    3.45572e+00
   Total Energy  Conserved En.    Temperature Pressure (bar)
    6.69741e+00    8.24089e+01    2.77085e+02    1.56699e+01

           Step           Time
         185900       92.95000

   Energies (kJ/mol)
           Bond        LJ (SR)   Coulomb (SR)      Potential    Kinetic En.
    3.47311e+00    0.00000e+00    0.00000e+00    3.47311e+00    3.25257e+00
   Total Energy  Conserved En.    Temperature Pressure (bar)
    6.72569e+00    8.25999e+01    2.60796e+02   -1.62195e+01

           Step           Time
         186000       93.00000

   Energies (kJ/mol)
           Bond        LJ (SR)   Coulomb (SR)      Potential    Kinetic En.
    3.22922e+00    0.00000e+00    0.00000e+00    3.22922e+00    1.87569e+00
   Total Energy  Conserved En.    Temperature Pressure (bar)
    5.10490e+00    8.29328e+01    1.50396e+02    1.53687e+01

           Step           Time
         186100       93.05000

   Energies (kJ/mol)
           Bond        LJ (SR)   Coulomb (SR)      Potential    Kinetic En.
    3.80281e+00    0.00000e+00    0.00000e+00    3.80281e+00    1.85875e+00
   Total Energy  Conserved En.    Temperature Pressure (bar)
    5.66156e+00    8.31758e+01    1.49037e+02   -1.72682e+01

           Step           Time
         186200       93.10000

   Energies (kJ/mol)
           Bond        LJ (SR)   Coulomb (SR)      Potential    Kinetic En.
    5.63554e+00    0.00000e+00    0.00000e+00    5.63554e+00    1.17452e+00
   Total Energy  Conserved En.    Temperature Pressure (bar)
    6.81006e+00    8.38126e+01    9.41751e+01    1.98404e+01

           Step           Time
         186300       93.15000

   Energies (kJ/mol)
           Bond        LJ (SR)   Coulomb (SR)      Potential    Kinetic En.
    5.04932e+00    0.00000e+00    0.00000e+00    5.04932e+00    1.20484e+00
   Total Energy  Conserved En.    Temperature Pressure (bar)
    6.25416e+00    8.38551e+01    9.66059e+01   -2.01756e+01

           Step           Time
         186400       93.20000

   Energies (kJ/mol)
           Bond        LJ (SR)   Coulomb (SR)      Potential    Kinetic En.
    1.50141e+00    0.00000e+00    0.00000e+00    1.50141e+00    2.12398e+00
   Total Energy  Conserved En.    Temperature Pressure (bar)
    3.62539e+00    8.31734e+01    1.70304e+02    1.07468e+01

           Step           Time
         186500       93.25000

   Energies (kJ/mol)
           Bond        LJ (SR)   Coulomb (SR)      Potential    Kinetic En.
    2.54488e+00    0.00000e+00    0.00000e+00    2.54488e+00    2.23808e-01
   Total Energy  Conserved En.    Temperature Pressure (bar)
    2.76869e+00    8.38277e+01    1.79453e+01   -1.42527e+01

           Step           Time
         186600       93.30000

   Energies (kJ/mol)
           Bond        LJ (SR)   Coulomb (SR)      Potential    Kinetic En.
    2.71705e+00    0.00000e+00    0.00000e+00    2.71705e+00    1.30210e+00
   Total Energy  Conserved En.    Temperature Pressure (bar)
    4.01915e+00    8.36647e+01    1.04405e+02    1.40673e+01

           Step           Time
         186700       93.35000

   Energies (kJ/mol)
           Bond        LJ (SR)   Coulomb (SR)      Potential    Kinetic En.
    6.27273e+00    0.00000e+00    0.00000e+00    6.27273e+00    2.09694e+00
   Total Energy  Conserved En.    Temperature Pressure (bar)
    8.36967e+00    8.41020e+01    1.68136e+02   -2.24684e+01

           Step           Time
         186800       93.40000

   Energies (kJ/mol)
           Bond        LJ (SR)   Coulomb (SR)      Potential    Kinetic En.
    5.65915e+00    0.00000e+00    0.00000e+00    5.65915e+00    4.99398e+00
   Total Energy  Conserved En.    Temperature Pressure (bar)
    1.06531e+01    8.36432e+01    4.00425e+02    2.05402e+01

           Step           Time
         186900       93.45000

   Energies (kJ/mol)
           Bond        LJ (SR)   Coulomb (SR)      Potential    Kinetic En.
    4.77351e+00    0.00000e+00    0.00000e+00    4.77351e+00    5.56384e+00
   Total Energy  Conserved En.    Temperature Pressure (bar)
    1.03373e+01    8.35872e+01    4.46117e+02   -1.88335e+01

           Step           Time
         187000       93.50000

   Energies (kJ/mol)
           Bond        LJ (SR)   Coulomb (SR)      Potential    Kinetic En.
    4.83802e+00    0.00000e+00    0.00000e+00    4.83802e+00    3.33905e+00
   Total Energy  Conserved En.    Temperature Pressure (bar)
    8.17707e+00    8.41753e+01    2.67730e+02    1.88387e+01

           Step           Time
         187100       93.55000

   Energies (kJ/mol)
           Bond        LJ (SR)   Coulomb (SR)      Potential    Kinetic En.
    6.06247e+00    0.00000e+00    0.00000e+00    6.06247e+00    5.44684e+00
   Total Energy  Conserved En.    Temperature Pressure (bar)
    1.15093e+01    8.41884e+01    4.36736e+02   -2.14851e+01

           Step           Time
         187200       93.60000

   Energies (kJ/mol)
           Bond        LJ (SR)   Coulomb (SR)      Potential    Kinetic En.
    7.05533e+00    0.00000e+00    0.00000e+00    7.05533e+00    5.57779e+00
   Total Energy  Conserved En.    Temperature Pressure (bar)
    1.26331e+01    8.45125e+01    4.47236e+02    2.28073e+01

           Step           Time
         187300       93.65000

   Energies (kJ/mol)
           Bond        LJ (SR)   Coulomb (SR)      Potential    Kinetic En.
    7.91922e+00    0.00000e+00    0.00000e+00    7.91922e+00    4.04995e+00
   Total Energy  Conserved En.    Temperature Pressure (bar)
    1.19692e+01    8.51374e+01    3.24731e+02   -2.51033e+01

           Step           Time
         187400       93.70000

   Energies (kJ/mol)
           Bond        LJ (SR)   Coulomb (SR)      Potential    Kinetic En.
    6.22285e+00    0.00000e+00    0.00000e+00    6.22285e+00    3.35110e+00
   Total Energy  Conserved En.    Temperature Pressure (bar)
    9.57395e+00    8.52335e+01    2.68697e+02    2.11628e+01

           Step           Time
         187500       93.75000

   Energies (kJ/mol)
           Bond        LJ (SR)   Coulomb (SR)      Potential    Kinetic En.
    9.17432e-01    0.00000e+00    0.00000e+00    9.17432e-01    1.97794e+00
   Total Energy  Conserved En.    Temperature Pressure (bar)
    2.89537e+00    8.45098e+01    1.58594e+02   -8.13307e+00

           Step           Time
         187600       93.80000

   Energies (kJ/mol)
           Bond        LJ (SR)   Coulomb (SR)      Potential    Kinetic En.
    4.87800e+00    0.00000e+00    0.00000e+00    4.87800e+00    1.08092e+00
   Total Energy  Conserved En.    Temperature Pressure (bar)
    5.95892e+00    8.50995e+01    8.66700e+01    1.85200e+01

           Step           Time
         187700       93.85000

   Energies (kJ/mol)
           Bond        LJ (SR)   Coulomb (SR)      Potential    Kinetic En.
    4.41466e+00    0.00000e+00    0.00000e+00    4.41466e+00    6.40730e-01
   Total Energy  Conserved En.    Temperature Pressure (bar)
    5.05539e+00    8.53341e+01    5.13747e+01   -1.88960e+01

           Step           Time
         187800       93.90000

   Energies (kJ/mol)
           Bond        LJ (SR)   Coulomb (SR)      Potential    Kinetic En.
    5.40762e+00    0.00000e+00    0.00000e+00    5.40762e+00    1.20890e+00
   Total Energy  Conserved En.    Temperature Pressure (bar)
    6.61652e+00    8.53728e+01    9.69316e+01    1.94647e+01

           Step           Time
         187900       93.95000

   Energies (kJ/mol)
           Bond        LJ (SR)   Coulomb (SR)      Potential    Kinetic En.
    7.41200e+00    0.00000e+00    0.00000e+00    7.41200e+00    5.73241e-01
   Total Energy  Conserved En.    Temperature Pressure (bar)
    7.98524e+00    8.60630e+01    4.59633e+01   -2.48215e+01

           Step           Time
         188000       94.00000

   Energies (kJ/mol)
           Bond        LJ (SR)   Coulomb (SR)      Potential    Kinetic En.
    6.81731e+00    0.00000e+00    0.00000e+00    6.81731e+00    3.97346e+00
   Total Energy  Conserved En.    Temperature Pressure (bar)
    1.07908e+01    8.52478e+01    3.18598e+02    2.21785e+01

           Step           Time
         188100       94.05000

   Energies (kJ/mol)
           Bond        LJ (SR)   Coulomb (SR)      Potential    Kinetic En.
    5.52313e+00    0.00000e+00    0.00000e+00    5.52313e+00    4.48552e+00
   Total Energy  Conserved En.    Temperature Pressure (bar)
    1.00086e+01    8.51405e+01    3.59656e+02   -2.05850e+01

           Step           Time
         188200       94.10000

   Energies (kJ/mol)
           Bond        LJ (SR)   Coulomb (SR)      Potential    Kinetic En.
    4.30434e+00    0.00000e+00    0.00000e+00    4.30434e+00    3.84025e+00
   Total Energy  Conserved En.    Temperature Pressure (bar)
    8.14460e+00    8.51899e+01    3.07917e+02    1.79336e+01

           Step           Time
         188300       94.15000

   Energies (kJ/mol)
           Bond        LJ (SR)   Coulomb (SR)      Potential    Kinetic En.
    5.91683e+00    0.00000e+00    0.00000e+00    5.91683e+00    1.95839e+00
   Total Energy  Conserved En.    Temperature Pressure (bar)
    7.87522e+00    8.59249e+01    1.57026e+02   -2.18049e+01

           Step           Time
         188400       94.20000

   Energies (kJ/mol)
           Bond        LJ (SR)   Coulomb (SR)      Potential    Kinetic En.
    3.79775e+00    0.00000e+00    0.00000e+00    3.79775e+00    1.60856e+00
   Total Energy  Conserved En.    Temperature Pressure (bar)
    5.40631e+00    8.58310e+01    1.28977e+02    1.65420e+01

           Step           Time
         188500       94.25000

   Energies (kJ/mol)
           Bond        LJ (SR)   Coulomb (SR)      Potential    Kinetic En.
    6.60328e+00    0.00000e+00    0.00000e+00    6.60328e+00    1.06633e+00
   Total Energy  Conserved En.    Temperature Pressure (bar)
    7.66961e+00    8.63602e+01    8.54997e+01   -2.32695e+01

           Step           Time
         188600       94.30000

   Energies (kJ/mol)
           Bond        LJ (SR)   Coulomb (SR)      Potential    Kinetic En.
    5.80056e+00    0.00000e+00    0.00000e+00    5.80056e+00    2.23638e-01
   Total Energy  Conserved En.    Temperature Pressure (bar)
    6.02420e+00    8.69324e+01    1.79317e+01    1.99470e+01

           Step           Time
         188700       94.35000

   Energies (kJ/mol)
           Bond        LJ (SR)   Coulomb (SR)      Potential    Kinetic En.
    3.95625e+00    0.00000e+00    0.00000e+00    3.95625e+00    2.24093e-01
   Total Energy  Conserved En.    Temperature Pressure (bar)
    4.18035e+00    8.74537e+01    1.79681e+01   -1.79157e+01

           Step           Time
         188800       94.40000

   Energies (kJ/mol)
           Bond        LJ (SR)   Coulomb (SR)      Potential    Kinetic En.
    3.08708e+00    0.00000e+00    0.00000e+00    3.08708e+00    1.95122e-01
   Total Energy  Conserved En.    Temperature Pressure (bar)
    3.28220e+00    8.75179e+01    1.56452e+01    1.47553e+01

           Step           Time
         188900       94.45000

   Energies (kJ/mol)
           Bond        LJ (SR)   Coulomb (SR)      Potential    Kinetic En.
    1.09158e+01    0.00000e+00    0.00000e+00    1.09158e+01    8.53894e-01
   Total Energy  Conserved En.    Temperature Pressure (bar)
    1.17697e+01    8.76420e+01    6.84666e+01   -3.04271e+01

           Step           Time
         189000       94.50000

   Energies (kJ/mol)
           Bond        LJ (SR)   Coulomb (SR)      Potential    Kinetic En.
    9.09295e+00    0.00000e+00    0.00000e+00    9.09295e+00    3.37159e-01
   Total Energy  Conserved En.    Temperature Pressure (bar)
    9.43011e+00    8.74220e+01    2.70339e+01    2.46677e+01

           Step           Time
         189100       94.55000

   Energies (kJ/mol)
           Bond        LJ (SR)   Coulomb (SR)      Potential    Kinetic En.
    8.82605e+00    0.00000e+00    0.00000e+00    8.82605e+00    1.78033e-01
   Total Energy  Conserved En.    Temperature Pressure (bar)
    9.00408e+00    8.72544e+01    1.42750e+01   -2.72910e+01

           Step           Time
         189200       94.60000

   Energies (kJ/mol)
           Bond        LJ (SR)   Coulomb (SR)      Potential    Kinetic En.
    6.31208e+00    0.00000e+00    0.00000e+00    6.31208e+00    1.82823e-01
   Total Energy  Conserved En.    Temperature Pressure (bar)
    6.49491e+00    8.75255e+01    1.46590e+01    2.07541e+01

           Step           Time
         189300       94.65000

   Energies (kJ/mol)
           Bond        LJ (SR)   Coulomb (SR)      Potential    Kinetic En.
    9.51495e+00    0.00000e+00    0.00000e+00    9.51495e+00    1.88242e-01
   Total Energy  Conserved En.    Temperature Pressure (bar)
    9.70319e+00    8.75043e+01    1.50936e+01   -2.83961e+01

           Step           Time
         189400       94.70000

   Energies (kJ/mol)
           Bond        LJ (SR)   Coulomb (SR)      Potential    Kinetic En.
    9.39485e+00    0.00000e+00    0.00000e+00    9.39485e+00    6.89411e-01
   Total Energy  Conserved En.    Temperature Pressure (bar)
    1.00843e+01    8.83611e+01    5.52781e+01    2.51075e+01

           Step           Time
         189500       94.75000

   Energies (kJ/mol)
           Bond        LJ (SR)   Coulomb (SR)      Potential    Kinetic En.
    1.46532e+01    0.00000e+00    0.00000e+00    1.46532e+01    4.05065e-01
   Total Energy  Conserved En.    Temperature Pressure (bar)
    1.50583e+01    8.81656e+01    3.24788e+01   -3.57014e+01

           Step           Time
         189600       94.80000

   Energies (kJ/mol)
           Bond        LJ (SR)   Coulomb (SR)      Potential    Kinetic En.
    1.23681e+01    0.00000e+00    0.00000e+00    1.23681e+01    2.64594e-01
   Total Energy  Conserved En.    Temperature Pressure (bar)
    1.26327e+01    8.81189e+01    2.12156e+01    2.84420e+01

           Step           Time
         189700       94.85000

   Energies (kJ/mol)
           Bond        LJ (SR)   Coulomb (SR)      Potential    Kinetic En.
    9.55321e+00    0.00000e+00    0.00000e+00    9.55321e+00    3.32542e-01
   Total Energy  Conserved En.    Temperature Pressure (bar)
    9.88575e+00    8.84334e+01    2.66637e+01   -2.84316e+01

           Step           Time
         189800       94.90000

   Energies (kJ/mol)
           Bond        LJ (SR)   Coulomb (SR)      Potential    Kinetic En.
    6.95785e+00    0.00000e+00    0.00000e+00    6.95785e+00    6.80874e-01
   Total Energy  Conserved En.    Temperature Pressure (bar)
    7.63872e+00    8.88541e+01    5.45935e+01    2.18172e+01

           Step           Time
         189900       94.95000

   Energies (kJ/mol)
           Bond        LJ (SR)   Coulomb (SR)      Potential    Kinetic En.
    5.38372e+00    0.00000e+00    0.00000e+00    5.38372e+00    1.01518e+00
   Total Energy  Conserved En.    Temperature Pressure (bar)
    6.39890e+00    8.91831e+01    8.13987e+01   -2.09019e+01

           Step           Time
         190000       95.00000

   Energies (kJ/mol)
           Bond        LJ (SR)   Coulomb (SR)      Potential    Kinetic En.
    5.72999e+00    0.00000e+00    0.00000e+00    5.72999e+00    1.10792e+00
   Total Energy  Conserved En.    Temperature Pressure (bar)
    6.83791e+00    8.93735e+01    8.88348e+01    1.99846e+01

           Step           Time
         190100       95.05000

   Energies (kJ/mol)
           Bond        LJ (SR)   Coulomb (SR)      Potential    Kinetic En.
    3.29357e+00    0.00000e+00    0.00000e+00    3.29357e+00    3.41240e-01
   Total Energy  Conserved En.    Temperature Pressure (bar)
    3.63481e+00    8.92215e+01    2.73611e+01   -1.62682e+01

           Step           Time
         190200       95.10000

   Energies (kJ/mol)
           Bond        LJ (SR)   Coulomb (SR)      Potential    Kinetic En.
    4.54583e+00    0.00000e+00    0.00000e+00    4.54583e+00    1.47993e+00
   Total Energy  Conserved En.    Temperature Pressure (bar)
    6.02577e+00    8.96728e+01    1.18664e+02    1.79820e+01

           Step           Time
         190300       95.15000

   Energies (kJ/mol)
           Bond        LJ (SR)   Coulomb (SR)      Potential    Kinetic En.
    3.52473e+00    0.00000e+00    0.00000e+00    3.52473e+00    1.65830e-01
   Total Energy  Conserved En.    Temperature Pressure (bar)
    3.69056e+00    8.92750e+01    1.32965e+01   -1.68821e+01

           Step           Time
         190400       95.20000

   Energies (kJ/mol)
           Bond        LJ (SR)   Coulomb (SR)      Potential    Kinetic En.
    2.36363e+00    0.00000e+00    0.00000e+00    2.36363e+00    6.50827e-01
   Total Energy  Conserved En.    Temperature Pressure (bar)
    3.01446e+00    8.88689e+01    5.21843e+01    1.30526e+01

           Step           Time
         190500       95.25000

   Energies (kJ/mol)
           Bond        LJ (SR)   Coulomb (SR)      Potential    Kinetic En.
    1.20018e+00    0.00000e+00    0.00000e+00    1.20018e+00    5.81556e-01
   Total Energy  Conserved En.    Temperature Pressure (bar)
    1.78174e+00    8.87577e+01    4.66301e+01   -9.61912e+00

           Step           Time
         190600       95.30000

   Energies (kJ/mol)
           Bond        LJ (SR)   Coulomb (SR)      Potential    Kinetic En.
    5.97368e+00    0.00000e+00    0.00000e+00    5.97368e+00    1.60634e+00
   Total Energy  Conserved En.    Temperature Pressure (bar)
    7.58002e+00    8.89880e+01    1.28799e+02    2.04660e+01

           Step           Time
         190700       95.35000

   Energies (kJ/mol)
           Bond        LJ (SR)   Coulomb (SR)      Potential    Kinetic En.
    5.79960e+00    0.00000e+00    0.00000e+00    5.79960e+00    2.66582e+00
   Total Energy  Conserved En.    Temperature Pressure (bar)
    8.46543e+00    8.88512e+01    2.13750e+02   -2.14520e+01

           Step           Time
         190800       95.40000

   Energies (kJ/mol)
           Bond        LJ (SR)   Coulomb (SR)      Potential    Kinetic En.
    3.56837e+00    0.00000e+00    0.00000e+00    3.56837e+00    3.91199e+00
   Total Energy  Conserved En.    Temperature Pressure (bar)
    7.48036e+00    8.84215e+01    3.13669e+02    1.64611e+01

           Step           Time
         190900       95.45000

   Energies (kJ/mol)
           Bond        LJ (SR)   Coulomb (SR)      Potential    Kinetic En.
    4.28778e+00    0.00000e+00    0.00000e+00    4.28778e+00    2.10851e+00
   Total Energy  Conserved En.    Temperature Pressure (bar)
    6.39630e+00    8.90319e+01    1.69064e+02   -1.83562e+01

           Step           Time
         191000       95.50000

   Energies (kJ/mol)
           Bond        LJ (SR)   Coulomb (SR)      Potential    Kinetic En.
    5.09053e+00    0.00000e+00    0.00000e+00    5.09053e+00    9.40062e-01
   Total Energy  Conserved En.    Temperature Pressure (bar)
    6.03060e+00    8.95707e+01    7.53756e+01    1.88721e+01

           Step           Time
         191100       95.55000

   Energies (kJ/mol)
           Bond        LJ (SR)   Coulomb (SR)      Potential    Kinetic En.
    4.05696e+00    0.00000e+00    0.00000e+00    4.05696e+00    2.33205e+00
   Total Energy  Conserved En.    Temperature Pressure (bar)
    6.38901e+00    8.92212e+01    1.86987e+02   -1.77869e+01

           Step           Time
         191200       95.60000

   Energies (kJ/mol)
           Bond        LJ (SR)   Coulomb (SR)      Potential    Kinetic En.
    4.82734e+00    0.00000e+00    0.00000e+00    4.82734e+00    1.46523e+00
   Total Energy  Conserved En.    Temperature Pressure (bar)
    6.29257e+00    8.96809e+01    1.17484e+02    1.84954e+01

           Step           Time
         191300       95.65000

   Energies (kJ/mol)
           Bond        LJ (SR)   Coulomb (SR)      Potential    Kinetic En.
    3.00643e+00    0.00000e+00    0.00000e+00    3.00643e+00    2.46482e+00
   Total Energy  Conserved En.    Temperature Pressure (bar)
    5.47125e+00    8.92800e+01    1.97633e+02   -1.51486e+01

           Step           Time
         191400       95.70000

   Energies (kJ/mol)
           Bond        LJ (SR)   Coulomb (SR)      Potential    Kinetic En.
    2.49365e+00    0.00000e+00    0.00000e+00    2.49365e+00    1.91719e+00
   Total Energy  Conserved En.    Temperature Pressure (bar)
    4.41084e+00    8.93814e+01    1.53723e+02    1.36114e+01

           Step           Time
         191500       95.75000

   Energies (kJ/mol)
           Bond        LJ (SR)   Coulomb (SR)      Potential    Kinetic En.
    4.73054e+00    0.00000e+00    0.00000e+00    4.73054e+00    2.97473e+00
   Total Energy  Conserved En.    Temperature Pressure (bar)
    7.70527e+00    8.96584e+01    2.38519e+02   -1.91884e+01

           Step           Time
         191600       95.80000

   Energies (kJ/mol)
           Bond        LJ (SR)   Coulomb (SR)      Potential    Kinetic En.
    5.25209e+00    0.00000e+00    0.00000e+00    5.25209e+00    1.37393e+00
   Total Energy  Conserved En.    Temperature Pressure (bar)
    6.62601e+00    9.02130e+01    1.10164e+02    1.92277e+01

           Step           Time
         191700       95.85000

   Energies (kJ/mol)
           Bond        LJ (SR)   Coulomb (SR)      Potential    Kinetic En.
    4.23817e+00    0.00000e+00    0.00000e+00    4.23817e+00    2.13337e+00
   Total Energy  Conserved En.    Temperature Pressure (bar)
    6.37154e+00    9.00060e+01    1.71057e+02   -1.82390e+01

           Step           Time
         191800       95.90000

   Energies (kJ/mol)
           Bond        LJ (SR)   Coulomb (SR)      Potential    Kinetic En.
    5.43333e+00    0.00000e+00    0.00000e+00    5.43333e+00    4.82049e+00
   Total Energy  Conserved En.    Temperature Pressure (bar)
    1.02538e+01    8.99051e+01    3.86514e+02    2.01329e+01

           Step           Time
         191900       95.95000

   Energies (kJ/mol)
           Bond        LJ (SR)   Coulomb (SR)      Potential    Kinetic En.
    7.35283e+00    0.00000e+00    0.00000e+00    7.35283e+00    7.50197e+00
   Total Energy  Conserved En.    Temperature Pressure (bar)
    1.48548e+01    9.00318e+01    6.01520e+02   -2.35182e+01

           Step           Time
         192000       96.00000

   Energies (kJ/mol)
           Bond        LJ (SR)   Coulomb (SR)      Potential    Kinetic En.
    6.19840e+00    0.00000e+00    0.00000e+00    6.19840e+00    7.29472e+00
   Total Energy  Conserved En.    Temperature Pressure (bar)
    1.34931e+01    9.00989e+01    5.84902e+02    2.18065e+01

           Step           Time
         192100       96.05000

   Energies (kJ/mol)
           Bond        LJ (SR)   Coulomb (SR)      Potential    Kinetic En.
    9.94356e+00    0.00000e+00    0.00000e+00    9.94356e+00    7.27671e+00
   Total Energy  Conserved En.    Temperature Pressure (bar)
    1.72203e+01    9.09839e+01    5.83458e+02   -2.78407e+01

           Step           Time
         192200       96.10000

   Energies (kJ/mol)
           Bond        LJ (SR)   Coulomb (SR)      Potential    Kinetic En.
    4.22082e+00    0.00000e+00    0.00000e+00    4.22082e+00    5.57589e+00
   Total Energy  Conserved En.    Temperature Pressure (bar)
    9.79671e+00    9.03185e+01    4.47083e+02    1.80726e+01

           Step           Time
         192300       96.15000

   Energies (kJ/mol)
           Bond        LJ (SR)   Coulomb (SR)      Potential    Kinetic En.
    7.06054e+00    0.00000e+00    0.00000e+00    7.06054e+00    4.83628e+00
   Total Energy  Conserved En.    Temperature Pressure (bar)
    1.18968e+01    9.10899e+01    3.87781e+02   -2.34560e+01

           Step           Time
         192400       96.20000

   Energies (kJ/mol)
           Bond        LJ (SR)   Coulomb (SR)      Potential    Kinetic En.
    6.31123e+00    0.00000e+00    0.00000e+00    6.31123e+00    4.87814e+00
   Total Energy  Conserved En.    Temperature Pressure (bar)
    1.11894e+01    9.12038e+01    3.91137e+02    2.15649e+01

           Step           Time
         192500       96.25000

   Energies (kJ/mol)
           Bond        LJ (SR)   Coulomb (SR)      Potential    Kinetic En.
    2.71071e+00    0.00000e+00    0.00000e+00    2.71071e+00    4.47074e+00
   Total Energy  Conserved En.    Temperature Pressure (bar)
    7.18145e+00    9.07395e+01    3.58471e+02   -1.39909e+01

           Step           Time
         192600       96.30000

   Energies (kJ/mol)
           Bond        LJ (SR)   Coulomb (SR)      Potential    Kinetic En.
    3.68681e+00    0.00000e+00    0.00000e+00    3.68681e+00    4.03179e+00
   Total Energy  Conserved En.    Temperature Pressure (bar)
    7.71860e+00    9.11061e+01    3.23275e+02    1.67313e+01

           Step           Time
         192700       96.35000

   Energies (kJ/mol)
           Bond        LJ (SR)   Coulomb (SR)      Potential    Kinetic En.
    6.06663e+00    0.00000e+00    0.00000e+00    6.06663e+00    4.36856e+00
   Total Energy  Conserved En.    Temperature Pressure (bar)
    1.04352e+01    9.15981e+01    3.50278e+02   -2.16796e+01

           Step           Time
         192800       96.40000

   Energies (kJ/mol)
           Bond        LJ (SR)   Coulomb (SR)      Potential    Kinetic En.
    4.27348e+00    0.00000e+00    0.00000e+00    4.27348e+00    2.87704e+00
   Total Energy  Conserved En.    Temperature Pressure (bar)
    7.15052e+00    9.17728e+01    2.30685e+02    1.77076e+01

           Step           Time
         192900       96.45000

   Energies (kJ/mol)
           Bond        LJ (SR)   Coulomb (SR)      Potential    Kinetic En.
    4.55339e+00    0.00000e+00    0.00000e+00    4.55339e+00    5.23171e+00
   Total Energy  Conserved En.    Temperature Pressure (bar)
    9.78510e+00    9.16238e+01    4.19487e+02   -1.84104e+01

           Step           Time
         193000       96.50000

   Energies (kJ/mol)
           Bond        LJ (SR)   Coulomb (SR)      Potential    Kinetic En.
    6.51386e+00    0.00000e+00    0.00000e+00    6.51386e+00    4.32611e+00
   Total Energy  Conserved En.    Temperature Pressure (bar)
    1.08400e+01    9.23194e+01    3.46874e+02    2.17817e+01

           Step           Time
         193100       96.55000

   Energies (kJ/mol)
           Bond        LJ (SR)   Coulomb (SR)      Potential    Kinetic En.
    5.09498e+00    0.00000e+00    0.00000e+00    5.09498e+00    3.48640e+00
   Total Energy  Conserved En.    Temperature Pressure (bar)
    8.58138e+00    9.24123e+01    2.79545e+02   -1.98768e+01

           Step           Time
         193200       96.60000

   Energies (kJ/mol)
           Bond        LJ (SR)   Coulomb (SR)      Potential    Kinetic En.
    7.37859e+00    0.00000e+00    0.00000e+00    7.37859e+00    8.08826e+00
   Total Energy  Conserved En.    Temperature Pressure (bar)
    1.54668e+01    9.23234e+01    6.48529e+02    2.37080e+01

           Step           Time
         193300       96.65000

   Energies (kJ/mol)
           Bond        LJ (SR)   Coulomb (SR)      Potential    Kinetic En.
    1.05999e+01    0.00000e+00    0.00000e+00    1.05999e+01    8.36368e+00
   Total Energy  Conserved En.    Temperature Pressure (bar)
    1.89636e+01    9.31012e+01    6.70613e+02   -2.86554e+01

           Step           Time
         193400       96.70000

   Energies (kJ/mol)
           Bond        LJ (SR)   Coulomb (SR)      Potential    Kinetic En.
    1.16828e+01    0.00000e+00    0.00000e+00    1.16828e+01    7.34396e+00
   Total Energy  Conserved En.    Temperature Pressure (bar)
    1.90267e+01    9.37507e+01    5.88850e+02    2.89270e+01

           Step           Time
         193500       96.75000

   Energies (kJ/mol)
           Bond        LJ (SR)   Coulomb (SR)      Potential    Kinetic En.
    1.63678e+01    0.00000e+00    0.00000e+00    1.63678e+01    6.60913e+00
   Total Energy  Conserved En.    Temperature Pressure (bar)
    2.29770e+01    9.49173e+01    5.29931e+02   -3.68157e+01

           Step           Time
         193600       96.80000

   Energies (kJ/mol)
           Bond        LJ (SR)   Coulomb (SR)      Potential    Kinetic En.
    1.26674e+01    0.00000e+00    0.00000e+00    1.26674e+01    7.35954e+00
   Total Energy  Conserved En.    Temperature Pressure (bar)
    2.00269e+01    9.46428e+01    5.90100e+02    2.99847e+01

           Step           Time
         193700       96.85000

   Energies (kJ/mol)
           Bond        LJ (SR)   Coulomb (SR)      Potential    Kinetic En.
    1.59123e+01    0.00000e+00    0.00000e+00    1.59123e+01    8.19641e+00
   Total Energy  Conserved En.    Temperature Pressure (bar)
    2.41087e+01    9.52620e+01    6.57201e+02   -3.59700e+01

           Step           Time
         193800       96.90000

   Energies (kJ/mol)
           Bond        LJ (SR)   Coulomb (SR)      Potential    Kinetic En.
    1.06674e+01    0.00000e+00    0.00000e+00    1.06674e+01    8.80533e+00
   Total Energy  Conserved En.    Temperature Pressure (bar)
    1.94727e+01    9.46638e+01    7.06025e+02    2.80364e+01

           Step           Time
         193900       96.95000

   Energies (kJ/mol)
           Bond        LJ (SR)   Coulomb (SR)      Potential    Kinetic En.
    7.08151e+00    0.00000e+00    0.00000e+00    7.08151e+00    6.33133e+00
   Total Energy  Conserved En.    Temperature Pressure (bar)
    1.34128e+01    9.47340e+01    5.07656e+02   -2.32354e+01

           Step           Time
         194000       97.00000

   Energies (kJ/mol)
           Bond        LJ (SR)   Coulomb (SR)      Potential    Kinetic En.
    9.26357e+00    0.00000e+00    0.00000e+00    9.26357e+00    3.42213e+00
   Total Energy  Conserved En.    Temperature Pressure (bar)
    1.26857e+01    9.58884e+01    2.74392e+02    2.54163e+01

           Step           Time
         194100       97.05000

   Energies (kJ/mol)
           Bond        LJ (SR)   Coulomb (SR)      Potential    Kinetic En.
    7.67339e+00    0.00000e+00    0.00000e+00    7.67339e+00    2.04827e+00
   Total Energy  Conserved En.    Temperature Pressure (bar)
    9.72166e+00    9.63013e+01    1.64233e+02   -2.50247e+01

           Step           Time
         194200       97.10000

   Energies (kJ/mol)
           Bond        LJ (SR)   Coulomb (SR)      Potential    Kinetic En.
    5.73162e+00    0.00000e+00    0.00000e+00    5.73162e+00    1.36356e+00
   Total Energy  Conserved En.    Temperature Pressure (bar)
    7.09518e+00    9.64481e+01    1.09332e+02    2.00315e+01

           Step           Time
         194300       97.15000

   Energies (kJ/mol)
           Bond        LJ (SR)   Coulomb (SR)      Potential    Kinetic En.
    8.36106e+00    0.00000e+00    0.00000e+00    8.36106e+00    3.36309e+00
   Total Energy  Conserved En.    Temperature Pressure (bar)
    1.17241e+01    9.64142e+01    2.69658e+02   -2.59710e+01

           Step           Time
         194400       97.20000

   Energies (kJ/mol)
           Bond        LJ (SR)   Coulomb (SR)      Potential    Kinetic En.
    8.31688e+00    0.00000e+00    0.00000e+00    8.31688e+00    5.13572e+00
   Total Energy  Conserved En.    Temperature Pressure (bar)
    1.34526e+01    9.62885e+01    4.11790e+02    2.44897e+01

           Step           Time
         194500       97.25000

   Energies (kJ/mol)
           Bond        LJ (SR)   Coulomb (SR)      Potential    Kinetic En.
    7.15062e+00    0.00000e+00    0.00000e+00    7.15062e+00    2.38697e+00
   Total Energy  Conserved En.    Temperature Pressure (bar)
    9.53759e+00    9.69624e+01    1.91391e+02   -2.40420e+01

           Step           Time
         194600       97.30000

   Energies (kJ/mol)
           Bond        LJ (SR)   Coulomb (SR)      Potential    Kinetic En.
    3.14984e+00    0.00000e+00    0.00000e+00    3.14984e+00    2.81460e+00
   Total Energy  Conserved En.    Temperature Pressure (bar)
    5.96444e+00    9.64030e+01    2.25679e+02    1.53519e+01

           Step           Time
         194700       97.35000

   Energies (kJ/mol)
           Bond        LJ (SR)   Coulomb (SR)      Potential    Kinetic En.
    3.68584e+00    0.00000e+00    0.00000e+00    3.68584e+00    2.63421e+00
   Total Energy  Conserved En.    Temperature Pressure (bar)
    6.32005e+00    9.66150e+01    2.11215e+02   -1.68514e+01

           Step           Time
         194800       97.40000

   Energies (kJ/mol)
           Bond        LJ (SR)   Coulomb (SR)      Potential    Kinetic En.
    2.81981e+00    0.00000e+00    0.00000e+00    2.81981e+00    2.23262e+00
   Total Energy  Conserved En.    Temperature Pressure (bar)
    5.05243e+00    9.66577e+01    1.79015e+02    1.44787e+01

           Step           Time
         194900       97.45000

   Energies (kJ/mol)
           Bond        LJ (SR)   Coulomb (SR)      Potential    Kinetic En.
    4.42058e+00    0.00000e+00    0.00000e+00    4.42058e+00    1.02442e-01
   Total Energy  Conserved En.    Temperature Pressure (bar)
    4.52302e+00    9.77937e+01    8.21396e+00   -1.90024e+01

           Step           Time
         195000       97.50000

   Energies (kJ/mol)
           Bond        LJ (SR)   Coulomb (SR)      Potential    Kinetic En.
    3.74675e+00    0.00000e+00    0.00000e+00    3.74675e+00    7.41695e-02
   Total Energy  Conserved En.    Temperature Pressure (bar)
    3.82092e+00    9.78938e+01    5.94703e+00    1.61714e+01

           Step           Time
         195100       97.55000

   Energies (kJ/mol)
           Bond        LJ (SR)   Coulomb (SR)      Potential    Kinetic En.
    2.34847e+00    0.00000e+00    0.00000e+00    2.34847e+00    1.19053e-01
   Total Energy  Conserved En.    Temperature Pressure (bar)
    2.46752e+00    9.77658e+01    9.54586e+00   -1.36916e+01

           Step           Time
         195200       97.60000

   Energies (kJ/mol)
           Bond        LJ (SR)   Coulomb (SR)      Potential    Kinetic En.
    2.45882e+00    0.00000e+00    0.00000e+00    2.45882e+00    3.59319e-01
   Total Energy  Conserved En.    Temperature Pressure (bar)
    2.81814e+00    9.76976e+01    2.88108e+01    1.32518e+01

           Step           Time
         195300       97.65000

   Energies (kJ/mol)
           Bond        LJ (SR)   Coulomb (SR)      Potential    Kinetic En.
    4.17004e+00    0.00000e+00    0.00000e+00    4.17004e+00    5.47381e-01
   Total Energy  Conserved En.    Temperature Pressure (bar)
    4.71742e+00    9.78286e+01    4.38899e+01   -1.83572e+01

           Step           Time
         195400       97.70000

   Energies (kJ/mol)
           Bond        LJ (SR)   Coulomb (SR)      Potential    Kinetic En.
    1.00729e+01    0.00000e+00    0.00000e+00    1.00729e+01    2.06038e+00
   Total Energy  Conserved En.    Temperature Pressure (bar)
    1.21333e+01    9.78562e+01    1.65204e+02    2.61710e+01

           Step           Time
         195500       97.75000

   Energies (kJ/mol)
           Bond        LJ (SR)   Coulomb (SR)      Potential    Kinetic En.
    8.73981e+00    0.00000e+00    0.00000e+00    8.73981e+00    2.00887e+00
   Total Energy  Conserved En.    Temperature Pressure (bar)
    1.07487e+01    9.79218e+01    1.61074e+02   -2.68331e+01

           Step           Time
         195600       97.80000

   Energies (kJ/mol)
           Bond        LJ (SR)   Coulomb (SR)      Potential    Kinetic En.
    7.83226e+00    0.00000e+00    0.00000e+00    7.83226e+00    4.56508e+00
   Total Energy  Conserved En.    Temperature Pressure (bar)
    1.23973e+01    9.74210e+01    3.66035e+02    2.37344e+01

           Step           Time
         195700       97.85000

   Energies (kJ/mol)
           Bond        LJ (SR)   Coulomb (SR)      Potential    Kinetic En.
    5.43043e+00    0.00000e+00    0.00000e+00    5.43043e+00    7.93928e+00
   Total Energy  Conserved En.    Temperature Pressure (bar)
    1.33697e+01    9.67207e+01    6.36584e+02   -1.97995e+01

           Step           Time
         195800       97.90000

   Energies (kJ/mol)
           Bond        LJ (SR)   Coulomb (SR)      Potential    Kinetic En.
    8.20277e+00    0.00000e+00    0.00000e+00    8.20277e+00    5.05840e+00
   Total Energy  Conserved En.    Temperature Pressure (bar)
    1.32612e+01    9.78091e+01    4.05590e+02    2.43237e+01

           Step           Time
         195900       97.95000

   Energies (kJ/mol)
           Bond        LJ (SR)   Coulomb (SR)      Potential    Kinetic En.
    1.33697e+01    0.00000e+00    0.00000e+00    1.33697e+01    7.08595e+00
   Total Energy  Conserved En.    Temperature Pressure (bar)
    2.04556e+01    9.83492e+01    5.68162e+02   -3.28348e+01

           Step           Time
         196000       98.00000

   Energies (kJ/mol)
           Bond        LJ (SR)   Coulomb (SR)      Potential    Kinetic En.
    1.15800e+01    0.00000e+00    0.00000e+00    1.15800e+01    7.86341e+00
   Total Energy  Conserved En.    Temperature Pressure (bar)
    1.94434e+01    9.82795e+01    6.30501e+02    2.89037e+01

           Step           Time
         196100       98.05000

   Energies (kJ/mol)
           Bond        LJ (SR)   Coulomb (SR)      Potential    Kinetic En.
    1.79340e+01    0.00000e+00    0.00000e+00    1.79340e+01    1.18424e+01
   Total Energy  Conserved En.    Temperature Pressure (bar)
    2.97765e+01    9.89391e+01    9.49544e+02   -3.78236e+01

           Step           Time
         196200       98.10000

   Energies (kJ/mol)
           Bond        LJ (SR)   Coulomb (SR)      Potential    Kinetic En.
    1.22695e+01    0.00000e+00    0.00000e+00    1.22695e+01    1.62094e+01
   Total Energy  Conserved En.    Temperature Pressure (bar)
    2.84789e+01    9.77367e+01    1.29970e+03    3.10950e+01

           Step           Time
         196300       98.15000

   Energies (kJ/mol)
           Bond        LJ (SR)   Coulomb (SR)      Potential    Kinetic En.
    1.00040e+01    0.00000e+00    0.00000e+00    1.00040e+01    1.10395e+01
   Total Energy  Conserved En.    Temperature Pressure (bar)
    2.10435e+01    9.84475e+01    8.85166e+02   -2.72834e+01

           Step           Time
         196400       98.20000

   Energies (kJ/mol)
           Bond        LJ (SR)   Coulomb (SR)      Potential    Kinetic En.
    1.22520e+01    0.00000e+00    0.00000e+00    1.22520e+01    6.62049e+00
   Total Energy  Conserved En.    Temperature Pressure (bar)
    1.88725e+01    9.98372e+01    5.30841e+02    2.94178e+01

           Step           Time
         196500       98.25000

   Energies (kJ/mol)
           Bond        LJ (SR)   Coulomb (SR)      Potential    Kinetic En.
    8.17376e+00    0.00000e+00    0.00000e+00    8.17376e+00    6.55796e+00
   Total Energy  Conserved En.    Temperature Pressure (bar)
    1.47317e+01    9.94648e+01    5.25827e+02   -2.51030e+01

           Step           Time
         196600       98.30000

   Energies (kJ/mol)
           Bond        LJ (SR)   Coulomb (SR)      Potential    Kinetic En.
    5.85214e+00    0.00000e+00    0.00000e+00    5.85214e+00    7.68646e+00
   Total Energy  Conserved En.    Temperature Pressure (bar)
    1.35386e+01    9.91037e+01    6.16312e+02    2.13217e+01

           Step           Time
         196700       98.35000

   Energies (kJ/mol)
           Bond        LJ (SR)   Coulomb (SR)      Potential    Kinetic En.
    1.10982e+01    0.00000e+00    0.00000e+00    1.10982e+01    9.62662e+00
   Total Energy  Conserved En.    Temperature Pressure (bar)
    2.07249e+01    9.98968e+01    7.71878e+02   -2.91801e+01

           Step           Time
         196800       98.40000

   Energies (kJ/mol)
           Bond        LJ (SR)   Coulomb (SR)      Potential    Kinetic En.
    6.96859e+00    0.00000e+00    0.00000e+00    6.96859e+00    1.27852e+01
   Total Energy  Conserved En.    Temperature Pressure (bar)
    1.97538e+01    9.89557e+01    1.02514e+03    2.39267e+01

           Step           Time
         196900       98.45000

   Energies (kJ/mol)
           Bond        LJ (SR)   Coulomb (SR)      Potential    Kinetic En.
    7.66819e+00    0.00000e+00    0.00000e+00    7.66819e+00    1.19199e+01
   Total Energy  Conserved En.    Temperature Pressure (bar)
    1.95881e+01    9.95254e+01    9.55758e+02   -2.33083e+01

           Step           Time
         197000       98.50000

   Energies (kJ/mol)
           Bond        LJ (SR)   Coulomb (SR)      Potential    Kinetic En.
    6.34393e+00    0.00000e+00    0.00000e+00    6.34393e+00    7.94812e+00
   Total Energy  Conserved En.    Temperature Pressure (bar)
    1.42921e+01    1.00075e+02    6.37293e+02    2.21467e+01

           Step           Time
         197100       98.55000

   Energies (kJ/mol)
           Bond        LJ (SR)   Coulomb (SR)      Potential    Kinetic En.
    2.00448e+00    0.00000e+00    0.00000e+00    2.00448e+00    1.57365e+01
   Total Energy  Conserved En.    Temperature Pressure (bar)
    1.77410e+01    9.84963e+01    1.26178e+03   -9.91765e+00

           Step           Time
         197200       98.60000

   Energies (kJ/mol)
           Bond        LJ (SR)   Coulomb (SR)      Potential    Kinetic En.
    7.81075e-01    0.00000e+00    0.00000e+00    7.81075e-01    9.37216e+00
   Total Energy  Conserved En.    Temperature Pressure (bar)
    1.01532e+01    9.85275e+01    7.51475e+02    9.15965e+00

           Step           Time
         197300       98.65000

   Energies (kJ/mol)
           Bond        LJ (SR)   Coulomb (SR)      Potential    Kinetic En.
    8.27336e-01    0.00000e+00    0.00000e+00    8.27336e-01    4.33745e+00
   Total Energy  Conserved En.    Temperature Pressure (bar)
    5.16479e+00    9.89695e+01    3.47784e+02   -7.29044e+00

           Step           Time
         197400       98.70000

   Energies (kJ/mol)
           Bond        LJ (SR)   Coulomb (SR)      Potential    Kinetic En.
    6.18507e-01    0.00000e+00    0.00000e+00    6.18507e-01    2.92262e+00
   Total Energy  Conserved En.    Temperature Pressure (bar)
    3.54113e+00    9.90807e+01    2.34341e+02    7.22706e+00

           Step           Time
         197500       98.75000

   Energies (kJ/mol)
           Bond        LJ (SR)   Coulomb (SR)      Potential    Kinetic En.
    1.16947e-01    0.00000e+00    0.00000e+00    1.16947e-01    4.02968e+00
   Total Energy  Conserved En.    Temperature Pressure (bar)
    4.14663e+00    9.88539e+01    3.23106e+02   -2.29247e+00

           Step           Time
         197600       98.80000

   Energies (kJ/mol)
           Bond        LJ (SR)   Coulomb (SR)      Potential    Kinetic En.
    1.15669e+00    0.00000e+00    0.00000e+00    1.15669e+00    5.65433e+00
   Total Energy  Conserved En.    Temperature Pressure (bar)
    6.81102e+00    9.96464e+01    4.53373e+02    1.01161e+01

           Step           Time
         197700       98.85000

   Energies (kJ/mol)
           Bond        LJ (SR)   Coulomb (SR)      Potential    Kinetic En.
    1.14048e+00    0.00000e+00    0.00000e+00    1.14048e+00    6.01056e+00
   Total Energy  Conserved En.    Temperature Pressure (bar)
    7.15103e+00    9.97781e+01    4.81936e+02   -8.43013e+00

           Step           Time
         197800       98.90000

   Energies (kJ/mol)
           Bond        LJ (SR)   Coulomb (SR)      Potential    Kinetic En.
    5.19340e-01    0.00000e+00    0.00000e+00    5.19340e-01    3.33196e+00
   Total Energy  Conserved En.    Temperature Pressure (bar)
    3.85130e+00    9.98367e+01    2.67162e+02    6.74370e+00

           Step           Time
         197900       98.95000

   Energies (kJ/mol)
           Bond        LJ (SR)   Coulomb (SR)      Potential    Kinetic En.
    3.25621e-01    0.00000e+00    0.00000e+00    3.25621e-01    2.66735e+00
   Total Energy  Conserved En.    Temperature Pressure (bar)
    2.99297e+00    9.98855e+01    2.13872e+02   -4.54956e+00

           Step           Time
         198000       99.00000

   Energies (kJ/mol)
           Bond        LJ (SR)   Coulomb (SR)      Potential    Kinetic En.
    9.36206e-03    0.00000e+00    0.00000e+00    9.36206e-03    1.51292e+00
   Total Energy  Conserved En.    Temperature Pressure (bar)
    1.52228e+00    9.97431e+01    1.21308e+02   -5.80042e-01

           Step           Time
         198100       99.05000

   Energies (kJ/mol)
           Bond        LJ (SR)   Coulomb (SR)      Potential    Kinetic En.
    2.12729e-01    0.00000e+00    0.00000e+00    2.12729e-01    1.81495e+00
   Total Energy  Conserved En.    Temperature Pressure (bar)
    2.02768e+00    9.97279e+01    1.45525e+02    4.28182e+00

           Step           Time
         198200       99.10000

   Energies (kJ/mol)
           Bond        LJ (SR)   Coulomb (SR)      Potential    Kinetic En.
    1.18011e+00    0.00000e+00    0.00000e+00    1.18011e+00    4.38246e-01
   Total Energy  Conserved En.    Temperature Pressure (bar)
    1.61836e+00    9.95793e+01    3.51392e+01   -9.56057e+00

           Step           Time
         198300       99.15000

   Energies (kJ/mol)
           Bond        LJ (SR)   Coulomb (SR)      Potential    Kinetic En.
    1.82742e+00    0.00000e+00    0.00000e+00    1.82742e+00    1.72878e+00
   Total Energy  Conserved En.    Temperature Pressure (bar)
    3.55620e+00    9.98160e+01    1.38616e+02    1.17204e+01

           Step           Time
         198400       99.20000

   Energies (kJ/mol)
           Bond        LJ (SR)   Coulomb (SR)      Potential    Kinetic En.
    6.80172e-01    0.00000e+00    0.00000e+00    6.80172e-01    1.14810e+00
   Total Energy  Conserved En.    Temperature Pressure (bar)
    1.82827e+00    9.98732e+01    9.20562e+01   -7.07989e+00

           Step           Time
         198500       99.25000

   Energies (kJ/mol)
           Bond        LJ (SR)   Coulomb (SR)      Potential    Kinetic En.
    5.09880e-02    0.00000e+00    0.00000e+00    5.09880e-02    2.62784e+00
   Total Energy  Conserved En.    Temperature Pressure (bar)
    2.67883e+00    1.00147e+02    2.10705e+02    2.40632e+00

           Step           Time
         198600       99.30000

   Energies (kJ/mol)
           Bond        LJ (SR)   Coulomb (SR)      Potential    Kinetic En.
    3.32087e-01    0.00000e+00    0.00000e+00    3.32087e-01    4.43365e+00
   Total Energy  Conserved En.    Temperature Pressure (bar)
    4.76573e+00    1.00528e+02    3.55497e+02    5.71302e+00

           Step           Time
         198700       99.35000

   Energies (kJ/mol)
           Bond        LJ (SR)   Coulomb (SR)      Potential    Kinetic En.
    6.48198e-01    0.00000e+00    0.00000e+00    6.48198e-01    3.68337e+00
   Total Energy  Conserved En.    Temperature Pressure (bar)
    4.33157e+00    1.00743e+02    2.95338e+02   -6.46549e+00

           Step           Time
         198800       99.40000

   Energies (kJ/mol)
           Bond        LJ (SR)   Coulomb (SR)      Potential    Kinetic En.
    4.79692e-01    0.00000e+00    0.00000e+00    4.79692e-01    3.05065e+00
   Total Energy  Conserved En.    Temperature Pressure (bar)
    3.53034e+00    1.00815e+02    2.44606e+02    6.45832e+00

           Step           Time
         198900       99.45000

   Energies (kJ/mol)
           Bond        LJ (SR)   Coulomb (SR)      Potential    Kinetic En.
    2.88298e-01    0.00000e+00    0.00000e+00    2.88298e-01    1.58831e+00
   Total Energy  Conserved En.    Temperature Pressure (bar)
    1.87661e+00    1.00907e+02    1.27353e+02   -4.43716e+00

           Step           Time
         199000       99.50000

   Energies (kJ/mol)
           Bond        LJ (SR)   Coulomb (SR)      Potential    Kinetic En.
    7.01018e-01    0.00000e+00    0.00000e+00    7.01018e-01    1.07593e+00
   Total Energy  Conserved En.    Temperature Pressure (bar)
    1.77695e+00    1.01163e+02    8.62701e+01    7.33459e+00

           Step           Time
         199100       99.55000

   Energies (kJ/mol)
           Bond        LJ (SR)   Coulomb (SR)      Potential    Kinetic En.
    2.52209e-01    0.00000e+00    0.00000e+00    2.52209e-01    2.22452e+00
   Total Energy  Conserved En.    Temperature Pressure (bar)
    2.47673e+00    1.00971e+02    1.78365e+02   -4.01932e+00

           Step           Time
         199200       99.60000

   Energies (kJ/mol)
           Bond        LJ (SR)   Coulomb (SR)      Potential    Kinetic En.
    2.12718e-01    0.00000e+00    0.00000e+00    2.12718e-01    3.84749e+00
   Total Energy  Conserved En.    Temperature Pressure (bar)
    4.06021e+00    1.01046e+02    3.08498e+02    4.63329e+00

           Step           Time
         199300       99.65000

   Energies (kJ/mol)
           Bond        LJ (SR)   Coulomb (SR)      Potential    Kinetic En.
    5.27864e-01    0.00000e+00    0.00000e+00    5.27864e-01    3.81754e+00
   Total Energy  Conserved En.    Temperature Pressure (bar)
    4.34540e+00    1.01264e+02    3.06096e+02   -5.73933e+00

           Step           Time
         199400       99.70000

   Energies (kJ/mol)
           Bond        LJ (SR)   Coulomb (SR)      Potential    Kinetic En.
    2.20264e+00    0.00000e+00    0.00000e+00    2.20264e+00    4.85419e+00
   Total Energy  Conserved En.    Temperature Pressure (bar)
    7.05683e+00    1.00308e+02    3.89216e+02   -1.24276e+01

           Step           Time
         199500       99.75000

   Energies (kJ/mol)
           Bond        LJ (SR)   Coulomb (SR)      Potential    Kinetic En.
    2.75501e+00    0.00000e+00    0.00000e+00    2.75501e+00    3.84170e+00
   Total Energy  Conserved En.    Temperature Pressure (bar)
    6.59671e+00    1.00269e+02    3.08034e+02    1.45997e+01

           Step           Time
         199600       99.80000

   Energies (kJ/mol)
           Bond        LJ (SR)   Coulomb (SR)      Potential    Kinetic En.
    1.65326e+00    0.00000e+00    0.00000e+00    1.65326e+00    2.47952e+00
   Total Energy  Conserved En.    Temperature Pressure (bar)
    4.13278e+00    1.00276e+02    1.98812e+02   -1.10212e+01

           Step           Time
         199700       99.85000

   Energies (kJ/mol)
           Bond        LJ (SR)   Coulomb (SR)      Potential    Kinetic En.
    4.17498e+00    0.00000e+00    0.00000e+00    4.17498e+00    4.47180e+00
   Total Energy  Conserved En.    Temperature Pressure (bar)
    8.64678e+00    1.00371e+02    3.58556e+02    1.77925e+01

           Step           Time
         199800       99.90000

   Energies (kJ/mol)
           Bond        LJ (SR)   Coulomb (SR)      Potential    Kinetic En.
    1.64507e+00    0.00000e+00    0.00000e+00    1.64507e+00    5.84067e+00
   Total Energy  Conserved En.    Temperature Pressure (bar)
    7.48574e+00    1.00944e+02    4.68314e+02   -1.04107e+01

           Step           Time
         199900       99.95000

   Energies (kJ/mol)
           Bond        LJ (SR)   Coulomb (SR)      Potential    Kinetic En.
    5.36775e+00    0.00000e+00    0.00000e+00    5.36775e+00    8.38711e+00
   Total Energy  Conserved En.    Temperature Pressure (bar)
    1.37549e+01    1.00683e+02    6.72492e+02    2.06387e+01

           Step           Time
         200000      100.00000

Writing checkpoint, step 200000 at Tue Feb 10 14:36:31 2026


   Energies (kJ/mol)
           Bond        LJ (SR)   Coulomb (SR)      Potential    Kinetic En.
    3.40038e+00    0.00000e+00    0.00000e+00    3.40038e+00    8.65749e+00
   Total Energy  Conserved En.    Temperature Pressure (bar)
    1.20579e+01    1.01178e+02    6.94171e+02   -1.51016e+01


Energy conservation over simulation part #1 of length 100 ps, time 0 to 100 ps
  Conserved energy drift: 5.06e-01 kJ/mol/ps per atom


	<======  ###############  ==>
	<====  A V E R A G E S  ====>
	<==  ###############  ======>

	Statistics over 200001 steps using 2001 frames

   Energies (kJ/mol)
           Bond        LJ (SR)   Coulomb (SR)      Potential    Kinetic En.
    4.13007e+00    0.00000e+00    0.00000e+00    4.13007e+00    3.63045e+00
   Total Energy  Conserved En.    Temperature Pressure (bar)
    7.76052e+00    4.18534e+01    2.91095e+02   -7.67128e-02

   Total Virial (kJ/mol)
    4.07394e+00    0.00000e+00    0.00000e+00
    0.00000e+00    0.00000e+00    0.00000e+00
    0.00000e+00    0.00000e+00    0.00000e+00

   Pressure (bar)
   -2.30138e-01    0.00000e+00    0.00000e+00
    0.00000e+00    0.00000e+00    0.00000e+00
    0.00000e+00    0.00000e+00    0.00000e+00


	M E G A - F L O P S   A C C O U N T I N G

 NB=Group-cutoff nonbonded kernels    NxN=N-by-N cluster Verlet kernels
 RF=Reaction-Field  VdW=Van der Waals  QSTab=quadratic-spline table
 W3=SPC/TIP3p  W4=TIP4p (single or pairs)
 V&F=Potential and force  V=Potential only  F=Force only

 Computing:                               M-Number         M-Flops  % Flops
-----------------------------------------------------------------------------
 Shift-X                                  0.004002           0.024     0.2
 Bonds                                    0.200001          11.800    81.8
 Virial                                   0.094047           1.693    11.7
 Stop-CM                                  0.004004           0.040     0.3
 Calc-Ekin                                0.032004           0.864     6.0
-----------------------------------------------------------------------------
 Total                                                      14.421   100.0
-----------------------------------------------------------------------------


      R E A L   C Y C L E   A N D   T I M E   A C C O U N T I N G

On 1 MPI rank, each using 16 OpenMP threads

 Activity:              Num   Num      Call    Wall time         Giga-Cycles
                        Ranks Threads  Count      (s)         total sum    %
--------------------------------------------------------------------------------
 Neighbor search           1   16       2001       0.054          2.131   0.1
 Force                     1   16     200001       3.438        136.759   7.6
 NB X/F buffer ops.        1   16     398001       3.238        128.800   7.2
 Write traj.               1   16     200001      32.563       1295.380  72.1
 Update                    1   16     200001       4.082        162.381   9.0
 Rest                                              1.814         72.149   4.0
--------------------------------------------------------------------------------
 Total                                            45.187       1797.600 100.0
--------------------------------------------------------------------------------

               Core t (s)   Wall t (s)        (%)
       Time:      722.982       45.187     1600.0
                 (ns/day)    (hour/ns)
Performance:      191.205        0.126
Finished mdrun on rank 0 Tue Feb 10 14:36:31 2026

